{
  "izbori": "Zastupnički izbori 2024",
  "datum": "17.04.2024.",
  "vrijeme": "21:45",
  "izboriOznaka": "02",
  "ijSifra": "006",
  "bmSifra": "000",
  "ijNaziv": "VI. IZBORNA JEDINICA",
  "gropNaziv": "BRDOVEC",
  "bmNaziv": "",
  "bmZatvoreno": 4,
  "bmUkupno": 12,
  "biraciUkupno": 1858,
  "biraciGlasovalo": 1201,
  "biraciGlasovaloPosto": "64,64",
  "listiciUkupno": 1201,
  "listiciVazeci": 1172,
  "listiciVazeciPosto": "97,59",
  "listiciNevazeci": 29,
  "listiciNevazeciPosto": "2,41",
  "napomena": "* - objavljeni rezultati sadrže podatke samo s redovnih biračkih mjesta",
  "napomena2": "",
  "lista": [{
    "rbr": 1,
    "stranke": [
      {"naziv": "SOCIJALDEMOKRATSKA PARTIJA HRVATSKE - SDP"},
      {"naziv": "CENTAR"},
      {"naziv": "HRVATSKA SELJAČKA STRANKA - HSS"},
      {"naziv": "\"DALIJA OREŠKOVIĆ I LJUDI S IMENOM I PREZIMENOM\" - \"DO i SIP\""},
      {"naziv": "NARODNA STRANKA - REFORMISTI - REFORMISTI"},
      {"naziv": "GRAĐANSKO-LIBERALNI SAVEZ - GLAS"}
    ],
    "jedinstvenaSifra": "004017162179244306",
    "glasova": 392,
    "naziv": "SDP, CENTAR, HSS, \"DO i SIP\", REFORMISTI, GLAS",
    "posto": "33,44",
    "lista": [{
      "rbr": 1,
      "naziv": "MIHAEL ZMAJLOVIĆ",
      "glasova": 30,
      "posto": "7,65"
    },{
      "rbr": 2,
      "naziv": "MARIJA LUGARIĆ",
      "glasova": 4,
      "posto": "1,02"
    },{
      "rbr": 3,
      "naziv": "KREŠO BELJAK",
      "glasova": 25,
      "posto": "6,37"
    },{
      "rbr": 4,
      "naziv": "IVAN RAČAN",
      "glasova": 13,
      "posto": "3,31"
    },{
      "rbr": 5,
      "naziv": "SANJA MAJOR",
      "glasova": 3,
      "posto": "0,76"
    },{
      "rbr": 6,
      "naziv": "ZVONIMIR NOVOSEL",
      "glasova": 2,
      "posto": "0,51"
    },{
      "rbr": 7,
      "naziv": "MAJA GRAČANIN",
      "glasova": 2,
      "posto": "0,51"
    },{
      "rbr": 8,
      "naziv": "ALEN ČIČAK",
      "glasova": 1,
      "posto": "0,25"
    },{
      "rbr": 9,
      "naziv": "SUZANNA BUČIĆ",
      "glasova": 1,
      "posto": "0,25"
    },{
      "rbr": 10,
      "naziv": "ALEN PRELEC",
      "glasova": 116,
      "posto": "29,59"
    },{
      "rbr": 11,
      "naziv": "DARKO VULETIĆ",
      "glasova": 0,
      "posto": "0,00"
    },{
      "rbr": 12,
      "naziv": "IVANA FUNDURULIĆ",
      "glasova": 1,
      "posto": "0,25"
    },{
      "rbr": 13,
      "naziv": "MARTA ANA CESAR",
      "glasova": 1,
      "posto": "0,25"
    },{
      "rbr": 14,
      "naziv": "ALKA VUICA",
      "glasova": 16,
      "posto": "4,08"
    }]
  },{
    "rbr": 2,
    "stranke": [
      {"naziv": "HRVATSKA DEMOKRATSKA ZAJEDNICA - HDZ"},
      {"naziv": "HRVATSKA SOCIJALNO - LIBERALNA STRANKA - HSLS"},
      {"naziv": "HRVATSKA DEMOKRŠĆANSKA STRANKA - HDS"},
      {"naziv": "HRVATSKA NARODNA STRANKA - LIBERALNI DEMOKRATI - HNS"},
      {"naziv": "HRVATSKA STRANKA UMIROVLJENIKA - HSU"}
    ],
    "jedinstvenaSifra": "001002003011023",
    "glasova": 264,
    "naziv": "HDZ, HSLS, HDS, HNS, HSU",
    "posto": "22,52",
    "lista": [{
      "rbr": 1,
      "naziv": "DAVOR BOŽINOVIĆ",
      "glasova": 72,
      "posto": "27,27"
    },{
      "rbr": 2,
      "naziv": "VILI BEROŠ",
      "glasova": 8,
      "posto": "3,03"
    },{
      "rbr": 3,
      "naziv": "MISLAV HERMAN",
      "glasova": 6,
      "posto": "2,27"
    },{
      "rbr": 4,
      "naziv": "MARKO PRIMORAC",
      "glasova": 4,
      "posto": "1,51"
    },{
      "rbr": 5,
      "naziv": "ŽELJKO TURK",
      "glasova": 41,
      "posto": "15,53"
    },{
      "rbr": 6,
      "naziv": "DAVOR IVO STIER",
      "glasova": 16,
      "posto": "6,06"
    },{
      "rbr": 7,
      "naziv": "RADOVAN FUCHS",
      "glasova": 1,
      "posto": "0,37"
    },{
      "rbr": 8,
      "naziv": "MARKO PAVIĆ",
      "glasova": 1,
      "posto": "0,37"
    },{
      "rbr": 9,
      "naziv": "DANIJELA BLAŽANOVIĆ",
      "glasova": 0,
      "posto": "0,00"
    },{
      "rbr": 10,
      "naziv": "MIRJANA KUJUNDŽIĆ TILJAK",
      "glasova": 0,
      "posto": "0,00"
    },{
      "rbr": 11,
      "naziv": "TOMISLAV DULIBIĆ",
      "glasova": 4,
      "posto": "1,51"
    },{
      "rbr": 12,
      "naziv": "MARIJA VRHOVSKI",
      "glasova": 0,
      "posto": "0,00"
    },{
      "rbr": 13,
      "naziv": "IVAN ĆELIĆ",
      "glasova": 4,
      "posto": "1,51"
    },{
      "rbr": 14,
      "naziv": "MILJENKO FILIPOVIĆ",
      "glasova": 6,
      "posto": "2,27"
    }]
  },{
    "rbr": 3,
    "stranke": [
      {"naziv": "MOŽEMO! - POLITIČKA PLATFORMA"}
    ],
    "jedinstvenaSifra": "255",
    "glasova": 138,
    "naziv": "MOŽEMO! - POLITIČKA PLATFORMA",
    "posto": "11,77",
    "lista": [{
      "rbr": 1,
      "naziv": "TOMISLAV TOMAŠEVIĆ",
      "glasova": 44,
      "posto": "31,88"
    },{
      "rbr": 2,
      "naziv": "URŠA RAUKAR-GAMULIN",
      "glasova": 8,
      "posto": "5,79"
    },{
      "rbr": 3,
      "naziv": "GORDAN BOSANAC",
      "glasova": 0,
      "posto": "0,00"
    },{
      "rbr": 4,
      "naziv": "RADA BORIĆ",
      "glasova": 0,
      "posto": "0,00"
    },{
      "rbr": 5,
      "naziv": "MARIN ŽIVKOVIĆ",
      "glasova": 0,
      "posto": "0,00"
    },{
      "rbr": 6,
      "naziv": "MARIJANA RIMANIĆ",
      "glasova": 0,
      "posto": "0,00"
    },{
      "rbr": 7,
      "naziv": "TOMISLAV VUKOJA",
      "glasova": 0,
      "posto": "0,00"
    },{
      "rbr": 8,
      "naziv": "IVANA BRAJDIĆ",
      "glasova": 1,
      "posto": "0,72"
    },{
      "rbr": 9,
      "naziv": "ZVONIMIR GLAVAŠ",
      "glasova": 2,
      "posto": "1,44"
    },{
      "rbr": 10,
      "naziv": "ALEKSANDAR HATZIVELKOS",
      "glasova": 0,
      "posto": "0,00"
    },{
      "rbr": 11,
      "naziv": "NENAD LJUBIĆ",
      "glasova": 0,
      "posto": "0,00"
    },{
      "rbr": 12,
      "naziv": "ELVIRA MULIĆ",
      "glasova": 1,
      "posto": "0,72"
    },{
      "rbr": 13,
      "naziv": "DONAT RADAS",
      "glasova": 0,
      "posto": "0,00"
    },{
      "rbr": 14,
      "naziv": "MARIJANA SUMPOR",
      "glasova": 0,
      "posto": "0,00"
    }]
  },{
    "rbr": 4,
    "stranke": [
      {"naziv": "MOST"},
      {"naziv": "HRVATSKI SUVERENISTI"},
      {"naziv": "HRVATSKA KONZERVATIVNA STRANKA - HKS"},
      {"naziv": "NEZAVISNA LISTA MLADIH - NLM"}
    ],
    "jedinstvenaSifra": "131165188263",
    "glasova": 117,
    "naziv": "MOST, HRVATSKI SUVERENISTI, HKS, NLM",
    "posto": "9,98",
    "lista": [{
      "rbr": 1,
      "naziv": "NIKOLA GRMOJA",
      "glasova": 71,
      "posto": "60,68"
    },{
      "rbr": 2,
      "naziv": "MARKO SLADOLJEV",
      "glasova": 5,
      "posto": "4,27"
    },{
      "rbr": 3,
      "naziv": "IVANA KUKOR",
      "glasova": 3,
      "posto": "2,56"
    },{
      "rbr": 4,
      "naziv": "LUKA JOVIĆ",
      "glasova": 3,
      "posto": "2,56"
    },{
      "rbr": 5,
      "naziv": "FILIP FIŠIĆ",
      "glasova": 0,
      "posto": "0,00"
    },{
      "rbr": 6,
      "naziv": "MATEA BARIŠIĆ",
      "glasova": 2,
      "posto": "1,70"
    },{
      "rbr": 7,
      "naziv": "TOMISLAV IVIR",
      "glasova": 0,
      "posto": "0,00"
    },{
      "rbr": 8,
      "naziv": "ANITA RADIČEVIĆ",
      "glasova": 0,
      "posto": "0,00"
    },{
      "rbr": 9,
      "naziv": "IVAN ORLOVIĆ",
      "glasova": 0,
      "posto": "0,00"
    },{
      "rbr": 10,
      "naziv": "ANTONIJA JONJIĆ",
      "glasova": 0,
      "posto": "0,00"
    },{
      "rbr": 11,
      "naziv": "DANIJELA HUBLIN",
      "glasova": 1,
      "posto": "0,85"
    },{
      "rbr": 12,
      "naziv": "LUKA JAJČINOVIĆ",
      "glasova": 2,
      "posto": "1,70"
    },{
      "rbr": 13,
      "naziv": "IVANA FRLJIĆ MARKOVIĆ",
      "glasova": 0,
      "posto": "0,00"
    },{
      "rbr": 14,
      "naziv": "MARKO MILANOVIĆ LITRE",
      "glasova": 2,
      "posto": "1,70"
    }]
  },{
    "rbr": 5,
    "stranke": [
      {"naziv": "DOMOVINSKI POKRET - DP"},
      {"naziv": "PRAVO I PRAVDA"},
      {"naziv": "DEMOKRATSKI HSS - DHSS"},
      {"naziv": "ZELENA LISTA"},
      {"naziv": "AGRAMERI - NEZAVISNA LISTA"}
    ],
    "jedinstvenaSifra": "231267274283312",
    "glasova": 110,
    "naziv": "DP, PRAVO I PRAVDA, DHSS, ZELENA LISTA, AGRAMERI - NEZAVISNA LISTA",
    "posto": "9,38",
    "lista": [{
      "rbr": 1,
      "naziv": "IGOR PETERNEL",
      "glasova": 21,
      "posto": "19,09"
    },{
      "rbr": 2,
      "naziv": "IVAN LOVRINOVIĆ",
      "glasova": 21,
      "posto": "19,09"
    },{
      "rbr": 3,
      "naziv": "SLAVEN DOBROVIĆ",
      "glasova": 3,
      "posto": "2,72"
    },{
      "rbr": 4,
      "naziv": "ŽELJKO PERVAN",
      "glasova": 11,
      "posto": "10,00"
    },{
      "rbr": 5,
      "naziv": "GORDANA JURANKO",
      "glasova": 1,
      "posto": "0,90"
    },{
      "rbr": 6,
      "naziv": "GORAN JELIĆ",
      "glasova": 1,
      "posto": "0,90"
    },{
      "rbr": 7,
      "naziv": "IVAN GRUBIŠIĆ",
      "glasova": 0,
      "posto": "0,00"
    },{
      "rbr": 8,
      "naziv": "BORIS JACOVIĆ",
      "glasova": 0,
      "posto": "0,00"
    },{
      "rbr": 9,
      "naziv": "DAMIR ČIČKO",
      "glasova": 0,
      "posto": "0,00"
    },{
      "rbr": 10,
      "naziv": "LJILJANA POPOVAČKI RAČIĆ",
      "glasova": 0,
      "posto": "0,00"
    },{
      "rbr": 11,
      "naziv": "SNJEŽANA JUKIĆ",
      "glasova": 0,
      "posto": "0,00"
    },{
      "rbr": 12,
      "naziv": "ANKICA HRSAN",
      "glasova": 1,
      "posto": "0,90"
    },{
      "rbr": 13,
      "naziv": "DRAŽEN KÜHN",
      "glasova": 0,
      "posto": "0,00"
    },{
      "rbr": 14,
      "naziv": "DANIEL BABIĆ",
      "glasova": 1,
      "posto": "0,90"
    }]
  },{
    "rbr": 6,
    "stranke": [
      {"naziv": "FOKUS"},
      {"naziv": "REPUBLIKA"}
    ],
    "jedinstvenaSifra": "270310",
    "glasova": 42,
    "naziv": "FOKUS, REPUBLIKA",
    "posto": "3,58",
    "lista": [{
      "rbr": 1,
      "naziv": "DAVOR NAĐI",
      "glasova": 17,
      "posto": "40,47"
    },{
      "rbr": 2,
      "naziv": "PETRA ŠKROBOT",
      "glasova": 0,
      "posto": "0,00"
    },{
      "rbr": 3,
      "naziv": "VEDRAN JERKOVIĆ",
      "glasova": 0,
      "posto": "0,00"
    },{
      "rbr": 4,
      "naziv": "MIROSLAV PUČKO",
      "glasova": 0,
      "posto": "0,00"
    },{
      "rbr": 5,
      "naziv": "MARIO BUDIŠĆAK",
      "glasova": 0,
      "posto": "0,00"
    },{
      "rbr": 6,
      "naziv": "VLATKA PAŽIN",
      "glasova": 0,
      "posto": "0,00"
    },{
      "rbr": 7,
      "naziv": "GORAN NAVOJ",
      "glasova": 0,
      "posto": "0,00"
    },{
      "rbr": 8,
      "naziv": "GORDANA BABIĆ",
      "glasova": 0,
      "posto": "0,00"
    },{
      "rbr": 9,
      "naziv": "GABRIJEL DEAK",
      "glasova": 0,
      "posto": "0,00"
    },{
      "rbr": 10,
      "naziv": "MARIJA LINDIĆ",
      "glasova": 0,
      "posto": "0,00"
    },{
      "rbr": 11,
      "naziv": "SAŠA TOMEČAK",
      "glasova": 0,
      "posto": "0,00"
    },{
      "rbr": 12,
      "naziv": "IVANA MIŠLOV",
      "glasova": 0,
      "posto": "0,00"
    },{
      "rbr": 13,
      "naziv": "DOROTEA GRGEC",
      "glasova": 0,
      "posto": "0,00"
    },{
      "rbr": 14,
      "naziv": "DARIO ZUROVEC",
      "glasova": 4,
      "posto": "9,52"
    }]
  },{
    "rbr": 7,
    "stranke": [
      {"naziv": "UMIROVLJENICI ZAJEDNO - POLITIČKA PLATFORMA - UMIROVLJENICI ZAJEDNO"},
      {"naziv": "STRANKA UMIROVLJENIKA - SU"},
      {"naziv": "BLOK UMIROVLJENICI ZAJEDNO - BUZ"},
      {"naziv": "DEMOKRATSKA STRANKA UMIROVLJENIKA - DSU"}
    ],
    "jedinstvenaSifra": "039041102301",
    "glasova": 28,
    "naziv": "UMIROVLJENICI ZAJEDNO, SU, BUZ, DSU",
    "posto": "2,38",
    "lista": [{
      "rbr": 1,
      "naziv": "LAZAR GRUJIĆ",
      "glasova": 6,
      "posto": "21,42"
    },{
      "rbr": 2,
      "naziv": "MLADEN NOVOSEL",
      "glasova": 3,
      "posto": "10,71"
    },{
      "rbr": 3,
      "naziv": "KATICA BABIĆ",
      "glasova": 2,
      "posto": "7,14"
    },{
      "rbr": 4,
      "naziv": "ĐURO MUČNJAK",
      "glasova": 0,
      "posto": "0,00"
    },{
      "rbr": 5,
      "naziv": "RENATA TRESELJ",
      "glasova": 0,
      "posto": "0,00"
    },{
      "rbr": 6,
      "naziv": "EDUARD MISSONI",
      "glasova": 1,
      "posto": "3,57"
    },{
      "rbr": 7,
      "naziv": "DUBRAVKO ČAČKOVIĆ",
      "glasova": 2,
      "posto": "7,14"
    },{
      "rbr": 8,
      "naziv": "TOMISLAVA DEDIĆ",
      "glasova": 0,
      "posto": "0,00"
    },{
      "rbr": 9,
      "naziv": "NEVENKA PINCULIĆ",
      "glasova": 0,
      "posto": "0,00"
    },{
      "rbr": 10,
      "naziv": "DARKO VRKLJAN",
      "glasova": 0,
      "posto": "0,00"
    },{
      "rbr": 11,
      "naziv": "DRAGAN MOMČILOVIĆ",
      "glasova": 0,
      "posto": "0,00"
    },{
      "rbr": 12,
      "naziv": "DRAGICA MUČNJAK",
      "glasova": 0,
      "posto": "0,00"
    },{
      "rbr": 13,
      "naziv": "DARKO JUREC",
      "glasova": 0,
      "posto": "0,00"
    },{
      "rbr": 14,
      "naziv": "VLATKA NOVOSEL",
      "glasova": 1,
      "posto": "3,57"
    }]
  },{
    "rbr": 8,
    "stranke": [
      {"naziv": "STRANKA IVANA PERNARA"}
    ],
    "jedinstvenaSifra": "259",
    "glasova": 23,
    "naziv": "STRANKA IVANA PERNARA",
    "posto": "1,96",
    "lista": [{
      "rbr": 1,
      "naziv": "IVAN PERNAR",
      "glasova": 15,
      "posto": "65,21"
    },{
      "rbr": 2,
      "naziv": "VINKO KOJUNDŽIĆ",
      "glasova": 0,
      "posto": "0,00"
    },{
      "rbr": 3,
      "naziv": "GORANKA DOROTIĆ",
      "glasova": 2,
      "posto": "8,69"
    },{
      "rbr": 4,
      "naziv": "DEJAN KLJAJIĆ",
      "glasova": 0,
      "posto": "0,00"
    },{
      "rbr": 5,
      "naziv": "ZORAN GUNJEVIĆ",
      "glasova": 0,
      "posto": "0,00"
    },{
      "rbr": 6,
      "naziv": "MISLAV PERKUŠIĆ",
      "glasova": 0,
      "posto": "0,00"
    },{
      "rbr": 7,
      "naziv": "IVANKA LEPEJ",
      "glasova": 0,
      "posto": "0,00"
    },{
      "rbr": 8,
      "naziv": "ANA-MARIJA BARNJAK LOVRIĆ",
      "glasova": 0,
      "posto": "0,00"
    },{
      "rbr": 9,
      "naziv": "EDIN ČAUŠEVIĆ",
      "glasova": 2,
      "posto": "8,69"
    },{
      "rbr": 10,
      "naziv": "SANJA VUKELIĆ",
      "glasova": 1,
      "posto": "4,34"
    },{
      "rbr": 11,
      "naziv": "MARLON WURTZ GABROVEC",
      "glasova": 0,
      "posto": "0,00"
    },{
      "rbr": 12,
      "naziv": "RUŽA FRANJIČEVIĆ",
      "glasova": 0,
      "posto": "0,00"
    },{
      "rbr": 13,
      "naziv": "PAVAO LUTRING",
      "glasova": 0,
      "posto": "0,00"
    },{
      "rbr": 14,
      "naziv": "MATEA ĐURIĆ",
      "glasova": 0,
      "posto": "0,00"
    }]
  },{
    "rbr": 9,
    "stranke": [
      {"naziv": "ODLUČNOST I PRAVEDNOST - OIP"}
    ],
    "jedinstvenaSifra": "300",
    "glasova": 19,
    "naziv": "OIP",
    "posto": "1,62",
    "lista": [{
      "rbr": 1,
      "naziv": "DAVOR KRIVSKI",
      "glasova": 3,
      "posto": "15,78"
    },{
      "rbr": 2,
      "naziv": "IVICA KOVAČIĆ",
      "glasova": 1,
      "posto": "5,26"
    },{
      "rbr": 3,
      "naziv": "KRISTIJAN MILOŠ",
      "glasova": 0,
      "posto": "0,00"
    },{
      "rbr": 4,
      "naziv": "CARLO KOSIJER",
      "glasova": 1,
      "posto": "5,26"
    },{
      "rbr": 5,
      "naziv": "MIROSLAV KUŠEK",
      "glasova": 0,
      "posto": "0,00"
    },{
      "rbr": 6,
      "naziv": "KATARINA KOVAČEVIĆ",
      "glasova": 0,
      "posto": "0,00"
    },{
      "rbr": 7,
      "naziv": "KRISTINA ZEČEVIĆ",
      "glasova": 0,
      "posto": "0,00"
    },{
      "rbr": 8,
      "naziv": "TOMISLAV POŽEGA",
      "glasova": 0,
      "posto": "0,00"
    },{
      "rbr": 9,
      "naziv": "ZDENKO ČIČEK",
      "glasova": 0,
      "posto": "0,00"
    },{
      "rbr": 10,
      "naziv": "DRAŽEN RUNJE",
      "glasova": 1,
      "posto": "5,26"
    },{
      "rbr": 11,
      "naziv": "BRANISLAV MIHALJEVIĆ",
      "glasova": 1,
      "posto": "5,26"
    },{
      "rbr": 12,
      "naziv": "LAURA PODOBNIK",
      "glasova": 0,
      "posto": "0,00"
    },{
      "rbr": 13,
      "naziv": "DARIJA BADROV",
      "glasova": 0,
      "posto": "0,00"
    },{
      "rbr": 14,
      "naziv": "MARIJANA ŠIMUNIĆ RAIČ",
      "glasova": 0,
      "posto": "0,00"
    }]
  },{
    "rbr": 10,
    "stranke": [
      {"naziv": "NEOVISNA LISTA - DAMIR-KRISTIJAN ROGINA"}
    ],
    "jedinstvenaSifra": "4610",
    "glasova": 15,
    "naziv": "NEOVISNA LISTA - DAMIR-KRISTIJAN ROGINA",
    "posto": "1,27",
    "lista": [{
      "rbr": 1,
      "naziv": "DAMIR-KRISTIJAN ROGINA",
      "glasova": 1,
      "posto": "6,66"
    },{
      "rbr": 2,
      "naziv": "JOSIPA JURIČEV-SUDAC",
      "glasova": 3,
      "posto": "20,00"
    },{
      "rbr": 3,
      "naziv": "MICHAEL SHARP",
      "glasova": 1,
      "posto": "6,66"
    },{
      "rbr": 4,
      "naziv": "DANIJEL GRGIČIN",
      "glasova": 1,
      "posto": "6,66"
    },{
      "rbr": 5,
      "naziv": "ZRINKA KIRETA",
      "glasova": 0,
      "posto": "0,00"
    },{
      "rbr": 6,
      "naziv": "SNJEŽANA AGOSTINI",
      "glasova": 0,
      "posto": "0,00"
    },{
      "rbr": 7,
      "naziv": "KREŠIMIR DROPULJIĆ",
      "glasova": 0,
      "posto": "0,00"
    },{
      "rbr": 8,
      "naziv": "TOMISLAV ČOLAKIĆ",
      "glasova": 0,
      "posto": "0,00"
    },{
      "rbr": 9,
      "naziv": "KRISTINA FILIPOVIĆ",
      "glasova": 0,
      "posto": "0,00"
    },{
      "rbr": 10,
      "naziv": "JOSIP GOLOJUH",
      "glasova": 0,
      "posto": "0,00"
    },{
      "rbr": 11,
      "naziv": "ŽELJKO SONIČKI",
      "glasova": 0,
      "posto": "0,00"
    },{
      "rbr": 12,
      "naziv": "ZORICA ŠAMIJA",
      "glasova": 0,
      "posto": "0,00"
    },{
      "rbr": 13,
      "naziv": "VALENTINA PAVLAKOVIĆ",
      "glasova": 0,
      "posto": "0,00"
    },{
      "rbr": 14,
      "naziv": "IRENA FRANCEKOVIĆ",
      "glasova": 1,
      "posto": "6,66"
    }]
  },{
    "rbr": 11,
    "stranke": [
      {"naziv": "HRVATSKA STRANKA PRAVA - HSP"},
      {"naziv": "HRVATSKO BILO"},
      {"naziv": "HRVATSKA DEMOKRATSKA SELJAČKA STRANKA - HDSS"}
    ],
    "jedinstvenaSifra": "007018308",
    "glasova": 8,
    "naziv": "HSP, HRVATSKO BILO, HDSS",
    "posto": "0,68",
    "lista": [{
      "rbr": 1,
      "naziv": "MARKO JURIĆ",
      "glasova": 6,
      "posto": "75,00"
    },{
      "rbr": 2,
      "naziv": "IVAN ILIČIĆ",
      "glasova": 0,
      "posto": "0,00"
    },{
      "rbr": 3,
      "naziv": "JOZO KRAJINOVIĆ",
      "glasova": 0,
      "posto": "0,00"
    },{
      "rbr": 4,
      "naziv": "MARIJAN SMILJANIĆ",
      "glasova": 0,
      "posto": "0,00"
    },{
      "rbr": 5,
      "naziv": "MELANI BILKIĆ",
      "glasova": 0,
      "posto": "0,00"
    },{
      "rbr": 6,
      "naziv": "ANTONIJA MARJANOVIĆ",
      "glasova": 0,
      "posto": "0,00"
    },{
      "rbr": 7,
      "naziv": "IVAN PANDŽA",
      "glasova": 0,
      "posto": "0,00"
    },{
      "rbr": 8,
      "naziv": "MIRA ILIČIĆ",
      "glasova": 0,
      "posto": "0,00"
    },{
      "rbr": 9,
      "naziv": "SNJEŽANA BILKIĆ",
      "glasova": 0,
      "posto": "0,00"
    },{
      "rbr": 10,
      "naziv": "ANTE MARJANOVIĆ",
      "glasova": 0,
      "posto": "0,00"
    },{
      "rbr": 11,
      "naziv": "ANKICA MATIJEVIĆ",
      "glasova": 0,
      "posto": "0,00"
    },{
      "rbr": 12,
      "naziv": "MIRA SMILJANIĆ",
      "glasova": 0,
      "posto": "0,00"
    },{
      "rbr": 13,
      "naziv": "DRAGAN POCRNJA",
      "glasova": 0,
      "posto": "0,00"
    },{
      "rbr": 14,
      "naziv": "DOMAGOJ PINTARIĆ",
      "glasova": 0,
      "posto": "0,00"
    }]
  },{
    "rbr": 12,
    "stranke": [
      {"naziv": "HRVATSKA STRANKA GRAĐANSKOG OTPORA - HSGO"}
    ],
    "jedinstvenaSifra": "247",
    "glasova": 4,
    "naziv": "HSGO",
    "posto": "0,34",
    "lista": [{
      "rbr": 1,
      "naziv": "JOSIP BABOK",
      "glasova": 1,
      "posto": "25,00"
    },{
      "rbr": 2,
      "naziv": "TOMO BILOGRIVIĆ",
      "glasova": 0,
      "posto": "0,00"
    },{
      "rbr": 3,
      "naziv": "VESNA WEISS",
      "glasova": 0,
      "posto": "0,00"
    },{
      "rbr": 4,
      "naziv": "JASMINKA GAZILJ",
      "glasova": 0,
      "posto": "0,00"
    },{
      "rbr": 5,
      "naziv": "ERBLIND STAJKI",
      "glasova": 0,
      "posto": "0,00"
    },{
      "rbr": 6,
      "naziv": "SUZANA KIRCHOFER",
      "glasova": 1,
      "posto": "25,00"
    },{
      "rbr": 7,
      "naziv": "ZORAN OBADIĆ",
      "glasova": 0,
      "posto": "0,00"
    },{
      "rbr": 8,
      "naziv": "JULIA RENDULIĆ",
      "glasova": 0,
      "posto": "0,00"
    },{
      "rbr": 9,
      "naziv": "ZLATKO ŠVARC",
      "glasova": 0,
      "posto": "0,00"
    },{
      "rbr": 10,
      "naziv": "EDINA TOMAN",
      "glasova": 0,
      "posto": "0,00"
    },{
      "rbr": 11,
      "naziv": "DRAGO VALENČAK",
      "glasova": 0,
      "posto": "0,00"
    },{
      "rbr": 12,
      "naziv": "JASMINE KOS MARKULIN",
      "glasova": 0,
      "posto": "0,00"
    },{
      "rbr": 13,
      "naziv": "TOMISLAV BAVARČIĆ",
      "glasova": 0,
      "posto": "0,00"
    },{
      "rbr": 14,
      "naziv": "JANJA BABOK",
      "glasova": 0,
      "posto": "0,00"
    }]
  },{
    "rbr": 13,
    "stranke": [
      {"naziv": "POKRET ZA MODERNU HRVATSKU"}
    ],
    "jedinstvenaSifra": "118",
    "glasova": 4,
    "naziv": "POKRET ZA MODERNU HRVATSKU",
    "posto": "0,34",
    "lista": [{
      "rbr": 1,
      "naziv": "DAMIR GAŠPAROVIĆ",
      "glasova": 1,
      "posto": "25,00"
    },{
      "rbr": 2,
      "naziv": "ZDENA MARIĆ",
      "glasova": 0,
      "posto": "0,00"
    },{
      "rbr": 3,
      "naziv": "NEVEN BOTICA",
      "glasova": 0,
      "posto": "0,00"
    },{
      "rbr": 4,
      "naziv": "MIRJANA MIHELJA",
      "glasova": 0,
      "posto": "0,00"
    },{
      "rbr": 5,
      "naziv": "MLADEN FLEGAR",
      "glasova": 0,
      "posto": "0,00"
    },{
      "rbr": 6,
      "naziv": "IVANA PURGAR SABALIĆ",
      "glasova": 0,
      "posto": "0,00"
    },{
      "rbr": 7,
      "naziv": "MLADEN VISKOVIĆ",
      "glasova": 0,
      "posto": "0,00"
    },{
      "rbr": 8,
      "naziv": "JOŽICA KOVAČ",
      "glasova": 0,
      "posto": "0,00"
    },{
      "rbr": 9,
      "naziv": "LJERKO VIČEVIĆ",
      "glasova": 0,
      "posto": "0,00"
    },{
      "rbr": 10,
      "naziv": "LJILJANA PLAVČAK",
      "glasova": 1,
      "posto": "25,00"
    },{
      "rbr": 11,
      "naziv": "SEBASTIJAN BERIŠIĆ",
      "glasova": 0,
      "posto": "0,00"
    },{
      "rbr": 12,
      "naziv": "JASMINKA BUNTIĆ",
      "glasova": 0,
      "posto": "0,00"
    },{
      "rbr": 13,
      "naziv": "ANDRIJA TUCIĆ",
      "glasova": 0,
      "posto": "0,00"
    },{
      "rbr": 14,
      "naziv": "DUBRAVKO PEROŠ",
      "glasova": 0,
      "posto": "0,00"
    }]
  },{
    "rbr": 14,
    "stranke": [
      {"naziv": "AUTOHTONA - HRVATSKA STRANKA PRAVA - DRAŽEN KELEMINEC - A - HSP - Dražen Keleminec"}
    ],
    "jedinstvenaSifra": "049",
    "glasova": 3,
    "naziv": "A - HSP - Dražen Keleminec",
    "posto": "0,25",
    "lista": [{
      "rbr": 1,
      "naziv": "LUKA KOLDŽIĆ",
      "glasova": 1,
      "posto": "33,33"
    },{
      "rbr": 2,
      "naziv": "MIRJANA TOMAC BOŠNJAK",
      "glasova": 0,
      "posto": "0,00"
    },{
      "rbr": 3,
      "naziv": "IVAN ŠTEFANČIĆ",
      "glasova": 0,
      "posto": "0,00"
    },{
      "rbr": 4,
      "naziv": "DARKO KUDELIĆ",
      "glasova": 0,
      "posto": "0,00"
    },{
      "rbr": 5,
      "naziv": "EDITA BUTI",
      "glasova": 1,
      "posto": "33,33"
    },{
      "rbr": 6,
      "naziv": "MIROSLAV BAIĆ",
      "glasova": 0,
      "posto": "0,00"
    },{
      "rbr": 7,
      "naziv": "DRAGICA ŽIROVIĆ",
      "glasova": 0,
      "posto": "0,00"
    },{
      "rbr": 8,
      "naziv": "BRANKO KOLEDIĆ",
      "glasova": 0,
      "posto": "0,00"
    },{
      "rbr": 9,
      "naziv": "SNJEŽANA KUNTIĆ",
      "glasova": 0,
      "posto": "0,00"
    },{
      "rbr": 10,
      "naziv": "BRANKO MAJIĆ",
      "glasova": 0,
      "posto": "0,00"
    },{
      "rbr": 11,
      "naziv": "ANĐELKA MAJIĆ",
      "glasova": 0,
      "posto": "0,00"
    },{
      "rbr": 12,
      "naziv": "GORAN JAKOVIĆ",
      "glasova": 0,
      "posto": "0,00"
    },{
      "rbr": 13,
      "naziv": "IVAN GANŽULIĆ",
      "glasova": 0,
      "posto": "0,00"
    },{
      "rbr": 14,
      "naziv": "RUŽICA PAVUSA",
      "glasova": 0,
      "posto": "0,00"
    }]
  },{
    "rbr": 15,
    "stranke": [
      {"naziv": "SOCIJALDEMOKRATI"},
      {"naziv": "ISTARSKI DEMOKRATSKI SABOR - IDS"},
      {"naziv": "PRIMORSKO GORANSKI SAVEZ - PGS"},
      {"naziv": "HRVATSKI LABURISTI - STRANKA RADA - LABURISTI"},
      {"naziv": "DEMOKRATI"}
    ],
    "jedinstvenaSifra": "005006100251299",
    "glasova": 3,
    "naziv": "SOCIJALDEMOKRATI, IDS, PGS, LABURISTI, DEMOKRATI",
    "posto": "0,25",
    "lista": [{
      "rbr": 1,
      "naziv": "NIKŠA VUKAS",
      "glasova": 1,
      "posto": "33,33"
    },{
      "rbr": 2,
      "naziv": "ALEKSANDRA BIŠKUPEC ŠEVIĆ",
      "glasova": 0,
      "posto": "0,00"
    },{
      "rbr": 3,
      "naziv": "DENIS HRESTAK",
      "glasova": 0,
      "posto": "0,00"
    },{
      "rbr": 4,
      "naziv": "KATIJA ĆULAV",
      "glasova": 0,
      "posto": "0,00"
    },{
      "rbr": 5,
      "naziv": "MIROSLAV DUKIĆ",
      "glasova": 0,
      "posto": "0,00"
    },{
      "rbr": 6,
      "naziv": "JASNA BODRUŽIĆ",
      "glasova": 0,
      "posto": "0,00"
    },{
      "rbr": 7,
      "naziv": "ŽELJKO DRAGŠIĆ",
      "glasova": 0,
      "posto": "0,00"
    },{
      "rbr": 8,
      "naziv": "SNJEŽANA VIDAKOVIĆ",
      "glasova": 0,
      "posto": "0,00"
    },{
      "rbr": 9,
      "naziv": "IRENA POJE-OXENHAM",
      "glasova": 0,
      "posto": "0,00"
    },{
      "rbr": 10,
      "naziv": "DRAGO BLAŽUN",
      "glasova": 0,
      "posto": "0,00"
    },{
      "rbr": 11,
      "naziv": "ŽELJKO JOZIĆ",
      "glasova": 0,
      "posto": "0,00"
    },{
      "rbr": 12,
      "naziv": "MATIJA MALETIĆ",
      "glasova": 0,
      "posto": "0,00"
    },{
      "rbr": 13,
      "naziv": "TATJANA HUDIĆ",
      "glasova": 0,
      "posto": "0,00"
    },{
      "rbr": 14,
      "naziv": "BOSILJKA JURIČ",
      "glasova": 0,
      "posto": "0,00"
    }]
  },{
    "rbr": 16,
    "stranke": [
      {"naziv": "RADNIČKA FRONTA - RF"}
    ],
    "jedinstvenaSifra": "168",
    "glasova": 2,
    "naziv": "RF",
    "posto": "0,17",
    "lista": [{
      "rbr": 1,
      "naziv": "HRVOJE ŠTEFAN",
      "glasova": 0,
      "posto": "0,00"
    },{
      "rbr": 2,
      "naziv": "DORA ZVJERKOVIĆ",
      "glasova": 0,
      "posto": "0,00"
    },{
      "rbr": 3,
      "naziv": "RENATO BABOJELIĆ",
      "glasova": 0,
      "posto": "0,00"
    },{
      "rbr": 4,
      "naziv": "NATAŠA MEDVED",
      "glasova": 0,
      "posto": "0,00"
    },{
      "rbr": 5,
      "naziv": "DALIBOR PISKREC",
      "glasova": 0,
      "posto": "0,00"
    },{
      "rbr": 6,
      "naziv": "MARIJA JELINČIĆ",
      "glasova": 0,
      "posto": "0,00"
    },{
      "rbr": 7,
      "naziv": "VINKO KOROTAJ DRAČA",
      "glasova": 0,
      "posto": "0,00"
    },{
      "rbr": 8,
      "naziv": "MIA KOROLIJA",
      "glasova": 0,
      "posto": "0,00"
    },{
      "rbr": 9,
      "naziv": "IVAN REP",
      "glasova": 0,
      "posto": "0,00"
    },{
      "rbr": 10,
      "naziv": "IVANA ROGAR",
      "glasova": 0,
      "posto": "0,00"
    },{
      "rbr": 11,
      "naziv": "VLATKO BALAIĆ",
      "glasova": 0,
      "posto": "0,00"
    },{
      "rbr": 12,
      "naziv": "DAJANA DELIĆ",
      "glasova": 0,
      "posto": "0,00"
    },{
      "rbr": 13,
      "naziv": "TIN JURAKOVIĆ",
      "glasova": 0,
      "posto": "0,00"
    },{
      "rbr": 14,
      "naziv": "TOMISLAV FIKET",
      "glasova": 0,
      "posto": "0,00"
    }]
  }]
}
