{
  "izbori": "Zastupnički izbori 2024",
  "datum": "17.04.2024.",
  "vrijeme": "21:45",
  "izboriOznaka": "02",
  "ijSifra": "008",
  "bmSifra": "000",
  "ijNaziv": "VIII. IZBORNA JEDINICA",
  "gropNaziv": "RIJEKA",
  "bmNaziv": "",
  "bmZatvoreno": 14,
  "bmUkupno": 101,
  "biraciUkupno": 10882,
  "biraciGlasovalo": 6620,
  "biraciGlasovaloPosto": "60,83",
  "listiciUkupno": 6610,
  "listiciVazeci": 6476,
  "listiciVazeciPosto": "97,97",
  "listiciNevazeci": 134,
  "listiciNevazeciPosto": "2,03",
  "napomena": "* - objavljeni rezultati sadrže podatke samo s redovnih biračkih mjesta",
  "napomena2": "",
  "lista": [{
    "rbr": 1,
    "stranke": [
      {"naziv": "SOCIJALDEMOKRATSKA PARTIJA HRVATSKE - SDP"},
      {"naziv": "CENTAR"},
      {"naziv": "HRVATSKA SELJAČKA STRANKA - HSS"},
      {"naziv": "\"DALIJA OREŠKOVIĆ I LJUDI S IMENOM I PREZIMENOM\" - \"DO i SIP\""},
      {"naziv": "GRAĐANSKO-LIBERALNI SAVEZ - GLAS"}
    ],
    "jedinstvenaSifra": "004017179244306",
    "glasova": 2119,
    "naziv": "SDP, CENTAR, HSS, \"DO i SIP\", GLAS",
    "posto": "32,72",
    "lista": [{
      "rbr": 1,
      "naziv": "PEĐA GRBIN",
      "glasova": 447,
      "posto": "21,09"
    },{
      "rbr": 2,
      "naziv": "MIRELA AHMETOVIĆ",
      "glasova": 479,
      "posto": "22,60"
    },{
      "rbr": 3,
      "naziv": "ZLATKO KOMADINA",
      "glasova": 199,
      "posto": "9,39"
    },{
      "rbr": 4,
      "naziv": "SANJA RADOLOVIĆ",
      "glasova": 26,
      "posto": "1,22"
    },{
      "rbr": 5,
      "naziv": "SAŠA ĐUJIĆ",
      "glasova": 16,
      "posto": "0,75"
    },{
      "rbr": 6,
      "naziv": "ANA PUŽ KUKULJAN",
      "glasova": 12,
      "posto": "0,56"
    },{
      "rbr": 7,
      "naziv": "MARIN RAČIĆ",
      "glasova": 33,
      "posto": "1,55"
    },{
      "rbr": 8,
      "naziv": "SLOBODAN FRUK",
      "glasova": 3,
      "posto": "0,14"
    },{
      "rbr": 9,
      "naziv": "MARKO FERENAC",
      "glasova": 0,
      "posto": "0,00"
    },{
      "rbr": 10,
      "naziv": "MARIA BLAŽINA",
      "glasova": 4,
      "posto": "0,18"
    },{
      "rbr": 11,
      "naziv": "KRISTIAN ČARAPIĆ",
      "glasova": 41,
      "posto": "1,93"
    },{
      "rbr": 12,
      "naziv": "BOJANA PUZIGAĆA",
      "glasova": 5,
      "posto": "0,23"
    },{
      "rbr": 13,
      "naziv": "NADJA POROPAT",
      "glasova": 19,
      "posto": "0,89"
    },{
      "rbr": 14,
      "naziv": "ŽELJKO JOVANOVIĆ",
      "glasova": 160,
      "posto": "7,55"
    }]
  },{
    "rbr": 2,
    "stranke": [
      {"naziv": "HRVATSKA DEMOKRATSKA ZAJEDNICA - HDZ"},
      {"naziv": "HRVATSKA SOCIJALNO - LIBERALNA STRANKA - HSLS"},
      {"naziv": "HRVATSKA DEMOKRŠĆANSKA STRANKA - HDS"},
      {"naziv": "HRVATSKA NARODNA STRANKA - LIBERALNI DEMOKRATI - HNS"},
      {"naziv": "HRVATSKA STRANKA UMIROVLJENIKA - HSU"}
    ],
    "jedinstvenaSifra": "001002003011023",
    "glasova": 1713,
    "naziv": "HDZ, HSLS, HDS, HNS, HSU",
    "posto": "26,45",
    "lista": [{
      "rbr": 1,
      "naziv": "OLEG BUTKOVIĆ",
      "glasova": 945,
      "posto": "55,16"
    },{
      "rbr": 2,
      "naziv": "ANTON KLIMAN",
      "glasova": 6,
      "posto": "0,35"
    },{
      "rbr": 3,
      "naziv": "JOSIP OSTROGOVIĆ",
      "glasova": 194,
      "posto": "11,32"
    },{
      "rbr": 4,
      "naziv": "TOMISLAV KLARIĆ",
      "glasova": 36,
      "posto": "2,10"
    },{
      "rbr": 5,
      "naziv": "IRENA HRSTIĆ",
      "glasova": 8,
      "posto": "0,46"
    },{
      "rbr": 6,
      "naziv": "ALEN RUŽIĆ",
      "glasova": 51,
      "posto": "2,97"
    },{
      "rbr": 7,
      "naziv": "JOSIP BORIĆ",
      "glasova": 5,
      "posto": "0,29"
    },{
      "rbr": 8,
      "naziv": "DAVOR ZUBOVIĆ",
      "glasova": 7,
      "posto": "0,40"
    },{
      "rbr": 9,
      "naziv": "ILIRJANA-CROATA MEDUR",
      "glasova": 2,
      "posto": "0,11"
    },{
      "rbr": 10,
      "naziv": "ANA KUČIĆ",
      "glasova": 7,
      "posto": "0,40"
    },{
      "rbr": 11,
      "naziv": "MARIO BRATULIĆ",
      "glasova": 3,
      "posto": "0,17"
    },{
      "rbr": 12,
      "naziv": "IVAN BUBIĆ",
      "glasova": 4,
      "posto": "0,23"
    },{
      "rbr": 13,
      "naziv": "KRISTJAN STANIČIĆ",
      "glasova": 25,
      "posto": "1,45"
    },{
      "rbr": 14,
      "naziv": "IVAN KIRIN",
      "glasova": 64,
      "posto": "3,73"
    }]
  },{
    "rbr": 3,
    "stranke": [
      {"naziv": "MOŽEMO! - POLITIČKA PLATFORMA"}
    ],
    "jedinstvenaSifra": "255",
    "glasova": 867,
    "naziv": "MOŽEMO! - POLITIČKA PLATFORMA",
    "posto": "13,38",
    "lista": [{
      "rbr": 1,
      "naziv": "DUŠICA RADOJČIĆ",
      "glasova": 63,
      "posto": "7,26"
    },{
      "rbr": 2,
      "naziv": "MORENA LEKAN",
      "glasova": 60,
      "posto": "6,92"
    },{
      "rbr": 3,
      "naziv": "NEBOJŠA ZELIČ",
      "glasova": 89,
      "posto": "10,26"
    },{
      "rbr": 4,
      "naziv": "ENNA PEROŠ",
      "glasova": 23,
      "posto": "2,65"
    },{
      "rbr": 5,
      "naziv": "SLAVEN BOLJUN",
      "glasova": 2,
      "posto": "0,23"
    },{
      "rbr": 6,
      "naziv": "IVA DAVORIJA",
      "glasova": 20,
      "posto": "2,30"
    },{
      "rbr": 7,
      "naziv": "HANA PALEKA",
      "glasova": 19,
      "posto": "2,19"
    },{
      "rbr": 8,
      "naziv": "MIHA PAUS",
      "glasova": 1,
      "posto": "0,11"
    },{
      "rbr": 9,
      "naziv": "NOEL MIRKOVIĆ",
      "glasova": 4,
      "posto": "0,46"
    },{
      "rbr": 10,
      "naziv": "ANA FONOVIĆ",
      "glasova": 2,
      "posto": "0,23"
    },{
      "rbr": 11,
      "naziv": "RENATO STANKOVIĆ",
      "glasova": 8,
      "posto": "0,92"
    },{
      "rbr": 12,
      "naziv": "DANIEL ANTUNOVIĆ",
      "glasova": 18,
      "posto": "2,07"
    },{
      "rbr": 13,
      "naziv": "DRAGAN DRUŽETA",
      "glasova": 1,
      "posto": "0,11"
    },{
      "rbr": 14,
      "naziv": "SUZANA JAŠIĆ",
      "glasova": 26,
      "posto": "2,99"
    }]
  },{
    "rbr": 4,
    "stranke": [
      {"naziv": "ISTARSKI DEMOKRATSKI SABOR - IDS"},
      {"naziv": "PRIMORSKO GORANSKI SAVEZ - PGS"},
      {"naziv": "UNIJA KVARNERA - UNIJA"},
      {"naziv": "ISTARSKA STRANKA UMIROVLJENIKA - PARTITO ISTRIANO DEI PENSIONATI - ISU - PIP"},
      {"naziv": "SOCIJALDEMOKRATI"},
      {"naziv": "NARODNA STRANKA - REFORMISTI - REFORMISTI"},
      {"naziv": "DEMOKRATI"},
      {"naziv": "HRVATSKI LABURISTI - STRANKA RADA - LABURISTI"}
    ],
    "jedinstvenaSifra": "005006100121162241251299",
    "glasova": 436,
    "naziv": "IDS, PGS, UNIJA, ISU - PIP, SOCIJALDEMOKRATI, REFORMISTI, DEMOKRATI, LABURISTI",
    "posto": "6,73",
    "lista": [{
      "rbr": 1,
      "naziv": "DALIBOR PAUS",
      "glasova": 13,
      "posto": "2,98"
    },{
      "rbr": 2,
      "naziv": "DARIJO VASILIĆ",
      "glasova": 218,
      "posto": "50,00"
    },{
      "rbr": 3,
      "naziv": "VALTER GLAVIČIĆ",
      "glasova": 5,
      "posto": "1,14"
    },{
      "rbr": 4,
      "naziv": "LORIS PERŠURIĆ",
      "glasova": 8,
      "posto": "1,83"
    },{
      "rbr": 5,
      "naziv": "HELGA MOŽÉ",
      "glasova": 2,
      "posto": "0,45"
    },{
      "rbr": 6,
      "naziv": "EMIL DAUS",
      "glasova": 1,
      "posto": "0,22"
    },{
      "rbr": 7,
      "naziv": "TAJANA MASOVČIĆ",
      "glasova": 9,
      "posto": "2,06"
    },{
      "rbr": 8,
      "naziv": "LJILJANA MILOŠ",
      "glasova": 1,
      "posto": "0,22"
    },{
      "rbr": 9,
      "naziv": "TEA MIČIĆ BADURINA",
      "glasova": 15,
      "posto": "3,44"
    },{
      "rbr": 10,
      "naziv": "ANTEO MILOS",
      "glasova": 0,
      "posto": "0,00"
    },{
      "rbr": 11,
      "naziv": "KATARINA NEMET",
      "glasova": 0,
      "posto": "0,00"
    },{
      "rbr": 12,
      "naziv": "SENKA ŠUBAT",
      "glasova": 14,
      "posto": "3,21"
    },{
      "rbr": 13,
      "naziv": "MARKO PALIAGA",
      "glasova": 4,
      "posto": "0,91"
    },{
      "rbr": 14,
      "naziv": "MARKO BORAS MANDIĆ",
      "glasova": 37,
      "posto": "8,48"
    }]
  },{
    "rbr": 5,
    "stranke": [
      {"naziv": "MOST"},
      {"naziv": "HRVATSKI SUVERENISTI"},
      {"naziv": "HRVATSKA KONZERVATIVNA STRANKA - HKS"},
      {"naziv": "NEZAVISNA LISTA MLADIH - NLM"}
    ],
    "jedinstvenaSifra": "131165188263",
    "glasova": 421,
    "naziv": "MOST, HRVATSKI SUVERENISTI, HKS, NLM",
    "posto": "6,50",
    "lista": [{
      "rbr": 1,
      "naziv": "MARIN MILETIĆ",
      "glasova": 194,
      "posto": "46,08"
    },{
      "rbr": 2,
      "naziv": "IVAN VIDOVIĆ",
      "glasova": 6,
      "posto": "1,42"
    },{
      "rbr": 3,
      "naziv": "PETRA MANDIĆ",
      "glasova": 42,
      "posto": "9,97"
    },{
      "rbr": 4,
      "naziv": "LUKA JAKOPOVIĆ",
      "glasova": 0,
      "posto": "0,00"
    },{
      "rbr": 5,
      "naziv": "SILVIJA TERLEVIĆ",
      "glasova": 1,
      "posto": "0,23"
    },{
      "rbr": 6,
      "naziv": "MARIJAN ŠEGOTA",
      "glasova": 20,
      "posto": "4,75"
    },{
      "rbr": 7,
      "naziv": "SABINA MAROV",
      "glasova": 2,
      "posto": "0,47"
    },{
      "rbr": 8,
      "naziv": "BORIS ADŽIĆ",
      "glasova": 2,
      "posto": "0,47"
    },{
      "rbr": 9,
      "naziv": "JELENA ALESSIO",
      "glasova": 0,
      "posto": "0,00"
    },{
      "rbr": 10,
      "naziv": "VERICA ĆORKOVIĆ",
      "glasova": 1,
      "posto": "0,23"
    },{
      "rbr": 11,
      "naziv": "ORHAN SALI",
      "glasova": 1,
      "posto": "0,23"
    },{
      "rbr": 12,
      "naziv": "IZABELA ĐAKOVIĆ",
      "glasova": 1,
      "posto": "0,23"
    },{
      "rbr": 13,
      "naziv": "ALEKSANDAR-SAŠA MILAKOVIĆ",
      "glasova": 12,
      "posto": "2,85"
    },{
      "rbr": 14,
      "naziv": "JOSIP KATALINIĆ",
      "glasova": 8,
      "posto": "1,90"
    }]
  },{
    "rbr": 6,
    "stranke": [
      {"naziv": "DOMOVINSKI POKRET - DP"},
      {"naziv": "PRAVO I PRAVDA"}
    ],
    "jedinstvenaSifra": "267312",
    "glasova": 256,
    "naziv": "DP, PRAVO I PRAVDA",
    "posto": "3,95",
    "lista": [{
      "rbr": 1,
      "naziv": "IVAN VILIBOR SINČIĆ",
      "glasova": 116,
      "posto": "45,31"
    },{
      "rbr": 2,
      "naziv": "BOŽANA KRISTIĆ",
      "glasova": 18,
      "posto": "7,03"
    },{
      "rbr": 3,
      "naziv": "MARINA BEG UMILJENOVIĆ",
      "glasova": 0,
      "posto": "0,00"
    },{
      "rbr": 4,
      "naziv": "SNJEŽANA BAŽAJ-BOĆKAI",
      "glasova": 2,
      "posto": "0,78"
    },{
      "rbr": 5,
      "naziv": "MATEA FILIPOVIĆ",
      "glasova": 3,
      "posto": "1,17"
    },{
      "rbr": 6,
      "naziv": "PAOLA VELLICO BATEL",
      "glasova": 2,
      "posto": "0,78"
    },{
      "rbr": 7,
      "naziv": "MILICA ERCEG",
      "glasova": 0,
      "posto": "0,00"
    },{
      "rbr": 8,
      "naziv": "IVICA KRSTAŠ",
      "glasova": 1,
      "posto": "0,39"
    },{
      "rbr": 9,
      "naziv": "RITA UJČIĆ",
      "glasova": 2,
      "posto": "0,78"
    },{
      "rbr": 10,
      "naziv": "MARIJAN ZOVIĆ",
      "glasova": 1,
      "posto": "0,39"
    },{
      "rbr": 11,
      "naziv": "DENI JANKO",
      "glasova": 0,
      "posto": "0,00"
    },{
      "rbr": 12,
      "naziv": "ZORAN STJEPANOVIĆ",
      "glasova": 3,
      "posto": "1,17"
    },{
      "rbr": 13,
      "naziv": "FRANJO BARTOLAC",
      "glasova": 4,
      "posto": "1,56"
    },{
      "rbr": 14,
      "naziv": "DAVOR POPOVIĆ",
      "glasova": 2,
      "posto": "0,78"
    }]
  },{
    "rbr": 7,
    "stranke": [
      {"naziv": "RADNIČKA FRONTA - RF"}
    ],
    "jedinstvenaSifra": "168",
    "glasova": 224,
    "naziv": "RF",
    "posto": "3,45",
    "lista": [{
      "rbr": 1,
      "naziv": "KATARINA PEOVIĆ",
      "glasova": 130,
      "posto": "58,03"
    },{
      "rbr": 2,
      "naziv": "GORAN MATIĆ",
      "glasova": 7,
      "posto": "3,12"
    },{
      "rbr": 3,
      "naziv": "KARIN GRGOROVIĆ",
      "glasova": 0,
      "posto": "0,00"
    },{
      "rbr": 4,
      "naziv": "BORIS KAPURALIN",
      "glasova": 0,
      "posto": "0,00"
    },{
      "rbr": 5,
      "naziv": "DUBRAVKA KOVAČEVIĆ",
      "glasova": 0,
      "posto": "0,00"
    },{
      "rbr": 6,
      "naziv": "ENIS ČAUŠEVIĆ",
      "glasova": 0,
      "posto": "0,00"
    },{
      "rbr": 7,
      "naziv": "GORDANA VUDRAGOVIĆ",
      "glasova": 0,
      "posto": "0,00"
    },{
      "rbr": 8,
      "naziv": "NIJAZ DELIĆ",
      "glasova": 2,
      "posto": "0,89"
    },{
      "rbr": 9,
      "naziv": "NATALIJA STEFANOVIĆ",
      "glasova": 4,
      "posto": "1,78"
    },{
      "rbr": 10,
      "naziv": "BOJAN BIRK",
      "glasova": 3,
      "posto": "1,33"
    },{
      "rbr": 11,
      "naziv": "BISERKA MOMČINOVIĆ",
      "glasova": 0,
      "posto": "0,00"
    },{
      "rbr": 12,
      "naziv": "ALEKSANDAR ALOBIĆ",
      "glasova": 2,
      "posto": "0,89"
    },{
      "rbr": 13,
      "naziv": "IZVOR RUKAVINA",
      "glasova": 3,
      "posto": "1,33"
    },{
      "rbr": 14,
      "naziv": "LEMS JERIN",
      "glasova": 1,
      "posto": "0,44"
    }]
  },{
    "rbr": 8,
    "stranke": [
      {"naziv": "UMIROVLJENICI ZAJEDNO - POLITIČKA PLATFORMA - UMIROVLJENICI ZAJEDNO"},
      {"naziv": "STRANKA UMIROVLJENIKA - SU"},
      {"naziv": "BLOK UMIROVLJENICI ZAJEDNO - BUZ"},
      {"naziv": "DEMOKRATSKA STRANKA UMIROVLJENIKA - DSU"}
    ],
    "jedinstvenaSifra": "039041102301",
    "glasova": 153,
    "naziv": "UMIROVLJENICI ZAJEDNO, SU, BUZ, DSU",
    "posto": "2,36",
    "lista": [{
      "rbr": 1,
      "naziv": "MARIJA PALAZIOL",
      "glasova": 21,
      "posto": "13,72"
    },{
      "rbr": 2,
      "naziv": "ANĐELKA BIJELONJIĆ",
      "glasova": 5,
      "posto": "3,26"
    },{
      "rbr": 3,
      "naziv": "EUFEMIA MIŠIĆ",
      "glasova": 1,
      "posto": "0,65"
    },{
      "rbr": 4,
      "naziv": "MIRKO BIJELONJIĆ",
      "glasova": 1,
      "posto": "0,65"
    },{
      "rbr": 5,
      "naziv": "DENIS PAULETIĆ",
      "glasova": 10,
      "posto": "6,53"
    },{
      "rbr": 6,
      "naziv": "VLADIMIR ŠIMUNIĆ",
      "glasova": 0,
      "posto": "0,00"
    },{
      "rbr": 7,
      "naziv": "DARKO ŠEGOTA",
      "glasova": 9,
      "posto": "5,88"
    },{
      "rbr": 8,
      "naziv": "BLAŽENKA BERGIĆ",
      "glasova": 4,
      "posto": "2,61"
    },{
      "rbr": 9,
      "naziv": "BRANKO BIJELONJIĆ",
      "glasova": 1,
      "posto": "0,65"
    },{
      "rbr": 10,
      "naziv": "VESNA MATOŠEVIĆ",
      "glasova": 4,
      "posto": "2,61"
    },{
      "rbr": 11,
      "naziv": "ŽELJKO BILIĆ",
      "glasova": 1,
      "posto": "0,65"
    },{
      "rbr": 12,
      "naziv": "CHRISTINE BIBALO-BALAŠKO",
      "glasova": 0,
      "posto": "0,00"
    },{
      "rbr": 13,
      "naziv": "MILORAD KARDUM",
      "glasova": 3,
      "posto": "1,96"
    },{
      "rbr": 14,
      "naziv": "JOSIP PULIĆ",
      "glasova": 3,
      "posto": "1,96"
    }]
  },{
    "rbr": 9,
    "stranke": [
      {"naziv": "FOKUS"},
      {"naziv": "REPUBLIKA"}
    ],
    "jedinstvenaSifra": "270310",
    "glasova": 90,
    "naziv": "FOKUS, REPUBLIKA",
    "posto": "1,38",
    "lista": [{
      "rbr": 1,
      "naziv": "GORDANA DERANJA",
      "glasova": 14,
      "posto": "15,55"
    },{
      "rbr": 2,
      "naziv": "LORAN MILANOVIĆ",
      "glasova": 1,
      "posto": "1,11"
    },{
      "rbr": 3,
      "naziv": "DAMIR PRHAT",
      "glasova": 1,
      "posto": "1,11"
    },{
      "rbr": 4,
      "naziv": "DAMIR GRÜNBAUM",
      "glasova": 1,
      "posto": "1,11"
    },{
      "rbr": 5,
      "naziv": "MILAN PERKOVIĆ",
      "glasova": 7,
      "posto": "7,77"
    },{
      "rbr": 6,
      "naziv": "IVA DELLABERNARDINA",
      "glasova": 1,
      "posto": "1,11"
    },{
      "rbr": 7,
      "naziv": "NIKOLINA BENIĆ",
      "glasova": 3,
      "posto": "3,33"
    },{
      "rbr": 8,
      "naziv": "PATRICIJA VANĐELIĆ",
      "glasova": 7,
      "posto": "7,77"
    },{
      "rbr": 9,
      "naziv": "MARIJA VIRKES",
      "glasova": 0,
      "posto": "0,00"
    },{
      "rbr": 10,
      "naziv": "NENAD ŠĆULAC",
      "glasova": 1,
      "posto": "1,11"
    },{
      "rbr": 11,
      "naziv": "DENIS KIŠ",
      "glasova": 2,
      "posto": "2,22"
    },{
      "rbr": 12,
      "naziv": "MARIJA VARŽIĆ GOLUBIĆ",
      "glasova": 2,
      "posto": "2,22"
    },{
      "rbr": 13,
      "naziv": "IGOR LUKEŽ",
      "glasova": 1,
      "posto": "1,11"
    },{
      "rbr": 14,
      "naziv": "ANDREJ RADETIĆ",
      "glasova": 0,
      "posto": "0,00"
    }]
  },{
    "rbr": 10,
    "stranke": [
      {"naziv": "ODLUČNOST I PRAVEDNOST - OIP"}
    ],
    "jedinstvenaSifra": "300",
    "glasova": 78,
    "naziv": "OIP",
    "posto": "1,20",
    "lista": [{
      "rbr": 1,
      "naziv": "HRVOJE ŽUPARIĆ",
      "glasova": 10,
      "posto": "12,82"
    },{
      "rbr": 2,
      "naziv": "ANDRIJA RUŽIĆ",
      "glasova": 1,
      "posto": "1,28"
    },{
      "rbr": 3,
      "naziv": "BOJAN VUKOREPA",
      "glasova": 8,
      "posto": "10,25"
    },{
      "rbr": 4,
      "naziv": "FANI RADOVAN RIGOVIĆ",
      "glasova": 1,
      "posto": "1,28"
    },{
      "rbr": 5,
      "naziv": "TIHOMIR KRALJEVIĆ",
      "glasova": 0,
      "posto": "0,00"
    },{
      "rbr": 6,
      "naziv": "SENAD BEGIĆ",
      "glasova": 2,
      "posto": "2,56"
    },{
      "rbr": 7,
      "naziv": "EDO ŠARUNIĆ",
      "glasova": 0,
      "posto": "0,00"
    },{
      "rbr": 8,
      "naziv": "ANTO LUJIĆ",
      "glasova": 0,
      "posto": "0,00"
    },{
      "rbr": 9,
      "naziv": "ZORAN ANDRIĆ",
      "glasova": 0,
      "posto": "0,00"
    },{
      "rbr": 10,
      "naziv": "TONI GJAJA",
      "glasova": 0,
      "posto": "0,00"
    },{
      "rbr": 11,
      "naziv": "LEONARDO ŠALIĆ",
      "glasova": 1,
      "posto": "1,28"
    },{
      "rbr": 12,
      "naziv": "MILKA LOZIĆ",
      "glasova": 1,
      "posto": "1,28"
    },{
      "rbr": 13,
      "naziv": "MARTA MATANOVIĆ",
      "glasova": 3,
      "posto": "3,84"
    },{
      "rbr": 14,
      "naziv": "VESNA JAKOPOVIĆ",
      "glasova": 3,
      "posto": "3,84"
    }]
  },{
    "rbr": 11,
    "stranke": [
      {"naziv": "STRANKA IVANA PERNARA"}
    ],
    "jedinstvenaSifra": "259",
    "glasova": 46,
    "naziv": "STRANKA IVANA PERNARA",
    "posto": "0,71",
    "lista": [{
      "rbr": 1,
      "naziv": "IVANA ŠAIN",
      "glasova": 5,
      "posto": "10,86"
    },{
      "rbr": 2,
      "naziv": "VLADIMIR LEON KELLER",
      "glasova": 9,
      "posto": "19,56"
    },{
      "rbr": 3,
      "naziv": "DENI RAKOVIĆ",
      "glasova": 0,
      "posto": "0,00"
    },{
      "rbr": 4,
      "naziv": "ANGELINA PRPIĆ",
      "glasova": 2,
      "posto": "4,34"
    },{
      "rbr": 5,
      "naziv": "BENITO LJUBOVIĆ",
      "glasova": 2,
      "posto": "4,34"
    },{
      "rbr": 6,
      "naziv": "ENA BABIĆ",
      "glasova": 1,
      "posto": "2,17"
    },{
      "rbr": 7,
      "naziv": "FILIP MARIĆ",
      "glasova": 1,
      "posto": "2,17"
    },{
      "rbr": 8,
      "naziv": "NINA ŠIMONOVIĆ",
      "glasova": 0,
      "posto": "0,00"
    },{
      "rbr": 9,
      "naziv": "STEFANO VIDONIS",
      "glasova": 0,
      "posto": "0,00"
    },{
      "rbr": 10,
      "naziv": "GORDANA VIDAK",
      "glasova": 0,
      "posto": "0,00"
    },{
      "rbr": 11,
      "naziv": "ROKO ORLOVIĆ",
      "glasova": 3,
      "posto": "6,52"
    },{
      "rbr": 12,
      "naziv": "LEAN MARETIĆ",
      "glasova": 1,
      "posto": "2,17"
    },{
      "rbr": 13,
      "naziv": "DANIJELA HORVAT",
      "glasova": 0,
      "posto": "0,00"
    },{
      "rbr": 14,
      "naziv": "MIRSADA IMŠIROVIĆ",
      "glasova": 1,
      "posto": "2,17"
    }]
  },{
    "rbr": 12,
    "stranke": [
      {"naziv": "HRVATSKA STRANKA PRAVA - HSP"},
      {"naziv": "HRVATSKO BILO"},
      {"naziv": "HRVATSKA DEMOKRATSKA SELJAČKA STRANKA - HDSS"}
    ],
    "jedinstvenaSifra": "007018308",
    "glasova": 39,
    "naziv": "HSP, HRVATSKO BILO, HDSS",
    "posto": "0,60",
    "lista": [{
      "rbr": 1,
      "naziv": "MARIN BUBANJ",
      "glasova": 6,
      "posto": "15,38"
    },{
      "rbr": 2,
      "naziv": "STIPICA BAŠKARAD",
      "glasova": 2,
      "posto": "5,12"
    },{
      "rbr": 3,
      "naziv": "NIKO PUŠELJA",
      "glasova": 0,
      "posto": "0,00"
    },{
      "rbr": 4,
      "naziv": "GABRIJELA ANIČIĆ",
      "glasova": 1,
      "posto": "2,56"
    },{
      "rbr": 5,
      "naziv": "ELVIRA MARIĆ",
      "glasova": 1,
      "posto": "2,56"
    },{
      "rbr": 6,
      "naziv": "TATJANA SMOJVER-SILOV",
      "glasova": 0,
      "posto": "0,00"
    },{
      "rbr": 7,
      "naziv": "DANICA MARKOVIĆ",
      "glasova": 2,
      "posto": "5,12"
    },{
      "rbr": 8,
      "naziv": "LJUBICA ŠEVERDIJA",
      "glasova": 0,
      "posto": "0,00"
    },{
      "rbr": 9,
      "naziv": "NIVES KLJAJIĆ",
      "glasova": 0,
      "posto": "0,00"
    },{
      "rbr": 10,
      "naziv": "DUBRAVKO MARŠAL",
      "glasova": 0,
      "posto": "0,00"
    },{
      "rbr": 11,
      "naziv": "SLAVKO VRBAN",
      "glasova": 1,
      "posto": "2,56"
    },{
      "rbr": 12,
      "naziv": "MIROSLAV MARKOVIĆ",
      "glasova": 0,
      "posto": "0,00"
    },{
      "rbr": 13,
      "naziv": "DEJAN ILIJIĆ",
      "glasova": 0,
      "posto": "0,00"
    },{
      "rbr": 14,
      "naziv": "ROBERT CIFREK",
      "glasova": 1,
      "posto": "2,56"
    }]
  },{
    "rbr": 13,
    "stranke": [
      {"naziv": "AUTOHTONA - HRVATSKA STRANKA PRAVA - DRAŽEN KELEMINEC - A - HSP - Dražen Keleminec"}
    ],
    "jedinstvenaSifra": "049",
    "glasova": 17,
    "naziv": "A - HSP - Dražen Keleminec",
    "posto": "0,26",
    "lista": [{
      "rbr": 1,
      "naziv": "JURE HULJEV",
      "glasova": 2,
      "posto": "11,76"
    },{
      "rbr": 2,
      "naziv": "DALIBOR FUĆAK",
      "glasova": 2,
      "posto": "11,76"
    },{
      "rbr": 3,
      "naziv": "ANDRIJA ŠKRIBULJA",
      "glasova": 0,
      "posto": "0,00"
    },{
      "rbr": 4,
      "naziv": "VJEKOSLAV JOVIĆ",
      "glasova": 1,
      "posto": "5,88"
    },{
      "rbr": 5,
      "naziv": "ANKA ĐURIŠIĆ",
      "glasova": 0,
      "posto": "0,00"
    },{
      "rbr": 6,
      "naziv": "ZLATKO OREŠKOVIĆ",
      "glasova": 0,
      "posto": "0,00"
    },{
      "rbr": 7,
      "naziv": "TIHOMIR MESAROV",
      "glasova": 0,
      "posto": "0,00"
    },{
      "rbr": 8,
      "naziv": "ZORAN ŠAJKOVIĆ",
      "glasova": 0,
      "posto": "0,00"
    },{
      "rbr": 9,
      "naziv": "SENKA DURDOV",
      "glasova": 0,
      "posto": "0,00"
    },{
      "rbr": 10,
      "naziv": "HRVOJE DRAGANIĆ",
      "glasova": 0,
      "posto": "0,00"
    },{
      "rbr": 11,
      "naziv": "TOMISLAV RUKAVINA",
      "glasova": 1,
      "posto": "5,88"
    },{
      "rbr": 12,
      "naziv": "MILAN ŽUFIKA",
      "glasova": 2,
      "posto": "11,76"
    },{
      "rbr": 13,
      "naziv": "ZORAN POSTRUŽIN",
      "glasova": 0,
      "posto": "0,00"
    },{
      "rbr": 14,
      "naziv": "MIRKO KOROŠEC",
      "glasova": 3,
      "posto": "17,64"
    }]
  },{
    "rbr": 14,
    "stranke": [
      {"naziv": "SOCIJALISTIČKA RADNIČKA PARTIJA HRVATSKE - SRP"}
    ],
    "jedinstvenaSifra": "029",
    "glasova": 17,
    "naziv": "SRP",
    "posto": "0,26",
    "lista": [{
      "rbr": 1,
      "naziv": "VLADIMIR KAPURALIN",
      "glasova": 3,
      "posto": "17,64"
    },{
      "rbr": 2,
      "naziv": "DAVOR RAKIĆ",
      "glasova": 0,
      "posto": "0,00"
    },{
      "rbr": 3,
      "naziv": "ULIANA MOSCARDA",
      "glasova": 1,
      "posto": "5,88"
    },{
      "rbr": 4,
      "naziv": "MILOŠ MITROVIĆ",
      "glasova": 0,
      "posto": "0,00"
    },{
      "rbr": 5,
      "naziv": "RANKA ČIČOVAČKI",
      "glasova": 0,
      "posto": "0,00"
    },{
      "rbr": 6,
      "naziv": "LUCA ANTONIO ŠURAN",
      "glasova": 0,
      "posto": "0,00"
    },{
      "rbr": 7,
      "naziv": "RUŽA KNEŽEVIĆ",
      "glasova": 0,
      "posto": "0,00"
    },{
      "rbr": 8,
      "naziv": "MARIN BRKLJAČA",
      "glasova": 0,
      "posto": "0,00"
    },{
      "rbr": 9,
      "naziv": "DANICA OBREZA",
      "glasova": 0,
      "posto": "0,00"
    },{
      "rbr": 10,
      "naziv": "LUKA ERCEGOVIĆ",
      "glasova": 0,
      "posto": "0,00"
    },{
      "rbr": 11,
      "naziv": "ZAHIDA DEDUKIĆ",
      "glasova": 0,
      "posto": "0,00"
    },{
      "rbr": 12,
      "naziv": "SLOBODAN OBREZA",
      "glasova": 0,
      "posto": "0,00"
    },{
      "rbr": 13,
      "naziv": "ILONA ŠIMIČIĆ",
      "glasova": 0,
      "posto": "0,00"
    },{
      "rbr": 14,
      "naziv": "DARKO MILIĆ",
      "glasova": 0,
      "posto": "0,00"
    }]
  }]
}
