{
  "izbori": "Zastupnički izbori 2024",
  "datum": "17.04.2024.",
  "vrijeme": "21:45",
  "izboriOznaka": "02",
  "ijSifra": "011",
  "bmSifra": "000",
  "ijNaziv": "XI. IZBORNA JEDINICA",
  "gropNaziv": "",
  "bmNaziv": "",
  "bmZatvoreno": 31,
  "bmUkupno": 192,
  "biraciUkupno": 4185,
  "biraciGlasovalo": 4185,
  "biraciGlasovaloPosto": "100,00",
  "listiciUkupno": 4184,
  "listiciVazeci": 4123,
  "listiciVazeciPosto": "98,54",
  "listiciNevazeci": 61,
  "listiciNevazeciPosto": "1,46",
  "napomena": "* - objavljeni rezultati sadrže i podatke s posebnih biračkih mjesta te s biračkih mjesta u inozemstvu",
  "napomena2": "",
  "lista": [{
    "rbr": 1,
    "stranke": [
      {"naziv": "HRVATSKA DEMOKRATSKA ZAJEDNICA - HDZ"}
    ],
    "jedinstvenaSifra": "003",
    "glasova": 3125,
    "naziv": "HDZ",
    "posto": "75,79",
    "lista": [{
      "rbr": 1,
      "naziv": "ZVONKO MILAS",
      "glasova": 560,
      "posto": "17,92"
    },{
      "rbr": 2,
      "naziv": "NEVENKO BARBARIĆ",
      "glasova": 157,
      "posto": "5,02"
    },{
      "rbr": 3,
      "naziv": "RADOJE VIDOVIĆ",
      "glasova": 771,
      "posto": "24,67"
    },{
      "rbr": 4,
      "naziv": "DARIO PUŠIĆ",
      "glasova": 102,
      "posto": "3,26"
    },{
      "rbr": 5,
      "naziv": "JASNA VOJNIĆ",
      "glasova": 20,
      "posto": "0,64"
    },{
      "rbr": 6,
      "naziv": "VLATKA MARTINOVIĆ",
      "glasova": 77,
      "posto": "2,46"
    },{
      "rbr": 7,
      "naziv": "ANA ANDRIĆ",
      "glasova": 16,
      "posto": "0,51"
    },{
      "rbr": 8,
      "naziv": "MATE OMAZIĆ",
      "glasova": 685,
      "posto": "21,92"
    },{
      "rbr": 9,
      "naziv": "NATAŠA PAVIĆ",
      "glasova": 3,
      "posto": "0,09"
    },{
      "rbr": 10,
      "naziv": "JANOS GUGAN",
      "glasova": 0,
      "posto": "0,00"
    },{
      "rbr": 11,
      "naziv": "DANIELA MILOŠ",
      "glasova": 189,
      "posto": "6,04"
    },{
      "rbr": 12,
      "naziv": "LJUBOMIR MAJDANDŽIĆ",
      "glasova": 1,
      "posto": "0,03"
    },{
      "rbr": 13,
      "naziv": "VESELJKO JOVANOVIĆ",
      "glasova": 4,
      "posto": "0,12"
    },{
      "rbr": 14,
      "naziv": "RAJKA MIKULIĆ",
      "glasova": 9,
      "posto": "0,28"
    }]
  },{
    "rbr": 2,
    "stranke": [
      {"naziv": "MOST"}
    ],
    "jedinstvenaSifra": "131",
    "glasova": 289,
    "naziv": "MOST",
    "posto": "7,00",
    "lista": [{
      "rbr": 1,
      "naziv": "SLAVKO ZOVKO",
      "glasova": 52,
      "posto": "17,99"
    },{
      "rbr": 2,
      "naziv": "GORAN BILANDŽIJA",
      "glasova": 21,
      "posto": "7,26"
    },{
      "rbr": 3,
      "naziv": "DRAGO ZEČEVIĆ",
      "glasova": 1,
      "posto": "0,34"
    },{
      "rbr": 4,
      "naziv": "MARIJA ĆOSIĆ",
      "glasova": 18,
      "posto": "6,22"
    },{
      "rbr": 5,
      "naziv": "ANTONELA IVKOVIĆ",
      "glasova": 1,
      "posto": "0,34"
    },{
      "rbr": 6,
      "naziv": "BOŽE ZRNO",
      "glasova": 4,
      "posto": "1,38"
    },{
      "rbr": 7,
      "naziv": "DANIJELA DŽAKULA",
      "glasova": 2,
      "posto": "0,69"
    },{
      "rbr": 8,
      "naziv": "IVANA IVANIŠEVIĆ",
      "glasova": 4,
      "posto": "1,38"
    },{
      "rbr": 9,
      "naziv": "VESNA ŠUNJIĆ",
      "glasova": 7,
      "posto": "2,42"
    },{
      "rbr": 10,
      "naziv": "GORDAN JELIĆ",
      "glasova": 0,
      "posto": "0,00"
    },{
      "rbr": 11,
      "naziv": "MARKO ČAKTAŠ",
      "glasova": 0,
      "posto": "0,00"
    },{
      "rbr": 12,
      "naziv": "KRISTINA VRANJEŠ",
      "glasova": 0,
      "posto": "0,00"
    },{
      "rbr": 13,
      "naziv": "SANJAN MARTINOVIĆ",
      "glasova": 2,
      "posto": "0,69"
    },{
      "rbr": 14,
      "naziv": "SLAVEN RAGUŽ",
      "glasova": 41,
      "posto": "14,18"
    }]
  },{
    "rbr": 3,
    "stranke": [
      {"naziv": "HRVATSKO BILO"}
    ],
    "jedinstvenaSifra": "308",
    "glasova": 222,
    "naziv": "HRVATSKO BILO",
    "posto": "5,38",
    "lista": [{
      "rbr": 1,
      "naziv": "LJUBO ĆESIĆ",
      "glasova": 125,
      "posto": "56,30"
    },{
      "rbr": 2,
      "naziv": "IVAN TOLJ",
      "glasova": 52,
      "posto": "23,42"
    },{
      "rbr": 3,
      "naziv": "IVAN KAPULAR",
      "glasova": 4,
      "posto": "1,80"
    },{
      "rbr": 4,
      "naziv": "MILJENKO GALIĆ",
      "glasova": 1,
      "posto": "0,45"
    },{
      "rbr": 5,
      "naziv": "PERO BARBARIĆ",
      "glasova": 5,
      "posto": "2,25"
    },{
      "rbr": 6,
      "naziv": "ŽARKO PAVLOVIĆ",
      "glasova": 1,
      "posto": "0,45"
    },{
      "rbr": 7,
      "naziv": "MIJA CRNOJA",
      "glasova": 0,
      "posto": "0,00"
    },{
      "rbr": 8,
      "naziv": "ANA JAPEC BUNETA",
      "glasova": 0,
      "posto": "0,00"
    },{
      "rbr": 9,
      "naziv": "VESNA BALAŽEVIĆ",
      "glasova": 0,
      "posto": "0,00"
    }]
  },{
    "rbr": 4,
    "stranke": [
      {"naziv": "ODLUČNOST I PRAVEDNOST - OIP"}
    ],
    "jedinstvenaSifra": "300",
    "glasova": 185,
    "naziv": "OIP",
    "posto": "4,48",
    "lista": [{
      "rbr": 1,
      "naziv": "MARKO FRANOVIĆ",
      "glasova": 102,
      "posto": "55,13"
    },{
      "rbr": 2,
      "naziv": "MILE KOVAČ",
      "glasova": 15,
      "posto": "8,10"
    },{
      "rbr": 3,
      "naziv": "INA VUKIĆ",
      "glasova": 13,
      "posto": "7,02"
    },{
      "rbr": 4,
      "naziv": "IVANA KOVAČEVIĆ-MANDAC",
      "glasova": 2,
      "posto": "1,08"
    },{
      "rbr": 5,
      "naziv": "RUŽICA ALVIR",
      "glasova": 5,
      "posto": "2,70"
    },{
      "rbr": 6,
      "naziv": "ANTE ŠUŠNJARA",
      "glasova": 1,
      "posto": "0,54"
    }]
  },{
    "rbr": 5,
    "stranke": [
      {"naziv": "MOŽEMO! - POLITIČKA PLATFORMA"}
    ],
    "jedinstvenaSifra": "255",
    "glasova": 165,
    "naziv": "MOŽEMO! - POLITIČKA PLATFORMA",
    "posto": "4,00",
    "lista": [{
      "rbr": 1,
      "naziv": "ELENA KOMARIĆ",
      "glasova": 18,
      "posto": "10,90"
    },{
      "rbr": 2,
      "naziv": "BORNA LOZO",
      "glasova": 8,
      "posto": "4,84"
    },{
      "rbr": 3,
      "naziv": "MARTINA PODBOJ",
      "glasova": 3,
      "posto": "1,81"
    },{
      "rbr": 4,
      "naziv": "LEONARDO PIEROBON",
      "glasova": 4,
      "posto": "2,42"
    },{
      "rbr": 5,
      "naziv": "JANA DOLEČKI",
      "glasova": 5,
      "posto": "3,03"
    },{
      "rbr": 6,
      "naziv": "IVA MARČETIĆ",
      "glasova": 8,
      "posto": "4,84"
    },{
      "rbr": 7,
      "naziv": "SINIŠA LABROVIĆ",
      "glasova": 5,
      "posto": "3,03"
    }]
  },{
    "rbr": 6,
    "stranke": [
      {"naziv": "AUTOHTONA - HRVATSKA STRANKA PRAVA - DRAŽEN KELEMINEC - A - HSP - Dražen Keleminec"}
    ],
    "jedinstvenaSifra": "049",
    "glasova": 65,
    "naziv": "A - HSP - Dražen Keleminec",
    "posto": "1,57",
    "lista": [{
      "rbr": 1,
      "naziv": "IVICA ŠIMIĆ",
      "glasova": 20,
      "posto": "30,76"
    },{
      "rbr": 2,
      "naziv": "ANTE PIRIJA",
      "glasova": 1,
      "posto": "1,53"
    },{
      "rbr": 3,
      "naziv": "MILAN PAVUSA",
      "glasova": 1,
      "posto": "1,53"
    },{
      "rbr": 4,
      "naziv": "DRAŽEN GLAVICA",
      "glasova": 4,
      "posto": "6,15"
    },{
      "rbr": 5,
      "naziv": "VLADIMIR PLANTIĆ",
      "glasova": 2,
      "posto": "3,07"
    },{
      "rbr": 6,
      "naziv": "IVAN LUPINSKI",
      "glasova": 0,
      "posto": "0,00"
    },{
      "rbr": 7,
      "naziv": "MILAN MARAŠ",
      "glasova": 2,
      "posto": "3,07"
    },{
      "rbr": 8,
      "naziv": "SENAD BEGOVIĆ",
      "glasova": 1,
      "posto": "1,53"
    },{
      "rbr": 9,
      "naziv": "LUKA KOZINA",
      "glasova": 3,
      "posto": "4,61"
    },{
      "rbr": 10,
      "naziv": "PAVAO ŠIMEG",
      "glasova": 0,
      "posto": "0,00"
    },{
      "rbr": 11,
      "naziv": "MATIJA ŽIVKO",
      "glasova": 1,
      "posto": "1,53"
    },{
      "rbr": 12,
      "naziv": "ZVONKO CIGLAR",
      "glasova": 0,
      "posto": "0,00"
    },{
      "rbr": 13,
      "naziv": "JOSIP RADIČIĆ",
      "glasova": 0,
      "posto": "0,00"
    },{
      "rbr": 14,
      "naziv": "FRANJO ROŠČAK",
      "glasova": 0,
      "posto": "0,00"
    }]
  },{
    "rbr": 7,
    "stranke": [
      {"naziv": "STRANKA IVANA PERNARA"}
    ],
    "jedinstvenaSifra": "259",
    "glasova": 54,
    "naziv": "STRANKA IVANA PERNARA",
    "posto": "1,30",
    "lista": [{
      "rbr": 1,
      "naziv": "PATRIK ISKRIĆ",
      "glasova": 5,
      "posto": "9,25"
    },{
      "rbr": 2,
      "naziv": "PATRICIA ĐURIĆ",
      "glasova": 1,
      "posto": "1,85"
    },{
      "rbr": 3,
      "naziv": "LIDIJA TADIĆ",
      "glasova": 1,
      "posto": "1,85"
    },{
      "rbr": 4,
      "naziv": "MARINA JAKUPOVIĆ",
      "glasova": 1,
      "posto": "1,85"
    },{
      "rbr": 5,
      "naziv": "KSENIJA BADNJEVIĆ",
      "glasova": 2,
      "posto": "3,70"
    },{
      "rbr": 6,
      "naziv": "ANDRIJA RADIĆ",
      "glasova": 14,
      "posto": "25,92"
    }]
  },{
    "rbr": 8,
    "stranke": [
      {"naziv": "FOKUS"},
      {"naziv": "REPUBLIKA"}
    ],
    "jedinstvenaSifra": "270310",
    "glasova": 18,
    "naziv": "FOKUS, REPUBLIKA",
    "posto": "0,43",
    "lista": [{
      "rbr": 1,
      "naziv": "TOMISLAV STANTIĆ",
      "glasova": 3,
      "posto": "16,66"
    },{
      "rbr": 2,
      "naziv": "JASNA ČORDAŠ",
      "glasova": 1,
      "posto": "5,55"
    },{
      "rbr": 3,
      "naziv": "STANKO KRSTIN",
      "glasova": 1,
      "posto": "5,55"
    },{
      "rbr": 4,
      "naziv": "DIANA SARIĆ",
      "glasova": 1,
      "posto": "5,55"
    },{
      "rbr": 5,
      "naziv": "MARINKO PRĆIĆ",
      "glasova": 0,
      "posto": "0,00"
    },{
      "rbr": 6,
      "naziv": "ANA CRNKOVIĆ",
      "glasova": 1,
      "posto": "5,55"
    },{
      "rbr": 7,
      "naziv": "JOSIP SABLJAK",
      "glasova": 0,
      "posto": "0,00"
    },{
      "rbr": 8,
      "naziv": "NADA SABLJAK",
      "glasova": 0,
      "posto": "0,00"
    },{
      "rbr": 9,
      "naziv": "DRAŽEN DERANJA",
      "glasova": 0,
      "posto": "0,00"
    }]
  }]
}
