{
  "izbori": "Zastupnički izbori 2024",
  "datum": "17.04.2024.",
  "vrijeme": "21:45",
  "izboriOznaka": "02",
  "ijSifra": "001",
  "bmSifra": "000",
  "ijNaziv": "I. IZBORNA JEDINICA",
  "gropNaziv": "ZAGREB - I. IZBORNA JEDINICA",
  "bmNaziv": "",
  "bmZatvoreno": 22,
  "bmUkupno": 249,
  "biraciUkupno": 18659,
  "biraciGlasovalo": 13052,
  "biraciGlasovaloPosto": "69,95",
  "listiciUkupno": 13024,
  "listiciVazeci": 12754,
  "listiciVazeciPosto": "97,93",
  "listiciNevazeci": 270,
  "listiciNevazeciPosto": "2,07",
  "napomena": "* - objavljeni rezultati sadrže podatke samo s redovnih biračkih mjesta",
  "napomena2": "",
  "lista": [{
    "rbr": 1,
    "stranke": [
      {"naziv": "HRVATSKA DEMOKRATSKA ZAJEDNICA - HDZ"},
      {"naziv": "HRVATSKA SOCIJALNO - LIBERALNA STRANKA - HSLS"},
      {"naziv": "HRVATSKA DEMOKRŠĆANSKA STRANKA - HDS"},
      {"naziv": "HRVATSKA NARODNA STRANKA - LIBERALNI DEMOKRATI - HNS"},
      {"naziv": "HRVATSKA STRANKA UMIROVLJENIKA - HSU"}
    ],
    "jedinstvenaSifra": "001002003011023",
    "glasova": 3280,
    "naziv": "HDZ, HSLS, HDS, HNS, HSU",
    "posto": "25,71",
    "lista": [{
      "rbr": 1,
      "naziv": "ANDREJ PLENKOVIĆ",
      "glasova": 2065,
      "posto": "62,95"
    },{
      "rbr": 2,
      "naziv": "ŽELJKO REINER",
      "glasova": 54,
      "posto": "1,64"
    },{
      "rbr": 3,
      "naziv": "NINA OBULJEN KORŽINEK",
      "glasova": 25,
      "posto": "0,76"
    },{
      "rbr": 4,
      "naziv": "KREŠIMIR AČKAR",
      "glasova": 16,
      "posto": "0,48"
    },{
      "rbr": 5,
      "naziv": "DARKO KLASIĆ",
      "glasova": 18,
      "posto": "0,54"
    },{
      "rbr": 6,
      "naziv": "MARKO MILIĆ",
      "glasova": 18,
      "posto": "0,54"
    },{
      "rbr": 7,
      "naziv": "LJUBICA LUKAČIĆ",
      "glasova": 16,
      "posto": "0,48"
    },{
      "rbr": 8,
      "naziv": "ALEMKA MARKOTIĆ",
      "glasova": 109,
      "posto": "3,32"
    },{
      "rbr": 9,
      "naziv": "MATO ČIČAK",
      "glasova": 44,
      "posto": "1,34"
    },{
      "rbr": 10,
      "naziv": "MAKSIMILIJAN ŠIMRAK",
      "glasova": 43,
      "posto": "1,31"
    },{
      "rbr": 11,
      "naziv": "MARIO ŽUPAN",
      "glasova": 53,
      "posto": "1,61"
    },{
      "rbr": 12,
      "naziv": "TUGOMIR MAJDAK",
      "glasova": 56,
      "posto": "1,70"
    },{
      "rbr": 13,
      "naziv": "IVICA MIŠKULIN",
      "glasova": 12,
      "posto": "0,36"
    },{
      "rbr": 14,
      "naziv": "JOSIP LUCIĆ",
      "glasova": 57,
      "posto": "1,73"
    }]
  },{
    "rbr": 2,
    "stranke": [
      {"naziv": "SOCIJALDEMOKRATSKA PARTIJA HRVATSKE - SDP"},
      {"naziv": "CENTAR"},
      {"naziv": "HRVATSKA SELJAČKA STRANKA - HSS"},
      {"naziv": "\"DALIJA OREŠKOVIĆ I LJUDI S IMENOM I PREZIMENOM\" - \"DO i SIP\""},
      {"naziv": "NARODNA STRANKA - REFORMISTI - REFORMISTI"},
      {"naziv": "GRAĐANSKO-LIBERALNI SAVEZ - GLAS"}
    ],
    "jedinstvenaSifra": "004017162179244306",
    "glasova": 3170,
    "naziv": "SDP, CENTAR, HSS, \"DO i SIP\", REFORMISTI, GLAS",
    "posto": "24,85",
    "lista": [{
      "rbr": 1,
      "naziv": "ARSEN BAUK",
      "glasova": 883,
      "posto": "27,85"
    },{
      "rbr": 2,
      "naziv": "DALIJA OREŠKOVIĆ",
      "glasova": 621,
      "posto": "19,58"
    },{
      "rbr": 3,
      "naziv": "BRANKO KOLARIĆ",
      "glasova": 67,
      "posto": "2,11"
    },{
      "rbr": 4,
      "naziv": "MARIJANA PULJAK",
      "glasova": 53,
      "posto": "1,67"
    },{
      "rbr": 5,
      "naziv": "SARA MEDVED",
      "glasova": 23,
      "posto": "0,72"
    },{
      "rbr": 6,
      "naziv": "JOSIP TICA",
      "glasova": 37,
      "posto": "1,16"
    },{
      "rbr": 7,
      "naziv": "IVANA MLINAR",
      "glasova": 8,
      "posto": "0,25"
    },{
      "rbr": 8,
      "naziv": "FRANKO DOTA",
      "glasova": 8,
      "posto": "0,25"
    },{
      "rbr": 9,
      "naziv": "LJILJANA ŠTOKALO",
      "glasova": 8,
      "posto": "0,25"
    },{
      "rbr": 10,
      "naziv": "SAŠA STANISLAV HORVATH",
      "glasova": 2,
      "posto": "0,06"
    },{
      "rbr": 11,
      "naziv": "DALIBOR PREVENDAR",
      "glasova": 4,
      "posto": "0,12"
    },{
      "rbr": 12,
      "naziv": "LANA PAVIĆ",
      "glasova": 35,
      "posto": "1,10"
    },{
      "rbr": 13,
      "naziv": "DANICA JURIČIĆ SPASOVIĆ",
      "glasova": 34,
      "posto": "1,07"
    },{
      "rbr": 14,
      "naziv": "IVO JELUŠIĆ",
      "glasova": 27,
      "posto": "0,85"
    }]
  },{
    "rbr": 3,
    "stranke": [
      {"naziv": "MOŽEMO! - POLITIČKA PLATFORMA"}
    ],
    "jedinstvenaSifra": "255",
    "glasova": 2769,
    "naziv": "MOŽEMO! - POLITIČKA PLATFORMA",
    "posto": "21,71",
    "lista": [{
      "rbr": 1,
      "naziv": "SANDRA BENČIĆ",
      "glasova": 1242,
      "posto": "44,85"
    },{
      "rbr": 2,
      "naziv": "IVANA KEKIN",
      "glasova": 334,
      "posto": "12,06"
    },{
      "rbr": 3,
      "naziv": "DAMIR BAKIĆ",
      "glasova": 93,
      "posto": "3,35"
    },{
      "rbr": 4,
      "naziv": "TEODOR CELAKOSKI",
      "glasova": 14,
      "posto": "0,50"
    },{
      "rbr": 5,
      "naziv": "MARTA KIŠ",
      "glasova": 24,
      "posto": "0,86"
    },{
      "rbr": 6,
      "naziv": "MARIJA BRAJDIĆ VUKOVIĆ",
      "glasova": 6,
      "posto": "0,21"
    },{
      "rbr": 7,
      "naziv": "LUKA KEREČIN",
      "glasova": 7,
      "posto": "0,25"
    },{
      "rbr": 8,
      "naziv": "TOMISLAV DOMES",
      "glasova": 7,
      "posto": "0,25"
    },{
      "rbr": 9,
      "naziv": "SUZANA DOBRIĆ",
      "glasova": 9,
      "posto": "0,32"
    },{
      "rbr": 10,
      "naziv": "TONKO BOGOVAC",
      "glasova": 5,
      "posto": "0,18"
    },{
      "rbr": 11,
      "naziv": "MARIJA KRNIĆ",
      "glasova": 3,
      "posto": "0,10"
    },{
      "rbr": 12,
      "naziv": "LUKA KAMENEČKI",
      "glasova": 3,
      "posto": "0,10"
    },{
      "rbr": 13,
      "naziv": "MATKO DUJMOVIĆ",
      "glasova": 12,
      "posto": "0,43"
    },{
      "rbr": 14,
      "naziv": "JAN KRUHAK",
      "glasova": 15,
      "posto": "0,54"
    }]
  },{
    "rbr": 4,
    "stranke": [
      {"naziv": "DOMOVINSKI POKRET - DP"},
      {"naziv": "PRAVO I PRAVDA"},
      {"naziv": "BLOK ZA HRVATSKU - BLOK"},
      {"naziv": "AGRAMERI - NEZAVISNA LISTA"}
    ],
    "jedinstvenaSifra": "265267274312",
    "glasova": 1148,
    "naziv": "DP, PRAVO I PRAVDA, BLOK, AGRAMERI - NEZAVISNA LISTA",
    "posto": "9,00",
    "lista": [{
      "rbr": 1,
      "naziv": "MISLAV KOLAKUŠIĆ",
      "glasova": 443,
      "posto": "38,58"
    },{
      "rbr": 2,
      "naziv": "ZLATKO HASANBEGOVIĆ",
      "glasova": 361,
      "posto": "31,44"
    },{
      "rbr": 3,
      "naziv": "ZVONIMIR LOVRIĆ",
      "glasova": 11,
      "posto": "0,95"
    },{
      "rbr": 4,
      "naziv": "MARIJA VERONKICA CVJETKOVIĆ",
      "glasova": 9,
      "posto": "0,78"
    },{
      "rbr": 5,
      "naziv": "MISLAV BARIŠIĆ",
      "glasova": 9,
      "posto": "0,78"
    },{
      "rbr": 6,
      "naziv": "STJEPAN STANIĆ",
      "glasova": 9,
      "posto": "0,78"
    },{
      "rbr": 7,
      "naziv": "MARIJANA PEHER",
      "glasova": 3,
      "posto": "0,26"
    },{
      "rbr": 8,
      "naziv": "DALIBOR BOŽAN",
      "glasova": 18,
      "posto": "1,56"
    },{
      "rbr": 9,
      "naziv": "ANA LEDERER",
      "glasova": 24,
      "posto": "2,09"
    },{
      "rbr": 10,
      "naziv": "VLADIMIRA IVANKOVIĆ BRADIĆ",
      "glasova": 6,
      "posto": "0,52"
    },{
      "rbr": 11,
      "naziv": "ANDREJA ŠEGO TURKOVIĆ",
      "glasova": 2,
      "posto": "0,17"
    },{
      "rbr": 12,
      "naziv": "PERO IVANČIĆ",
      "glasova": 1,
      "posto": "0,08"
    },{
      "rbr": 13,
      "naziv": "DORIS PERKOVIĆ",
      "glasova": 2,
      "posto": "0,17"
    },{
      "rbr": 14,
      "naziv": "DRAŽAN DIZDAR",
      "glasova": 6,
      "posto": "0,52"
    }]
  },{
    "rbr": 5,
    "stranke": [
      {"naziv": "MOST"},
      {"naziv": "HRVATSKI SUVERENISTI"},
      {"naziv": "HRVATSKA KONZERVATIVNA STRANKA - HKS"},
      {"naziv": "NEZAVISNA LISTA MLADIH - NLM"}
    ],
    "jedinstvenaSifra": "131165188263",
    "glasova": 874,
    "naziv": "MOST, HRVATSKI SUVERENISTI, HKS, NLM",
    "posto": "6,85",
    "lista": [{
      "rbr": 1,
      "naziv": "MARIJA SELAK RASPUDIĆ",
      "glasova": 444,
      "posto": "50,80"
    },{
      "rbr": 2,
      "naziv": "IVAN BEKAVAC",
      "glasova": 22,
      "posto": "2,51"
    },{
      "rbr": 3,
      "naziv": "GLORIA TKALČIĆ",
      "glasova": 7,
      "posto": "0,80"
    },{
      "rbr": 4,
      "naziv": "BRANIMIR PERVAN",
      "glasova": 8,
      "posto": "0,91"
    },{
      "rbr": 5,
      "naziv": "NADA FINDERLE",
      "glasova": 1,
      "posto": "0,11"
    },{
      "rbr": 6,
      "naziv": "JOSIP PERIŠA",
      "glasova": 6,
      "posto": "0,68"
    },{
      "rbr": 7,
      "naziv": "IRIS VERONIKA CETINA",
      "glasova": 8,
      "posto": "0,91"
    },{
      "rbr": 8,
      "naziv": "KREŠIMIR ROTIM",
      "glasova": 10,
      "posto": "1,14"
    },{
      "rbr": 9,
      "naziv": "TINA BULIĆ",
      "glasova": 10,
      "posto": "1,14"
    },{
      "rbr": 10,
      "naziv": "LOVRO MILAKOVIĆ",
      "glasova": 5,
      "posto": "0,57"
    },{
      "rbr": 11,
      "naziv": "VALENTINA DOROTIĆ",
      "glasova": 6,
      "posto": "0,68"
    },{
      "rbr": 12,
      "naziv": "ANTONIO KULIŠ",
      "glasova": 2,
      "posto": "0,22"
    },{
      "rbr": 13,
      "naziv": "MARIJA ZUBEC",
      "glasova": 1,
      "posto": "0,11"
    },{
      "rbr": 14,
      "naziv": "DAMIR SLOJŠEK",
      "glasova": 16,
      "posto": "1,83"
    }]
  },{
    "rbr": 6,
    "stranke": [
      {"naziv": "FOKUS"},
      {"naziv": "REPUBLIKA"}
    ],
    "jedinstvenaSifra": "270310",
    "glasova": 480,
    "naziv": "FOKUS, REPUBLIKA",
    "posto": "3,76",
    "lista": [{
      "rbr": 1,
      "naziv": "DAMIR VANĐELIĆ",
      "glasova": 230,
      "posto": "47,91"
    },{
      "rbr": 2,
      "naziv": "MARTINA KOLAR BILLEGE",
      "glasova": 9,
      "posto": "1,87"
    },{
      "rbr": 3,
      "naziv": "VALENTINA PAVLOVIĆ VINOGRADAC",
      "glasova": 1,
      "posto": "0,20"
    },{
      "rbr": 4,
      "naziv": "SUZANA SKOKO",
      "glasova": 2,
      "posto": "0,41"
    },{
      "rbr": 5,
      "naziv": "MELITA BESTVINA",
      "glasova": 6,
      "posto": "1,25"
    },{
      "rbr": 6,
      "naziv": "JASNA MATASIĆ",
      "glasova": 0,
      "posto": "0,00"
    },{
      "rbr": 7,
      "naziv": "MILIVOJ MANDIĆ",
      "glasova": 1,
      "posto": "0,20"
    },{
      "rbr": 8,
      "naziv": "DOMINIK KRAMARIĆ",
      "glasova": 4,
      "posto": "0,83"
    },{
      "rbr": 9,
      "naziv": "VESELJKO RAJIČ",
      "glasova": 2,
      "posto": "0,41"
    },{
      "rbr": 10,
      "naziv": "MLADEN LASIĆ",
      "glasova": 1,
      "posto": "0,20"
    },{
      "rbr": 11,
      "naziv": "ANTONIO PRIŠĆAN",
      "glasova": 8,
      "posto": "1,66"
    },{
      "rbr": 12,
      "naziv": "MARTINA MLINAC",
      "glasova": 2,
      "posto": "0,41"
    },{
      "rbr": 13,
      "naziv": "ROBERT CAVOR",
      "glasova": 0,
      "posto": "0,00"
    },{
      "rbr": 14,
      "naziv": "IVAN ŠKEGRO",
      "glasova": 7,
      "posto": "1,45"
    }]
  },{
    "rbr": 7,
    "stranke": [
      {"naziv": "ODLUČNOST I PRAVEDNOST - OIP"}
    ],
    "jedinstvenaSifra": "300",
    "glasova": 261,
    "naziv": "OIP",
    "posto": "2,04",
    "lista": [{
      "rbr": 1,
      "naziv": "KAROLINA VIDOVIĆ KRIŠTO",
      "glasova": 216,
      "posto": "82,75"
    },{
      "rbr": 2,
      "naziv": "DINO SAČARIĆ",
      "glasova": 0,
      "posto": "0,00"
    },{
      "rbr": 3,
      "naziv": "TOMISLAV ANTE ZRNC",
      "glasova": 1,
      "posto": "0,38"
    },{
      "rbr": 4,
      "naziv": "PETAR PETROVSKI",
      "glasova": 0,
      "posto": "0,00"
    },{
      "rbr": 5,
      "naziv": "JOSIP TOMIČIĆ",
      "glasova": 0,
      "posto": "0,00"
    },{
      "rbr": 6,
      "naziv": "HRVOJE LEKO",
      "glasova": 0,
      "posto": "0,00"
    },{
      "rbr": 7,
      "naziv": "DARINKA MILJANA BARRUETO JAMAN",
      "glasova": 1,
      "posto": "0,38"
    },{
      "rbr": 8,
      "naziv": "IVAN GLAVURDIĆ",
      "glasova": 2,
      "posto": "0,76"
    },{
      "rbr": 9,
      "naziv": "IVANA ŠIKIĆ",
      "glasova": 3,
      "posto": "1,14"
    },{
      "rbr": 10,
      "naziv": "DRAGAN KORUGA",
      "glasova": 0,
      "posto": "0,00"
    },{
      "rbr": 11,
      "naziv": "SLAVEN RUPČIĆ",
      "glasova": 2,
      "posto": "0,76"
    },{
      "rbr": 12,
      "naziv": "KRUNO POLJANČIĆ",
      "glasova": 0,
      "posto": "0,00"
    },{
      "rbr": 13,
      "naziv": "DANIJELA CVITANOVIĆ",
      "glasova": 2,
      "posto": "0,76"
    },{
      "rbr": 14,
      "naziv": "DAVOR KRNJAK",
      "glasova": 2,
      "posto": "0,76"
    }]
  },{
    "rbr": 8,
    "stranke": [
      {"naziv": "UMIROVLJENICI ZAJEDNO - POLITIČKA PLATFORMA - UMIROVLJENICI ZAJEDNO"},
      {"naziv": "STRANKA UMIROVLJENIKA - SU"},
      {"naziv": "BLOK UMIROVLJENICI ZAJEDNO - BUZ"},
      {"naziv": "DEMOKRATSKA STRANKA UMIROVLJENIKA - DSU"}
    ],
    "jedinstvenaSifra": "039041102301",
    "glasova": 252,
    "naziv": "UMIROVLJENICI ZAJEDNO, SU, BUZ, DSU",
    "posto": "1,97",
    "lista": [{
      "rbr": 1,
      "naziv": "MILIVOJ ŠPIKA",
      "glasova": 88,
      "posto": "34,92"
    },{
      "rbr": 2,
      "naziv": "DRAŽEN ŠTIGLIĆ",
      "glasova": 12,
      "posto": "4,76"
    },{
      "rbr": 3,
      "naziv": "ANKICA BIRTIĆ",
      "glasova": 4,
      "posto": "1,58"
    },{
      "rbr": 4,
      "naziv": "LJEPOSAVA BARTA",
      "glasova": 11,
      "posto": "4,36"
    },{
      "rbr": 5,
      "naziv": "IVAN KRESONJA",
      "glasova": 0,
      "posto": "0,00"
    },{
      "rbr": 6,
      "naziv": "DRAGAN ŠOLAJA",
      "glasova": 2,
      "posto": "0,79"
    },{
      "rbr": 7,
      "naziv": "PREDRAG BISIĆ",
      "glasova": 1,
      "posto": "0,39"
    },{
      "rbr": 8,
      "naziv": "KATA ALAVANJA",
      "glasova": 3,
      "posto": "1,19"
    },{
      "rbr": 9,
      "naziv": "VERICA LEŠKOVIĆ",
      "glasova": 4,
      "posto": "1,58"
    },{
      "rbr": 10,
      "naziv": "ANĐA BOŠNJAKOVIĆ",
      "glasova": 0,
      "posto": "0,00"
    },{
      "rbr": 11,
      "naziv": "PEPICA CRNIĆ",
      "glasova": 5,
      "posto": "1,98"
    },{
      "rbr": 12,
      "naziv": "MARTINA MARIJANČIĆ",
      "glasova": 3,
      "posto": "1,19"
    },{
      "rbr": 13,
      "naziv": "STJEPAN ČIRJAK",
      "glasova": 4,
      "posto": "1,58"
    },{
      "rbr": 14,
      "naziv": "ŠTEFICA MARINOVIĆ",
      "glasova": 7,
      "posto": "2,77"
    }]
  },{
    "rbr": 9,
    "stranke": [
      {"naziv": "SOCIJALDEMOKRATI"},
      {"naziv": "ISTARSKI DEMOKRATSKI SABOR - IDS"},
      {"naziv": "PRIMORSKO GORANSKI SAVEZ - PGS"},
      {"naziv": "HRVATSKI LABURISTI - STRANKA RADA - LABURISTI"},
      {"naziv": "DEMOKRATI"}
    ],
    "jedinstvenaSifra": "005006100251299",
    "glasova": 127,
    "naziv": "SOCIJALDEMOKRATI, IDS, PGS, LABURISTI, DEMOKRATI",
    "posto": "0,99",
    "lista": [{
      "rbr": 1,
      "naziv": "DAVORKO VIDOVIĆ",
      "glasova": 64,
      "posto": "50,39"
    },{
      "rbr": 2,
      "naziv": "IVANA POSAVEC KRIVEC",
      "glasova": 2,
      "posto": "1,57"
    },{
      "rbr": 3,
      "naziv": "SANJA ŠUTEJ",
      "glasova": 5,
      "posto": "3,93"
    },{
      "rbr": 4,
      "naziv": "STANISLAV FRANČIŠKOVIĆ BILINSKI",
      "glasova": 0,
      "posto": "0,00"
    },{
      "rbr": 5,
      "naziv": "MATO ŠIMIĆ",
      "glasova": 1,
      "posto": "0,78"
    },{
      "rbr": 6,
      "naziv": "MAJA GLIBO PRICA",
      "glasova": 0,
      "posto": "0,00"
    },{
      "rbr": 7,
      "naziv": "IGOR MATIJEVAC",
      "glasova": 1,
      "posto": "0,78"
    },{
      "rbr": 8,
      "naziv": "NEDJELJKO TUDJA",
      "glasova": 2,
      "posto": "1,57"
    },{
      "rbr": 9,
      "naziv": "SANJICA FRESL",
      "glasova": 0,
      "posto": "0,00"
    },{
      "rbr": 10,
      "naziv": "MLADEN PETRONIJEVIĆ",
      "glasova": 0,
      "posto": "0,00"
    },{
      "rbr": 11,
      "naziv": "NINA PLEŠE",
      "glasova": 1,
      "posto": "0,78"
    },{
      "rbr": 12,
      "naziv": "KATICA POŽEGA",
      "glasova": 0,
      "posto": "0,00"
    },{
      "rbr": 13,
      "naziv": "ADRIAN ŠEVIĆ",
      "glasova": 1,
      "posto": "0,78"
    },{
      "rbr": 14,
      "naziv": "BARBARA-ELIZABETA OTHMAN",
      "glasova": 0,
      "posto": "0,00"
    }]
  },{
    "rbr": 10,
    "stranke": [
      {"naziv": "RADNIČKA FRONTA - RF"}
    ],
    "jedinstvenaSifra": "168",
    "glasova": 112,
    "naziv": "RF",
    "posto": "0,87",
    "lista": [{
      "rbr": 1,
      "naziv": "DENIS GETO",
      "glasova": 8,
      "posto": "7,14"
    },{
      "rbr": 2,
      "naziv": "ŽELJKA BILOŠ",
      "glasova": 3,
      "posto": "2,67"
    },{
      "rbr": 3,
      "naziv": "NENAD RIZVANOVIĆ",
      "glasova": 3,
      "posto": "2,67"
    },{
      "rbr": 4,
      "naziv": "KARMEN RATKOVIĆ",
      "glasova": 0,
      "posto": "0,00"
    },{
      "rbr": 5,
      "naziv": "VLADIMIR CVETKOVIĆ",
      "glasova": 2,
      "posto": "1,78"
    },{
      "rbr": 6,
      "naziv": "MILENA KRAMER",
      "glasova": 1,
      "posto": "0,89"
    },{
      "rbr": 7,
      "naziv": "ŽELJKO KAŠAJ",
      "glasova": 0,
      "posto": "0,00"
    },{
      "rbr": 8,
      "naziv": "JOSIPA VLASAC GLASNOVIĆ",
      "glasova": 1,
      "posto": "0,89"
    },{
      "rbr": 9,
      "naziv": "ANTONIO HORVATIĆ",
      "glasova": 1,
      "posto": "0,89"
    },{
      "rbr": 10,
      "naziv": "BARBARA TRBOJEVIĆ",
      "glasova": 2,
      "posto": "1,78"
    },{
      "rbr": 11,
      "naziv": "NEVEN BRNJAS",
      "glasova": 1,
      "posto": "0,89"
    },{
      "rbr": 12,
      "naziv": "BRANKA GALIĆ",
      "glasova": 1,
      "posto": "0,89"
    },{
      "rbr": 13,
      "naziv": "SINIŠA BARIŠIĆ",
      "glasova": 0,
      "posto": "0,00"
    },{
      "rbr": 14,
      "naziv": "VELIBOR ZANINOVIĆ",
      "glasova": 2,
      "posto": "1,78"
    }]
  },{
    "rbr": 11,
    "stranke": [
      {"naziv": "STRANKA IVANA PERNARA"}
    ],
    "jedinstvenaSifra": "259",
    "glasova": 91,
    "naziv": "STRANKA IVANA PERNARA",
    "posto": "0,71",
    "lista": [{
      "rbr": 1,
      "naziv": "LEONARDO LAMON",
      "glasova": 7,
      "posto": "7,69"
    },{
      "rbr": 2,
      "naziv": "DUBRAVKA DRAGUN",
      "glasova": 5,
      "posto": "5,49"
    },{
      "rbr": 3,
      "naziv": "LEO ALAGIĆ",
      "glasova": 14,
      "posto": "15,38"
    },{
      "rbr": 4,
      "naziv": "DIJANA DELIĆ",
      "glasova": 4,
      "posto": "4,39"
    },{
      "rbr": 5,
      "naziv": "ZDENKO RINČIĆ",
      "glasova": 0,
      "posto": "0,00"
    },{
      "rbr": 6,
      "naziv": "MIRA KRIVOŠIJA",
      "glasova": 0,
      "posto": "0,00"
    },{
      "rbr": 7,
      "naziv": "ANA RADOŠ",
      "glasova": 1,
      "posto": "1,09"
    },{
      "rbr": 8,
      "naziv": "KARMELA FIŠER",
      "glasova": 0,
      "posto": "0,00"
    },{
      "rbr": 9,
      "naziv": "MARKO KLIŠANIĆ",
      "glasova": 0,
      "posto": "0,00"
    },{
      "rbr": 10,
      "naziv": "NEVENKA BORJAN",
      "glasova": 0,
      "posto": "0,00"
    },{
      "rbr": 11,
      "naziv": "JAN ŠEREŠ",
      "glasova": 0,
      "posto": "0,00"
    },{
      "rbr": 12,
      "naziv": "MARKO PETROVIĆ",
      "glasova": 0,
      "posto": "0,00"
    },{
      "rbr": 13,
      "naziv": "HUBERT LOOS",
      "glasova": 1,
      "posto": "1,09"
    },{
      "rbr": 14,
      "naziv": "DAVOR PERNAR",
      "glasova": 8,
      "posto": "8,79"
    }]
  },{
    "rbr": 12,
    "stranke": [
      {"naziv": "HRVATSKA STRANKA PRAVA - HSP"},
      {"naziv": "HRVATSKO BILO"},
      {"naziv": "HRVATSKA DEMOKRATSKA SELJAČKA STRANKA - HDSS"}
    ],
    "jedinstvenaSifra": "007018308",
    "glasova": 48,
    "naziv": "HSP, HRVATSKO BILO, HDSS",
    "posto": "0,37",
    "lista": [{
      "rbr": 1,
      "naziv": "STEFAN NOVAK",
      "glasova": 2,
      "posto": "4,16"
    },{
      "rbr": 2,
      "naziv": "DAMIR KATULIĆ",
      "glasova": 5,
      "posto": "10,41"
    },{
      "rbr": 3,
      "naziv": "STJEPAN PALČIĆ",
      "glasova": 4,
      "posto": "8,33"
    },{
      "rbr": 4,
      "naziv": "MATE BEKAVAC",
      "glasova": 1,
      "posto": "2,08"
    },{
      "rbr": 5,
      "naziv": "IVICA GAŠPAR",
      "glasova": 0,
      "posto": "0,00"
    },{
      "rbr": 6,
      "naziv": "IVAN PALČIĆ",
      "glasova": 2,
      "posto": "4,16"
    },{
      "rbr": 7,
      "naziv": "MAJA JUKIĆ",
      "glasova": 3,
      "posto": "6,25"
    },{
      "rbr": 8,
      "naziv": "DANKO IŠTVANEK",
      "glasova": 0,
      "posto": "0,00"
    },{
      "rbr": 9,
      "naziv": "ROBERT BODRUŽIĆ",
      "glasova": 0,
      "posto": "0,00"
    },{
      "rbr": 10,
      "naziv": "IVANA VRSELJA",
      "glasova": 0,
      "posto": "0,00"
    },{
      "rbr": 11,
      "naziv": "KARLO BLAGAJ",
      "glasova": 0,
      "posto": "0,00"
    },{
      "rbr": 12,
      "naziv": "MIRJANA HEGEDUŠ",
      "glasova": 0,
      "posto": "0,00"
    },{
      "rbr": 13,
      "naziv": "IVAN JURIŠIĆ",
      "glasova": 8,
      "posto": "16,66"
    },{
      "rbr": 14,
      "naziv": "LJILJANA GLAD",
      "glasova": 2,
      "posto": "4,16"
    }]
  },{
    "rbr": 13,
    "stranke": [
      {"naziv": "POKRET ZA MODERNU HRVATSKU"}
    ],
    "jedinstvenaSifra": "118",
    "glasova": 42,
    "naziv": "POKRET ZA MODERNU HRVATSKU",
    "posto": "0,32",
    "lista": [{
      "rbr": 1,
      "naziv": "SONJA VIDOŠEVIĆ LJUBIĆ",
      "glasova": 7,
      "posto": "16,66"
    },{
      "rbr": 2,
      "naziv": "DAMIR MIHELIĆ",
      "glasova": 0,
      "posto": "0,00"
    },{
      "rbr": 3,
      "naziv": "ELLA DELAČ",
      "glasova": 1,
      "posto": "2,38"
    },{
      "rbr": 4,
      "naziv": "IVAN PURGAR",
      "glasova": 2,
      "posto": "4,76"
    },{
      "rbr": 5,
      "naziv": "TENA ŠAMEC",
      "glasova": 0,
      "posto": "0,00"
    },{
      "rbr": 6,
      "naziv": "JURICA ILIĆ",
      "glasova": 0,
      "posto": "0,00"
    },{
      "rbr": 7,
      "naziv": "KATARINA BERIŠIĆ",
      "glasova": 0,
      "posto": "0,00"
    },{
      "rbr": 8,
      "naziv": "ŽELJKO ŽEGARAC",
      "glasova": 0,
      "posto": "0,00"
    },{
      "rbr": 9,
      "naziv": "MARIJA JELIĆ",
      "glasova": 0,
      "posto": "0,00"
    },{
      "rbr": 10,
      "naziv": "LUKA GAŠPAROVIĆ",
      "glasova": 0,
      "posto": "0,00"
    },{
      "rbr": 11,
      "naziv": "SNJEŽANA IVČEVIĆ",
      "glasova": 0,
      "posto": "0,00"
    },{
      "rbr": 12,
      "naziv": "JOSIP PALIĆ",
      "glasova": 1,
      "posto": "2,38"
    },{
      "rbr": 13,
      "naziv": "MATEA PIKNJAČ",
      "glasova": 1,
      "posto": "2,38"
    },{
      "rbr": 14,
      "naziv": "VLADO PODHRAŠKI",
      "glasova": 0,
      "posto": "0,00"
    }]
  },{
    "rbr": 14,
    "stranke": [
      {"naziv": "AGRARNA STRANKA - POKRET ZA HRVATSKU POLJOPRIVREDU"},
      {"naziv": "AKCIJA ZA PROMJENE"}
    ],
    "jedinstvenaSifra": "303305",
    "glasova": 41,
    "naziv": "AGRARNA STRANKA - POKRET ZA HRVATSKU POLJOPRIVREDU, AKCIJA ZA PROMJENE",
    "posto": "0,32",
    "lista": [{
      "rbr": 1,
      "naziv": "ROBERT HADŽIĆ",
      "glasova": 4,
      "posto": "9,75"
    },{
      "rbr": 2,
      "naziv": "ŽELJKO ILIČIĆ",
      "glasova": 0,
      "posto": "0,00"
    },{
      "rbr": 3,
      "naziv": "ŽELIMIRA VRABEC",
      "glasova": 0,
      "posto": "0,00"
    },{
      "rbr": 4,
      "naziv": "MARIO ZACCARIA",
      "glasova": 0,
      "posto": "0,00"
    },{
      "rbr": 5,
      "naziv": "ALBERT MARINCULIĆ",
      "glasova": 2,
      "posto": "4,87"
    },{
      "rbr": 6,
      "naziv": "MIA CRNČIĆ",
      "glasova": 3,
      "posto": "7,31"
    },{
      "rbr": 7,
      "naziv": "ŽELJKO POKASIĆ",
      "glasova": 0,
      "posto": "0,00"
    },{
      "rbr": 8,
      "naziv": "LADA KRALJEVIĆ",
      "glasova": 2,
      "posto": "4,87"
    },{
      "rbr": 9,
      "naziv": "MATE BULJAN",
      "glasova": 0,
      "posto": "0,00"
    },{
      "rbr": 10,
      "naziv": "INES VRBAN",
      "glasova": 2,
      "posto": "4,87"
    },{
      "rbr": 11,
      "naziv": "MLADEN DUJMOVIĆ",
      "glasova": 0,
      "posto": "0,00"
    },{
      "rbr": 12,
      "naziv": "ANTONIA HOHNJEC",
      "glasova": 0,
      "posto": "0,00"
    },{
      "rbr": 13,
      "naziv": "LJUBICA PAVRLIŠAK MARINCULIĆ",
      "glasova": 1,
      "posto": "2,43"
    },{
      "rbr": 14,
      "naziv": "DENIS CVITKOVIĆ",
      "glasova": 0,
      "posto": "0,00"
    }]
  },{
    "rbr": 15,
    "stranke": [
      {"naziv": "AUTOHTONA - HRVATSKA STRANKA PRAVA - DRAŽEN KELEMINEC - A - HSP - Dražen Keleminec"}
    ],
    "jedinstvenaSifra": "049",
    "glasova": 25,
    "naziv": "A - HSP - Dražen Keleminec",
    "posto": "0,19",
    "lista": [{
      "rbr": 1,
      "naziv": "TEOFIL KOŽUL",
      "glasova": 0,
      "posto": "0,00"
    },{
      "rbr": 2,
      "naziv": "BORIS TAKAČ",
      "glasova": 0,
      "posto": "0,00"
    },{
      "rbr": 3,
      "naziv": "ANTONIJO ZIDAR",
      "glasova": 0,
      "posto": "0,00"
    },{
      "rbr": 4,
      "naziv": "ALOJZ HRŽENJAK",
      "glasova": 1,
      "posto": "4,00"
    },{
      "rbr": 5,
      "naziv": "JADRANKA BIŠČANIĆ",
      "glasova": 0,
      "posto": "0,00"
    },{
      "rbr": 6,
      "naziv": "ZDENKA BEBEK",
      "glasova": 0,
      "posto": "0,00"
    },{
      "rbr": 7,
      "naziv": "RAJKO RADAČIĆ",
      "glasova": 3,
      "posto": "12,00"
    },{
      "rbr": 8,
      "naziv": "VATROSLAVA BUDIMIR",
      "glasova": 0,
      "posto": "0,00"
    },{
      "rbr": 9,
      "naziv": "ZVEZDANA POSTRUŽIN",
      "glasova": 1,
      "posto": "4,00"
    },{
      "rbr": 10,
      "naziv": "DRAGUTIN BELOŠEVIĆ",
      "glasova": 0,
      "posto": "0,00"
    },{
      "rbr": 11,
      "naziv": "VIŠNJA ZIEGELMEYER",
      "glasova": 0,
      "posto": "0,00"
    },{
      "rbr": 12,
      "naziv": "GORAN POSTRUŽIN",
      "glasova": 0,
      "posto": "0,00"
    },{
      "rbr": 13,
      "naziv": "MILE PAULIĆ",
      "glasova": 0,
      "posto": "0,00"
    },{
      "rbr": 14,
      "naziv": "NADA LAZAREVIĆ",
      "glasova": 0,
      "posto": "0,00"
    }]
  },{
    "rbr": 16,
    "stranke": [
      {"naziv": "PRAVEDNA HRVATSKA - PH"}
    ],
    "jedinstvenaSifra": "298",
    "glasova": 18,
    "naziv": "PH",
    "posto": "0,14",
    "lista": [{
      "rbr": 1,
      "naziv": "MILAN VRKLJAN",
      "glasova": 2,
      "posto": "11,11"
    },{
      "rbr": 2,
      "naziv": "TIHOMIR MAJIĆ",
      "glasova": 0,
      "posto": "0,00"
    },{
      "rbr": 3,
      "naziv": "VESNA ČIŽMAR",
      "glasova": 0,
      "posto": "0,00"
    },{
      "rbr": 4,
      "naziv": "ROBERT LILION",
      "glasova": 0,
      "posto": "0,00"
    },{
      "rbr": 5,
      "naziv": "JADRANKA PERASIĆ",
      "glasova": 0,
      "posto": "0,00"
    },{
      "rbr": 6,
      "naziv": "ŽELJKO STILINOVIĆ",
      "glasova": 0,
      "posto": "0,00"
    },{
      "rbr": 7,
      "naziv": "KATICA DŽIJAN LILION",
      "glasova": 1,
      "posto": "5,55"
    },{
      "rbr": 8,
      "naziv": "ŽELJKO STARČEVIĆ",
      "glasova": 1,
      "posto": "5,55"
    },{
      "rbr": 9,
      "naziv": "SANJA ERDELJA-ŠENJUG",
      "glasova": 1,
      "posto": "5,55"
    },{
      "rbr": 10,
      "naziv": "MARIO VRKLJAN",
      "glasova": 0,
      "posto": "0,00"
    },{
      "rbr": 11,
      "naziv": "MIRJANA VRKLJAN RADOŠEVIĆ",
      "glasova": 0,
      "posto": "0,00"
    },{
      "rbr": 12,
      "naziv": "DARKO PODGORELEC",
      "glasova": 0,
      "posto": "0,00"
    },{
      "rbr": 13,
      "naziv": "DAVOR JANDRIĆ",
      "glasova": 1,
      "posto": "5,55"
    },{
      "rbr": 14,
      "naziv": "JOSIPA OTTA PAUN",
      "glasova": 1,
      "posto": "5,55"
    }]
  },{
    "rbr": 17,
    "stranke": [
      {"naziv": "JAVNO DOBRO"}
    ],
    "jedinstvenaSifra": "309",
    "glasova": 16,
    "naziv": "JAVNO DOBRO",
    "posto": "0,12",
    "lista": [{
      "rbr": 1,
      "naziv": "DINKA PAVELIĆ",
      "glasova": 6,
      "posto": "37,50"
    },{
      "rbr": 2,
      "naziv": "MARKO MILIN",
      "glasova": 0,
      "posto": "0,00"
    },{
      "rbr": 3,
      "naziv": "HRVOJE ČUPIĆ",
      "glasova": 1,
      "posto": "6,25"
    },{
      "rbr": 4,
      "naziv": "LJILJANA MIHALJEVIĆ",
      "glasova": 0,
      "posto": "0,00"
    },{
      "rbr": 5,
      "naziv": "ZORAN GRANCARIĆ",
      "glasova": 0,
      "posto": "0,00"
    },{
      "rbr": 6,
      "naziv": "DAVORKA KATARINA CINDRIĆ",
      "glasova": 0,
      "posto": "0,00"
    },{
      "rbr": 7,
      "naziv": "RENATA SKOVRON",
      "glasova": 0,
      "posto": "0,00"
    },{
      "rbr": 8,
      "naziv": "NATAŠA JURLIN",
      "glasova": 0,
      "posto": "0,00"
    },{
      "rbr": 9,
      "naziv": "DAMIR PIJAŽA-MIKELIĆ",
      "glasova": 0,
      "posto": "0,00"
    },{
      "rbr": 10,
      "naziv": "MILOŠ ILIĆ",
      "glasova": 1,
      "posto": "6,25"
    },{
      "rbr": 11,
      "naziv": "GALINA POPOVIĆ",
      "glasova": 0,
      "posto": "0,00"
    },{
      "rbr": 12,
      "naziv": "NINO REBRONJA",
      "glasova": 0,
      "posto": "0,00"
    },{
      "rbr": 13,
      "naziv": "IVA TADIĆ",
      "glasova": 3,
      "posto": "18,75"
    },{
      "rbr": 14,
      "naziv": "LJUBICA ĐANKOVIĆ",
      "glasova": 0,
      "posto": "0,00"
    }]
  }]
}
