{
  "izbori": "Zastupnički izbori 2024",
  "datum": "17.04.2024.",
  "vrijeme": "21:45",
  "izboriOznaka": "02",
  "ijSifra": "001",
  "bmSifra": "000",
  "ijNaziv": "I. IZBORNA JEDINICA",
  "gropNaziv": "",
  "bmNaziv": "",
  "bmZatvoreno": 186,
  "bmUkupno": 676,
  "biraciUkupno": 33851,
  "biraciGlasovalo": 23016,
  "biraciGlasovaloPosto": "67,99",
  "listiciUkupno": 22986,
  "listiciVazeci": 22453,
  "listiciVazeciPosto": "97,68",
  "listiciNevazeci": 533,
  "listiciNevazeciPosto": "2,32",
  "napomena": "* - objavljeni rezultati sadrže i podatke s posebnih biračkih mjesta te s biračkih mjesta u inozemstvu",
  "napomena2": "",
  "lista": [{
    "rbr": 1,
    "stranke": [
      {"naziv": "HRVATSKA DEMOKRATSKA ZAJEDNICA - HDZ"},
      {"naziv": "HRVATSKA SOCIJALNO - LIBERALNA STRANKA - HSLS"},
      {"naziv": "HRVATSKA DEMOKRŠĆANSKA STRANKA - HDS"},
      {"naziv": "HRVATSKA NARODNA STRANKA - LIBERALNI DEMOKRATI - HNS"},
      {"naziv": "HRVATSKA STRANKA UMIROVLJENIKA - HSU"}
    ],
    "jedinstvenaSifra": "001002003011023",
    "glasova": 6832,
    "naziv": "HDZ, HSLS, HDS, HNS, HSU",
    "posto": "30,42",
    "lista": [{
      "rbr": 1,
      "naziv": "ANDREJ PLENKOVIĆ",
      "glasova": 3337,
      "posto": "48,84"
    },{
      "rbr": 2,
      "naziv": "ŽELJKO REINER",
      "glasova": 73,
      "posto": "1,06"
    },{
      "rbr": 3,
      "naziv": "NINA OBULJEN KORŽINEK",
      "glasova": 36,
      "posto": "0,52"
    },{
      "rbr": 4,
      "naziv": "KREŠIMIR AČKAR",
      "glasova": 1479,
      "posto": "21,64"
    },{
      "rbr": 5,
      "naziv": "DARKO KLASIĆ",
      "glasova": 27,
      "posto": "0,39"
    },{
      "rbr": 6,
      "naziv": "MARKO MILIĆ",
      "glasova": 27,
      "posto": "0,39"
    },{
      "rbr": 7,
      "naziv": "LJUBICA LUKAČIĆ",
      "glasova": 21,
      "posto": "0,30"
    },{
      "rbr": 8,
      "naziv": "ALEMKA MARKOTIĆ",
      "glasova": 143,
      "posto": "2,09"
    },{
      "rbr": 9,
      "naziv": "MATO ČIČAK",
      "glasova": 61,
      "posto": "0,89"
    },{
      "rbr": 10,
      "naziv": "MAKSIMILIJAN ŠIMRAK",
      "glasova": 45,
      "posto": "0,65"
    },{
      "rbr": 11,
      "naziv": "MARIO ŽUPAN",
      "glasova": 58,
      "posto": "0,84"
    },{
      "rbr": 12,
      "naziv": "TUGOMIR MAJDAK",
      "glasova": 63,
      "posto": "0,92"
    },{
      "rbr": 13,
      "naziv": "IVICA MIŠKULIN",
      "glasova": 13,
      "posto": "0,19"
    },{
      "rbr": 14,
      "naziv": "JOSIP LUCIĆ",
      "glasova": 83,
      "posto": "1,21"
    }]
  },{
    "rbr": 2,
    "stranke": [
      {"naziv": "SOCIJALDEMOKRATSKA PARTIJA HRVATSKE - SDP"},
      {"naziv": "CENTAR"},
      {"naziv": "HRVATSKA SELJAČKA STRANKA - HSS"},
      {"naziv": "\"DALIJA OREŠKOVIĆ I LJUDI S IMENOM I PREZIMENOM\" - \"DO i SIP\""},
      {"naziv": "NARODNA STRANKA - REFORMISTI - REFORMISTI"},
      {"naziv": "GRAĐANSKO-LIBERALNI SAVEZ - GLAS"}
    ],
    "jedinstvenaSifra": "004017162179244306",
    "glasova": 5217,
    "naziv": "SDP, CENTAR, HSS, \"DO i SIP\", REFORMISTI, GLAS",
    "posto": "23,23",
    "lista": [{
      "rbr": 1,
      "naziv": "ARSEN BAUK",
      "glasova": 1479,
      "posto": "28,34"
    },{
      "rbr": 2,
      "naziv": "DALIJA OREŠKOVIĆ",
      "glasova": 993,
      "posto": "19,03"
    },{
      "rbr": 3,
      "naziv": "BRANKO KOLARIĆ",
      "glasova": 93,
      "posto": "1,78"
    },{
      "rbr": 4,
      "naziv": "MARIJANA PULJAK",
      "glasova": 80,
      "posto": "1,53"
    },{
      "rbr": 5,
      "naziv": "SARA MEDVED",
      "glasova": 39,
      "posto": "0,74"
    },{
      "rbr": 6,
      "naziv": "JOSIP TICA",
      "glasova": 53,
      "posto": "1,01"
    },{
      "rbr": 7,
      "naziv": "IVANA MLINAR",
      "glasova": 83,
      "posto": "1,59"
    },{
      "rbr": 8,
      "naziv": "FRANKO DOTA",
      "glasova": 8,
      "posto": "0,15"
    },{
      "rbr": 9,
      "naziv": "LJILJANA ŠTOKALO",
      "glasova": 12,
      "posto": "0,23"
    },{
      "rbr": 10,
      "naziv": "SAŠA STANISLAV HORVATH",
      "glasova": 5,
      "posto": "0,09"
    },{
      "rbr": 11,
      "naziv": "DALIBOR PREVENDAR",
      "glasova": 7,
      "posto": "0,13"
    },{
      "rbr": 12,
      "naziv": "LANA PAVIĆ",
      "glasova": 50,
      "posto": "0,95"
    },{
      "rbr": 13,
      "naziv": "DANICA JURIČIĆ SPASOVIĆ",
      "glasova": 38,
      "posto": "0,72"
    },{
      "rbr": 14,
      "naziv": "IVO JELUŠIĆ",
      "glasova": 97,
      "posto": "1,85"
    }]
  },{
    "rbr": 3,
    "stranke": [
      {"naziv": "MOŽEMO! - POLITIČKA PLATFORMA"}
    ],
    "jedinstvenaSifra": "255",
    "glasova": 3753,
    "naziv": "MOŽEMO! - POLITIČKA PLATFORMA",
    "posto": "16,71",
    "lista": [{
      "rbr": 1,
      "naziv": "SANDRA BENČIĆ",
      "glasova": 1710,
      "posto": "45,56"
    },{
      "rbr": 2,
      "naziv": "IVANA KEKIN",
      "glasova": 457,
      "posto": "12,17"
    },{
      "rbr": 3,
      "naziv": "DAMIR BAKIĆ",
      "glasova": 109,
      "posto": "2,90"
    },{
      "rbr": 4,
      "naziv": "TEODOR CELAKOSKI",
      "glasova": 20,
      "posto": "0,53"
    },{
      "rbr": 5,
      "naziv": "MARTA KIŠ",
      "glasova": 28,
      "posto": "0,74"
    },{
      "rbr": 6,
      "naziv": "MARIJA BRAJDIĆ VUKOVIĆ",
      "glasova": 7,
      "posto": "0,18"
    },{
      "rbr": 7,
      "naziv": "LUKA KEREČIN",
      "glasova": 11,
      "posto": "0,29"
    },{
      "rbr": 8,
      "naziv": "TOMISLAV DOMES",
      "glasova": 8,
      "posto": "0,21"
    },{
      "rbr": 9,
      "naziv": "SUZANA DOBRIĆ",
      "glasova": 11,
      "posto": "0,29"
    },{
      "rbr": 10,
      "naziv": "TONKO BOGOVAC",
      "glasova": 9,
      "posto": "0,23"
    },{
      "rbr": 11,
      "naziv": "MARIJA KRNIĆ",
      "glasova": 4,
      "posto": "0,10"
    },{
      "rbr": 12,
      "naziv": "LUKA KAMENEČKI",
      "glasova": 4,
      "posto": "0,10"
    },{
      "rbr": 13,
      "naziv": "MATKO DUJMOVIĆ",
      "glasova": 14,
      "posto": "0,37"
    },{
      "rbr": 14,
      "naziv": "JAN KRUHAK",
      "glasova": 24,
      "posto": "0,63"
    }]
  },{
    "rbr": 4,
    "stranke": [
      {"naziv": "DOMOVINSKI POKRET - DP"},
      {"naziv": "PRAVO I PRAVDA"},
      {"naziv": "BLOK ZA HRVATSKU - BLOK"},
      {"naziv": "AGRAMERI - NEZAVISNA LISTA"}
    ],
    "jedinstvenaSifra": "265267274312",
    "glasova": 2194,
    "naziv": "DP, PRAVO I PRAVDA, BLOK, AGRAMERI - NEZAVISNA LISTA",
    "posto": "9,77",
    "lista": [{
      "rbr": 1,
      "naziv": "MISLAV KOLAKUŠIĆ",
      "glasova": 896,
      "posto": "40,83"
    },{
      "rbr": 2,
      "naziv": "ZLATKO HASANBEGOVIĆ",
      "glasova": 553,
      "posto": "25,20"
    },{
      "rbr": 3,
      "naziv": "ZVONIMIR LOVRIĆ",
      "glasova": 47,
      "posto": "2,14"
    },{
      "rbr": 4,
      "naziv": "MARIJA VERONKICA CVJETKOVIĆ",
      "glasova": 18,
      "posto": "0,82"
    },{
      "rbr": 5,
      "naziv": "MISLAV BARIŠIĆ",
      "glasova": 14,
      "posto": "0,63"
    },{
      "rbr": 6,
      "naziv": "STJEPAN STANIĆ",
      "glasova": 17,
      "posto": "0,77"
    },{
      "rbr": 7,
      "naziv": "MARIJANA PEHER",
      "glasova": 15,
      "posto": "0,68"
    },{
      "rbr": 8,
      "naziv": "DALIBOR BOŽAN",
      "glasova": 19,
      "posto": "0,86"
    },{
      "rbr": 9,
      "naziv": "ANA LEDERER",
      "glasova": 43,
      "posto": "1,95"
    },{
      "rbr": 10,
      "naziv": "VLADIMIRA IVANKOVIĆ BRADIĆ",
      "glasova": 8,
      "posto": "0,36"
    },{
      "rbr": 11,
      "naziv": "ANDREJA ŠEGO TURKOVIĆ",
      "glasova": 2,
      "posto": "0,09"
    },{
      "rbr": 12,
      "naziv": "PERO IVANČIĆ",
      "glasova": 5,
      "posto": "0,22"
    },{
      "rbr": 13,
      "naziv": "DORIS PERKOVIĆ",
      "glasova": 5,
      "posto": "0,22"
    },{
      "rbr": 14,
      "naziv": "DRAŽAN DIZDAR",
      "glasova": 10,
      "posto": "0,45"
    }]
  },{
    "rbr": 5,
    "stranke": [
      {"naziv": "MOST"},
      {"naziv": "HRVATSKI SUVERENISTI"},
      {"naziv": "HRVATSKA KONZERVATIVNA STRANKA - HKS"},
      {"naziv": "NEZAVISNA LISTA MLADIH - NLM"}
    ],
    "jedinstvenaSifra": "131165188263",
    "glasova": 1597,
    "naziv": "MOST, HRVATSKI SUVERENISTI, HKS, NLM",
    "posto": "7,11",
    "lista": [{
      "rbr": 1,
      "naziv": "MARIJA SELAK RASPUDIĆ",
      "glasova": 743,
      "posto": "46,52"
    },{
      "rbr": 2,
      "naziv": "IVAN BEKAVAC",
      "glasova": 64,
      "posto": "4,00"
    },{
      "rbr": 3,
      "naziv": "GLORIA TKALČIĆ",
      "glasova": 10,
      "posto": "0,62"
    },{
      "rbr": 4,
      "naziv": "BRANIMIR PERVAN",
      "glasova": 16,
      "posto": "1,00"
    },{
      "rbr": 5,
      "naziv": "NADA FINDERLE",
      "glasova": 5,
      "posto": "0,31"
    },{
      "rbr": 6,
      "naziv": "JOSIP PERIŠA",
      "glasova": 11,
      "posto": "0,68"
    },{
      "rbr": 7,
      "naziv": "IRIS VERONIKA CETINA",
      "glasova": 9,
      "posto": "0,56"
    },{
      "rbr": 8,
      "naziv": "KREŠIMIR ROTIM",
      "glasova": 17,
      "posto": "1,06"
    },{
      "rbr": 9,
      "naziv": "TINA BULIĆ",
      "glasova": 11,
      "posto": "0,68"
    },{
      "rbr": 10,
      "naziv": "LOVRO MILAKOVIĆ",
      "glasova": 6,
      "posto": "0,37"
    },{
      "rbr": 11,
      "naziv": "VALENTINA DOROTIĆ",
      "glasova": 20,
      "posto": "1,25"
    },{
      "rbr": 12,
      "naziv": "ANTONIO KULIŠ",
      "glasova": 16,
      "posto": "1,00"
    },{
      "rbr": 13,
      "naziv": "MARIJA ZUBEC",
      "glasova": 7,
      "posto": "0,43"
    },{
      "rbr": 14,
      "naziv": "DAMIR SLOJŠEK",
      "glasova": 28,
      "posto": "1,75"
    }]
  },{
    "rbr": 6,
    "stranke": [
      {"naziv": "FOKUS"},
      {"naziv": "REPUBLIKA"}
    ],
    "jedinstvenaSifra": "270310",
    "glasova": 886,
    "naziv": "FOKUS, REPUBLIKA",
    "posto": "3,94",
    "lista": [{
      "rbr": 1,
      "naziv": "DAMIR VANĐELIĆ",
      "glasova": 318,
      "posto": "35,89"
    },{
      "rbr": 2,
      "naziv": "MARTINA KOLAR BILLEGE",
      "glasova": 13,
      "posto": "1,46"
    },{
      "rbr": 3,
      "naziv": "VALENTINA PAVLOVIĆ VINOGRADAC",
      "glasova": 3,
      "posto": "0,33"
    },{
      "rbr": 4,
      "naziv": "SUZANA SKOKO",
      "glasova": 3,
      "posto": "0,33"
    },{
      "rbr": 5,
      "naziv": "MELITA BESTVINA",
      "glasova": 6,
      "posto": "0,67"
    },{
      "rbr": 6,
      "naziv": "JASNA MATASIĆ",
      "glasova": 1,
      "posto": "0,11"
    },{
      "rbr": 7,
      "naziv": "MILIVOJ MANDIĆ",
      "glasova": 1,
      "posto": "0,11"
    },{
      "rbr": 8,
      "naziv": "DOMINIK KRAMARIĆ",
      "glasova": 194,
      "posto": "21,89"
    },{
      "rbr": 9,
      "naziv": "VESELJKO RAJIČ",
      "glasova": 2,
      "posto": "0,22"
    },{
      "rbr": 10,
      "naziv": "MLADEN LASIĆ",
      "glasova": 1,
      "posto": "0,11"
    },{
      "rbr": 11,
      "naziv": "ANTONIO PRIŠĆAN",
      "glasova": 8,
      "posto": "0,90"
    },{
      "rbr": 12,
      "naziv": "MARTINA MLINAC",
      "glasova": 2,
      "posto": "0,22"
    },{
      "rbr": 13,
      "naziv": "ROBERT CAVOR",
      "glasova": 2,
      "posto": "0,22"
    },{
      "rbr": 14,
      "naziv": "IVAN ŠKEGRO",
      "glasova": 11,
      "posto": "1,24"
    }]
  },{
    "rbr": 7,
    "stranke": [
      {"naziv": "ODLUČNOST I PRAVEDNOST - OIP"}
    ],
    "jedinstvenaSifra": "300",
    "glasova": 495,
    "naziv": "OIP",
    "posto": "2,20",
    "lista": [{
      "rbr": 1,
      "naziv": "KAROLINA VIDOVIĆ KRIŠTO",
      "glasova": 403,
      "posto": "81,41"
    },{
      "rbr": 2,
      "naziv": "DINO SAČARIĆ",
      "glasova": 0,
      "posto": "0,00"
    },{
      "rbr": 3,
      "naziv": "TOMISLAV ANTE ZRNC",
      "glasova": 2,
      "posto": "0,40"
    },{
      "rbr": 4,
      "naziv": "PETAR PETROVSKI",
      "glasova": 1,
      "posto": "0,20"
    },{
      "rbr": 5,
      "naziv": "JOSIP TOMIČIĆ",
      "glasova": 0,
      "posto": "0,00"
    },{
      "rbr": 6,
      "naziv": "HRVOJE LEKO",
      "glasova": 0,
      "posto": "0,00"
    },{
      "rbr": 7,
      "naziv": "DARINKA MILJANA BARRUETO JAMAN",
      "glasova": 1,
      "posto": "0,20"
    },{
      "rbr": 8,
      "naziv": "IVAN GLAVURDIĆ",
      "glasova": 2,
      "posto": "0,40"
    },{
      "rbr": 9,
      "naziv": "IVANA ŠIKIĆ",
      "glasova": 4,
      "posto": "0,80"
    },{
      "rbr": 10,
      "naziv": "DRAGAN KORUGA",
      "glasova": 0,
      "posto": "0,00"
    },{
      "rbr": 11,
      "naziv": "SLAVEN RUPČIĆ",
      "glasova": 2,
      "posto": "0,40"
    },{
      "rbr": 12,
      "naziv": "KRUNO POLJANČIĆ",
      "glasova": 0,
      "posto": "0,00"
    },{
      "rbr": 13,
      "naziv": "DANIJELA CVITANOVIĆ",
      "glasova": 2,
      "posto": "0,40"
    },{
      "rbr": 14,
      "naziv": "DAVOR KRNJAK",
      "glasova": 3,
      "posto": "0,60"
    }]
  },{
    "rbr": 8,
    "stranke": [
      {"naziv": "UMIROVLJENICI ZAJEDNO - POLITIČKA PLATFORMA - UMIROVLJENICI ZAJEDNO"},
      {"naziv": "STRANKA UMIROVLJENIKA - SU"},
      {"naziv": "BLOK UMIROVLJENICI ZAJEDNO - BUZ"},
      {"naziv": "DEMOKRATSKA STRANKA UMIROVLJENIKA - DSU"}
    ],
    "jedinstvenaSifra": "039041102301",
    "glasova": 489,
    "naziv": "UMIROVLJENICI ZAJEDNO, SU, BUZ, DSU",
    "posto": "2,17",
    "lista": [{
      "rbr": 1,
      "naziv": "MILIVOJ ŠPIKA",
      "glasova": 158,
      "posto": "32,31"
    },{
      "rbr": 2,
      "naziv": "DRAŽEN ŠTIGLIĆ",
      "glasova": 18,
      "posto": "3,68"
    },{
      "rbr": 3,
      "naziv": "ANKICA BIRTIĆ",
      "glasova": 15,
      "posto": "3,06"
    },{
      "rbr": 4,
      "naziv": "LJEPOSAVA BARTA",
      "glasova": 17,
      "posto": "3,47"
    },{
      "rbr": 5,
      "naziv": "IVAN KRESONJA",
      "glasova": 4,
      "posto": "0,81"
    },{
      "rbr": 6,
      "naziv": "DRAGAN ŠOLAJA",
      "glasova": 3,
      "posto": "0,61"
    },{
      "rbr": 7,
      "naziv": "PREDRAG BISIĆ",
      "glasova": 1,
      "posto": "0,20"
    },{
      "rbr": 8,
      "naziv": "KATA ALAVANJA",
      "glasova": 5,
      "posto": "1,02"
    },{
      "rbr": 9,
      "naziv": "VERICA LEŠKOVIĆ",
      "glasova": 4,
      "posto": "0,81"
    },{
      "rbr": 10,
      "naziv": "ANĐA BOŠNJAKOVIĆ",
      "glasova": 1,
      "posto": "0,20"
    },{
      "rbr": 11,
      "naziv": "PEPICA CRNIĆ",
      "glasova": 7,
      "posto": "1,43"
    },{
      "rbr": 12,
      "naziv": "MARTINA MARIJANČIĆ",
      "glasova": 3,
      "posto": "0,61"
    },{
      "rbr": 13,
      "naziv": "STJEPAN ČIRJAK",
      "glasova": 10,
      "posto": "2,04"
    },{
      "rbr": 14,
      "naziv": "ŠTEFICA MARINOVIĆ",
      "glasova": 13,
      "posto": "2,65"
    }]
  },{
    "rbr": 9,
    "stranke": [
      {"naziv": "SOCIJALDEMOKRATI"},
      {"naziv": "ISTARSKI DEMOKRATSKI SABOR - IDS"},
      {"naziv": "PRIMORSKO GORANSKI SAVEZ - PGS"},
      {"naziv": "HRVATSKI LABURISTI - STRANKA RADA - LABURISTI"},
      {"naziv": "DEMOKRATI"}
    ],
    "jedinstvenaSifra": "005006100251299",
    "glasova": 214,
    "naziv": "SOCIJALDEMOKRATI, IDS, PGS, LABURISTI, DEMOKRATI",
    "posto": "0,95",
    "lista": [{
      "rbr": 1,
      "naziv": "DAVORKO VIDOVIĆ",
      "glasova": 115,
      "posto": "53,73"
    },{
      "rbr": 2,
      "naziv": "IVANA POSAVEC KRIVEC",
      "glasova": 4,
      "posto": "1,86"
    },{
      "rbr": 3,
      "naziv": "SANJA ŠUTEJ",
      "glasova": 7,
      "posto": "3,27"
    },{
      "rbr": 4,
      "naziv": "STANISLAV FRANČIŠKOVIĆ BILINSKI",
      "glasova": 0,
      "posto": "0,00"
    },{
      "rbr": 5,
      "naziv": "MATO ŠIMIĆ",
      "glasova": 3,
      "posto": "1,40"
    },{
      "rbr": 6,
      "naziv": "MAJA GLIBO PRICA",
      "glasova": 0,
      "posto": "0,00"
    },{
      "rbr": 7,
      "naziv": "IGOR MATIJEVAC",
      "glasova": 1,
      "posto": "0,46"
    },{
      "rbr": 8,
      "naziv": "NEDJELJKO TUDJA",
      "glasova": 3,
      "posto": "1,40"
    },{
      "rbr": 9,
      "naziv": "SANJICA FRESL",
      "glasova": 1,
      "posto": "0,46"
    },{
      "rbr": 10,
      "naziv": "MLADEN PETRONIJEVIĆ",
      "glasova": 0,
      "posto": "0,00"
    },{
      "rbr": 11,
      "naziv": "NINA PLEŠE",
      "glasova": 2,
      "posto": "0,93"
    },{
      "rbr": 12,
      "naziv": "KATICA POŽEGA",
      "glasova": 0,
      "posto": "0,00"
    },{
      "rbr": 13,
      "naziv": "ADRIAN ŠEVIĆ",
      "glasova": 1,
      "posto": "0,46"
    },{
      "rbr": 14,
      "naziv": "BARBARA-ELIZABETA OTHMAN",
      "glasova": 0,
      "posto": "0,00"
    }]
  },{
    "rbr": 10,
    "stranke": [
      {"naziv": "STRANKA IVANA PERNARA"}
    ],
    "jedinstvenaSifra": "259",
    "glasova": 192,
    "naziv": "STRANKA IVANA PERNARA",
    "posto": "0,85",
    "lista": [{
      "rbr": 1,
      "naziv": "LEONARDO LAMON",
      "glasova": 20,
      "posto": "10,41"
    },{
      "rbr": 2,
      "naziv": "DUBRAVKA DRAGUN",
      "glasova": 6,
      "posto": "3,12"
    },{
      "rbr": 3,
      "naziv": "LEO ALAGIĆ",
      "glasova": 29,
      "posto": "15,10"
    },{
      "rbr": 4,
      "naziv": "DIJANA DELIĆ",
      "glasova": 5,
      "posto": "2,60"
    },{
      "rbr": 5,
      "naziv": "ZDENKO RINČIĆ",
      "glasova": 0,
      "posto": "0,00"
    },{
      "rbr": 6,
      "naziv": "MIRA KRIVOŠIJA",
      "glasova": 0,
      "posto": "0,00"
    },{
      "rbr": 7,
      "naziv": "ANA RADOŠ",
      "glasova": 3,
      "posto": "1,56"
    },{
      "rbr": 8,
      "naziv": "KARMELA FIŠER",
      "glasova": 1,
      "posto": "0,52"
    },{
      "rbr": 9,
      "naziv": "MARKO KLIŠANIĆ",
      "glasova": 0,
      "posto": "0,00"
    },{
      "rbr": 10,
      "naziv": "NEVENKA BORJAN",
      "glasova": 0,
      "posto": "0,00"
    },{
      "rbr": 11,
      "naziv": "JAN ŠEREŠ",
      "glasova": 1,
      "posto": "0,52"
    },{
      "rbr": 12,
      "naziv": "MARKO PETROVIĆ",
      "glasova": 0,
      "posto": "0,00"
    },{
      "rbr": 13,
      "naziv": "HUBERT LOOS",
      "glasova": 1,
      "posto": "0,52"
    },{
      "rbr": 14,
      "naziv": "DAVOR PERNAR",
      "glasova": 17,
      "posto": "8,85"
    }]
  },{
    "rbr": 11,
    "stranke": [
      {"naziv": "RADNIČKA FRONTA - RF"}
    ],
    "jedinstvenaSifra": "168",
    "glasova": 168,
    "naziv": "RF",
    "posto": "0,74",
    "lista": [{
      "rbr": 1,
      "naziv": "DENIS GETO",
      "glasova": 12,
      "posto": "7,14"
    },{
      "rbr": 2,
      "naziv": "ŽELJKA BILOŠ",
      "glasova": 5,
      "posto": "2,97"
    },{
      "rbr": 3,
      "naziv": "NENAD RIZVANOVIĆ",
      "glasova": 3,
      "posto": "1,78"
    },{
      "rbr": 4,
      "naziv": "KARMEN RATKOVIĆ",
      "glasova": 4,
      "posto": "2,38"
    },{
      "rbr": 5,
      "naziv": "VLADIMIR CVETKOVIĆ",
      "glasova": 4,
      "posto": "2,38"
    },{
      "rbr": 6,
      "naziv": "MILENA KRAMER",
      "glasova": 1,
      "posto": "0,59"
    },{
      "rbr": 7,
      "naziv": "ŽELJKO KAŠAJ",
      "glasova": 1,
      "posto": "0,59"
    },{
      "rbr": 8,
      "naziv": "JOSIPA VLASAC GLASNOVIĆ",
      "glasova": 3,
      "posto": "1,78"
    },{
      "rbr": 9,
      "naziv": "ANTONIO HORVATIĆ",
      "glasova": 1,
      "posto": "0,59"
    },{
      "rbr": 10,
      "naziv": "BARBARA TRBOJEVIĆ",
      "glasova": 2,
      "posto": "1,19"
    },{
      "rbr": 11,
      "naziv": "NEVEN BRNJAS",
      "glasova": 2,
      "posto": "1,19"
    },{
      "rbr": 12,
      "naziv": "BRANKA GALIĆ",
      "glasova": 3,
      "posto": "1,78"
    },{
      "rbr": 13,
      "naziv": "SINIŠA BARIŠIĆ",
      "glasova": 0,
      "posto": "0,00"
    },{
      "rbr": 14,
      "naziv": "VELIBOR ZANINOVIĆ",
      "glasova": 5,
      "posto": "2,97"
    }]
  },{
    "rbr": 12,
    "stranke": [
      {"naziv": "HRVATSKA STRANKA PRAVA - HSP"},
      {"naziv": "HRVATSKO BILO"},
      {"naziv": "HRVATSKA DEMOKRATSKA SELJAČKA STRANKA - HDSS"}
    ],
    "jedinstvenaSifra": "007018308",
    "glasova": 126,
    "naziv": "HSP, HRVATSKO BILO, HDSS",
    "posto": "0,56",
    "lista": [{
      "rbr": 1,
      "naziv": "STEFAN NOVAK",
      "glasova": 8,
      "posto": "6,34"
    },{
      "rbr": 2,
      "naziv": "DAMIR KATULIĆ",
      "glasova": 9,
      "posto": "7,14"
    },{
      "rbr": 3,
      "naziv": "STJEPAN PALČIĆ",
      "glasova": 4,
      "posto": "3,17"
    },{
      "rbr": 4,
      "naziv": "MATE BEKAVAC",
      "glasova": 6,
      "posto": "4,76"
    },{
      "rbr": 5,
      "naziv": "IVICA GAŠPAR",
      "glasova": 9,
      "posto": "7,14"
    },{
      "rbr": 6,
      "naziv": "IVAN PALČIĆ",
      "glasova": 8,
      "posto": "6,34"
    },{
      "rbr": 7,
      "naziv": "MAJA JUKIĆ",
      "glasova": 4,
      "posto": "3,17"
    },{
      "rbr": 8,
      "naziv": "DANKO IŠTVANEK",
      "glasova": 0,
      "posto": "0,00"
    },{
      "rbr": 9,
      "naziv": "ROBERT BODRUŽIĆ",
      "glasova": 0,
      "posto": "0,00"
    },{
      "rbr": 10,
      "naziv": "IVANA VRSELJA",
      "glasova": 0,
      "posto": "0,00"
    },{
      "rbr": 11,
      "naziv": "KARLO BLAGAJ",
      "glasova": 2,
      "posto": "1,58"
    },{
      "rbr": 12,
      "naziv": "MIRJANA HEGEDUŠ",
      "glasova": 0,
      "posto": "0,00"
    },{
      "rbr": 13,
      "naziv": "IVAN JURIŠIĆ",
      "glasova": 8,
      "posto": "6,34"
    },{
      "rbr": 14,
      "naziv": "LJILJANA GLAD",
      "glasova": 4,
      "posto": "3,17"
    }]
  },{
    "rbr": 13,
    "stranke": [
      {"naziv": "AGRARNA STRANKA - POKRET ZA HRVATSKU POLJOPRIVREDU"},
      {"naziv": "AKCIJA ZA PROMJENE"}
    ],
    "jedinstvenaSifra": "303305",
    "glasova": 80,
    "naziv": "AGRARNA STRANKA - POKRET ZA HRVATSKU POLJOPRIVREDU, AKCIJA ZA PROMJENE",
    "posto": "0,35",
    "lista": [{
      "rbr": 1,
      "naziv": "ROBERT HADŽIĆ",
      "glasova": 9,
      "posto": "11,25"
    },{
      "rbr": 2,
      "naziv": "ŽELJKO ILIČIĆ",
      "glasova": 0,
      "posto": "0,00"
    },{
      "rbr": 3,
      "naziv": "ŽELIMIRA VRABEC",
      "glasova": 0,
      "posto": "0,00"
    },{
      "rbr": 4,
      "naziv": "MARIO ZACCARIA",
      "glasova": 0,
      "posto": "0,00"
    },{
      "rbr": 5,
      "naziv": "ALBERT MARINCULIĆ",
      "glasova": 4,
      "posto": "5,00"
    },{
      "rbr": 6,
      "naziv": "MIA CRNČIĆ",
      "glasova": 6,
      "posto": "7,50"
    },{
      "rbr": 7,
      "naziv": "ŽELJKO POKASIĆ",
      "glasova": 2,
      "posto": "2,50"
    },{
      "rbr": 8,
      "naziv": "LADA KRALJEVIĆ",
      "glasova": 2,
      "posto": "2,50"
    },{
      "rbr": 9,
      "naziv": "MATE BULJAN",
      "glasova": 0,
      "posto": "0,00"
    },{
      "rbr": 10,
      "naziv": "INES VRBAN",
      "glasova": 5,
      "posto": "6,25"
    },{
      "rbr": 11,
      "naziv": "MLADEN DUJMOVIĆ",
      "glasova": 2,
      "posto": "2,50"
    },{
      "rbr": 12,
      "naziv": "ANTONIA HOHNJEC",
      "glasova": 0,
      "posto": "0,00"
    },{
      "rbr": 13,
      "naziv": "LJUBICA PAVRLIŠAK MARINCULIĆ",
      "glasova": 1,
      "posto": "1,25"
    },{
      "rbr": 14,
      "naziv": "DENIS CVITKOVIĆ",
      "glasova": 0,
      "posto": "0,00"
    }]
  },{
    "rbr": 14,
    "stranke": [
      {"naziv": "POKRET ZA MODERNU HRVATSKU"}
    ],
    "jedinstvenaSifra": "118",
    "glasova": 75,
    "naziv": "POKRET ZA MODERNU HRVATSKU",
    "posto": "0,33",
    "lista": [{
      "rbr": 1,
      "naziv": "SONJA VIDOŠEVIĆ LJUBIĆ",
      "glasova": 13,
      "posto": "17,33"
    },{
      "rbr": 2,
      "naziv": "DAMIR MIHELIĆ",
      "glasova": 0,
      "posto": "0,00"
    },{
      "rbr": 3,
      "naziv": "ELLA DELAČ",
      "glasova": 1,
      "posto": "1,33"
    },{
      "rbr": 4,
      "naziv": "IVAN PURGAR",
      "glasova": 2,
      "posto": "2,66"
    },{
      "rbr": 5,
      "naziv": "TENA ŠAMEC",
      "glasova": 0,
      "posto": "0,00"
    },{
      "rbr": 6,
      "naziv": "JURICA ILIĆ",
      "glasova": 0,
      "posto": "0,00"
    },{
      "rbr": 7,
      "naziv": "KATARINA BERIŠIĆ",
      "glasova": 0,
      "posto": "0,00"
    },{
      "rbr": 8,
      "naziv": "ŽELJKO ŽEGARAC",
      "glasova": 0,
      "posto": "0,00"
    },{
      "rbr": 9,
      "naziv": "MARIJA JELIĆ",
      "glasova": 3,
      "posto": "4,00"
    },{
      "rbr": 10,
      "naziv": "LUKA GAŠPAROVIĆ",
      "glasova": 0,
      "posto": "0,00"
    },{
      "rbr": 11,
      "naziv": "SNJEŽANA IVČEVIĆ",
      "glasova": 0,
      "posto": "0,00"
    },{
      "rbr": 12,
      "naziv": "JOSIP PALIĆ",
      "glasova": 1,
      "posto": "1,33"
    },{
      "rbr": 13,
      "naziv": "MATEA PIKNJAČ",
      "glasova": 1,
      "posto": "1,33"
    },{
      "rbr": 14,
      "naziv": "VLADO PODHRAŠKI",
      "glasova": 1,
      "posto": "1,33"
    }]
  },{
    "rbr": 15,
    "stranke": [
      {"naziv": "AUTOHTONA - HRVATSKA STRANKA PRAVA - DRAŽEN KELEMINEC - A - HSP - Dražen Keleminec"}
    ],
    "jedinstvenaSifra": "049",
    "glasova": 54,
    "naziv": "A - HSP - Dražen Keleminec",
    "posto": "0,24",
    "lista": [{
      "rbr": 1,
      "naziv": "TEOFIL KOŽUL",
      "glasova": 7,
      "posto": "12,96"
    },{
      "rbr": 2,
      "naziv": "BORIS TAKAČ",
      "glasova": 1,
      "posto": "1,85"
    },{
      "rbr": 3,
      "naziv": "ANTONIJO ZIDAR",
      "glasova": 1,
      "posto": "1,85"
    },{
      "rbr": 4,
      "naziv": "ALOJZ HRŽENJAK",
      "glasova": 2,
      "posto": "3,70"
    },{
      "rbr": 5,
      "naziv": "JADRANKA BIŠČANIĆ",
      "glasova": 1,
      "posto": "1,85"
    },{
      "rbr": 6,
      "naziv": "ZDENKA BEBEK",
      "glasova": 0,
      "posto": "0,00"
    },{
      "rbr": 7,
      "naziv": "RAJKO RADAČIĆ",
      "glasova": 4,
      "posto": "7,40"
    },{
      "rbr": 8,
      "naziv": "VATROSLAVA BUDIMIR",
      "glasova": 3,
      "posto": "5,55"
    },{
      "rbr": 9,
      "naziv": "ZVEZDANA POSTRUŽIN",
      "glasova": 2,
      "posto": "3,70"
    },{
      "rbr": 10,
      "naziv": "DRAGUTIN BELOŠEVIĆ",
      "glasova": 2,
      "posto": "3,70"
    },{
      "rbr": 11,
      "naziv": "VIŠNJA ZIEGELMEYER",
      "glasova": 1,
      "posto": "1,85"
    },{
      "rbr": 12,
      "naziv": "GORAN POSTRUŽIN",
      "glasova": 0,
      "posto": "0,00"
    },{
      "rbr": 13,
      "naziv": "MILE PAULIĆ",
      "glasova": 0,
      "posto": "0,00"
    },{
      "rbr": 14,
      "naziv": "NADA LAZAREVIĆ",
      "glasova": 0,
      "posto": "0,00"
    }]
  },{
    "rbr": 16,
    "stranke": [
      {"naziv": "PRAVEDNA HRVATSKA - PH"}
    ],
    "jedinstvenaSifra": "298",
    "glasova": 51,
    "naziv": "PH",
    "posto": "0,22",
    "lista": [{
      "rbr": 1,
      "naziv": "MILAN VRKLJAN",
      "glasova": 6,
      "posto": "11,76"
    },{
      "rbr": 2,
      "naziv": "TIHOMIR MAJIĆ",
      "glasova": 0,
      "posto": "0,00"
    },{
      "rbr": 3,
      "naziv": "VESNA ČIŽMAR",
      "glasova": 1,
      "posto": "1,96"
    },{
      "rbr": 4,
      "naziv": "ROBERT LILION",
      "glasova": 0,
      "posto": "0,00"
    },{
      "rbr": 5,
      "naziv": "JADRANKA PERASIĆ",
      "glasova": 0,
      "posto": "0,00"
    },{
      "rbr": 6,
      "naziv": "ŽELJKO STILINOVIĆ",
      "glasova": 1,
      "posto": "1,96"
    },{
      "rbr": 7,
      "naziv": "KATICA DŽIJAN LILION",
      "glasova": 1,
      "posto": "1,96"
    },{
      "rbr": 8,
      "naziv": "ŽELJKO STARČEVIĆ",
      "glasova": 2,
      "posto": "3,92"
    },{
      "rbr": 9,
      "naziv": "SANJA ERDELJA-ŠENJUG",
      "glasova": 1,
      "posto": "1,96"
    },{
      "rbr": 10,
      "naziv": "MARIO VRKLJAN",
      "glasova": 3,
      "posto": "5,88"
    },{
      "rbr": 11,
      "naziv": "MIRJANA VRKLJAN RADOŠEVIĆ",
      "glasova": 1,
      "posto": "1,96"
    },{
      "rbr": 12,
      "naziv": "DARKO PODGORELEC",
      "glasova": 1,
      "posto": "1,96"
    },{
      "rbr": 13,
      "naziv": "DAVOR JANDRIĆ",
      "glasova": 1,
      "posto": "1,96"
    },{
      "rbr": 14,
      "naziv": "JOSIPA OTTA PAUN",
      "glasova": 2,
      "posto": "3,92"
    }]
  },{
    "rbr": 17,
    "stranke": [
      {"naziv": "JAVNO DOBRO"}
    ],
    "jedinstvenaSifra": "309",
    "glasova": 30,
    "naziv": "JAVNO DOBRO",
    "posto": "0,13",
    "lista": [{
      "rbr": 1,
      "naziv": "DINKA PAVELIĆ",
      "glasova": 9,
      "posto": "30,00"
    },{
      "rbr": 2,
      "naziv": "MARKO MILIN",
      "glasova": 0,
      "posto": "0,00"
    },{
      "rbr": 3,
      "naziv": "HRVOJE ČUPIĆ",
      "glasova": 2,
      "posto": "6,66"
    },{
      "rbr": 4,
      "naziv": "LJILJANA MIHALJEVIĆ",
      "glasova": 0,
      "posto": "0,00"
    },{
      "rbr": 5,
      "naziv": "ZORAN GRANCARIĆ",
      "glasova": 0,
      "posto": "0,00"
    },{
      "rbr": 6,
      "naziv": "DAVORKA KATARINA CINDRIĆ",
      "glasova": 2,
      "posto": "6,66"
    },{
      "rbr": 7,
      "naziv": "RENATA SKOVRON",
      "glasova": 0,
      "posto": "0,00"
    },{
      "rbr": 8,
      "naziv": "NATAŠA JURLIN",
      "glasova": 0,
      "posto": "0,00"
    },{
      "rbr": 9,
      "naziv": "DAMIR PIJAŽA-MIKELIĆ",
      "glasova": 0,
      "posto": "0,00"
    },{
      "rbr": 10,
      "naziv": "MILOŠ ILIĆ",
      "glasova": 1,
      "posto": "3,33"
    },{
      "rbr": 11,
      "naziv": "GALINA POPOVIĆ",
      "glasova": 0,
      "posto": "0,00"
    },{
      "rbr": 12,
      "naziv": "NINO REBRONJA",
      "glasova": 0,
      "posto": "0,00"
    },{
      "rbr": 13,
      "naziv": "IVA TADIĆ",
      "glasova": 3,
      "posto": "10,00"
    },{
      "rbr": 14,
      "naziv": "LJUBICA ĐANKOVIĆ",
      "glasova": 0,
      "posto": "0,00"
    }]
  }]
}
