{
  "izbori": "Zastupnički izbori 2024",
  "datum": "17.04.2024.",
  "vrijeme": "21:45",
  "izboriOznaka": "02",
  "ijSifra": "003",
  "bmSifra": "000",
  "ijNaziv": "III. IZBORNA JEDINICA",
  "gropNaziv": "LEPOGLAVA",
  "bmNaziv": "",
  "bmZatvoreno": 10,
  "bmUkupno": 18,
  "biraciUkupno": 2023,
  "biraciGlasovalo": 1084,
  "biraciGlasovaloPosto": "53,58",
  "listiciUkupno": 1084,
  "listiciVazeci": 1038,
  "listiciVazeciPosto": "95,76",
  "listiciNevazeci": 46,
  "listiciNevazeciPosto": "4,24",
  "napomena": "* - objavljeni rezultati sadrže podatke samo s redovnih biračkih mjesta",
  "napomena2": "",
  "lista": [{
    "rbr": 1,
    "stranke": [
      {"naziv": "HRVATSKA DEMOKRATSKA ZAJEDNICA - HDZ"},
      {"naziv": "HRVATSKA SOCIJALNO - LIBERALNA STRANKA - HSLS"},
      {"naziv": "HRVATSKA DEMOKRŠĆANSKA STRANKA - HDS"},
      {"naziv": "HRVATSKA NARODNA STRANKA - LIBERALNI DEMOKRATI - HNS"},
      {"naziv": "HRVATSKA STRANKA UMIROVLJENIKA - HSU"}
    ],
    "jedinstvenaSifra": "001002003011023",
    "glasova": 425,
    "naziv": "HDZ, HSLS, HDS, HNS, HSU",
    "posto": "40,94",
    "lista": [{
      "rbr": 1,
      "naziv": "ANĐELKO STRIČAK",
      "glasova": 159,
      "posto": "37,41"
    },{
      "rbr": 2,
      "naziv": "ZORAN GREGUROVIĆ",
      "glasova": 2,
      "posto": "0,47"
    },{
      "rbr": 3,
      "naziv": "LJUBOMIR KOLAREK",
      "glasova": 0,
      "posto": "0,00"
    },{
      "rbr": 4,
      "naziv": "PREDRAG ŠTROMAR",
      "glasova": 60,
      "posto": "14,11"
    },{
      "rbr": 5,
      "naziv": "DAMIR HABIJAN",
      "glasova": 24,
      "posto": "5,64"
    },{
      "rbr": 6,
      "naziv": "ŽARKO TUŠEK",
      "glasova": 4,
      "posto": "0,94"
    },{
      "rbr": 7,
      "naziv": "SANJA BOROVEC",
      "glasova": 4,
      "posto": "0,94"
    },{
      "rbr": 8,
      "naziv": "DRAŽEN SRPAK",
      "glasova": 0,
      "posto": "0,00"
    },{
      "rbr": 9,
      "naziv": "LJUBICA JEMBRIH",
      "glasova": 2,
      "posto": "0,47"
    },{
      "rbr": 10,
      "naziv": "SINIŠA JENKAČ",
      "glasova": 33,
      "posto": "7,76"
    },{
      "rbr": 11,
      "naziv": "ROBERT ŠPLAJT",
      "glasova": 2,
      "posto": "0,47"
    },{
      "rbr": 12,
      "naziv": "GORDANA RAMUŠĆAK",
      "glasova": 3,
      "posto": "0,70"
    },{
      "rbr": 13,
      "naziv": "ZDRAVKO TUŠEK",
      "glasova": 0,
      "posto": "0,00"
    },{
      "rbr": 14,
      "naziv": "GORAN KANIŠKI",
      "glasova": 12,
      "posto": "2,82"
    }]
  },{
    "rbr": 2,
    "stranke": [
      {"naziv": "SOCIJALDEMOKRATSKA PARTIJA HRVATSKE - SDP"},
      {"naziv": "CENTAR"},
      {"naziv": "HRVATSKA SELJAČKA STRANKA - HSS"},
      {"naziv": "\"DALIJA OREŠKOVIĆ I LJUDI S IMENOM I PREZIMENOM\" - \"DO i SIP\""},
      {"naziv": "NARODNA STRANKA - REFORMISTI - REFORMISTI"},
      {"naziv": "GRAĐANSKO-LIBERALNI SAVEZ - GLAS"}
    ],
    "jedinstvenaSifra": "004017162179244306",
    "glasova": 327,
    "naziv": "SDP, CENTAR, HSS, \"DO i SIP\", REFORMISTI, GLAS",
    "posto": "31,50",
    "lista": [{
      "rbr": 1,
      "naziv": "SINIŠA HAJDAŠ DONČIĆ",
      "glasova": 85,
      "posto": "25,99"
    },{
      "rbr": 2,
      "naziv": "BARBARA ANTOLIĆ VUPORA",
      "glasova": 3,
      "posto": "0,91"
    },{
      "rbr": 3,
      "naziv": "ŽELJKO KOLAR",
      "glasova": 5,
      "posto": "1,52"
    },{
      "rbr": 4,
      "naziv": "BOŠKA BAN VLAHEK",
      "glasova": 0,
      "posto": "0,00"
    },{
      "rbr": 5,
      "naziv": "MIROSLAV MARKOVIĆ",
      "glasova": 2,
      "posto": "0,61"
    },{
      "rbr": 6,
      "naziv": "JASENKA AUGUŠTAN-PENTEK",
      "glasova": 4,
      "posto": "1,22"
    },{
      "rbr": 7,
      "naziv": "NATALIJA MARTINČEVIĆ",
      "glasova": 9,
      "posto": "2,75"
    },{
      "rbr": 8,
      "naziv": "MARIO MEDVED",
      "glasova": 2,
      "posto": "0,61"
    },{
      "rbr": 9,
      "naziv": "ANDREJA MARIĆ",
      "glasova": 1,
      "posto": "0,30"
    },{
      "rbr": 10,
      "naziv": "ŽELJKO POSAVEC",
      "glasova": 19,
      "posto": "5,81"
    },{
      "rbr": 11,
      "naziv": "ANITA CURIŠ KROK",
      "glasova": 0,
      "posto": "0,00"
    },{
      "rbr": 12,
      "naziv": "LOVRO LUKAVEČKI",
      "glasova": 14,
      "posto": "4,28"
    },{
      "rbr": 13,
      "naziv": "RADIMIR ČAČIĆ",
      "glasova": 55,
      "posto": "16,81"
    },{
      "rbr": 14,
      "naziv": "LANA REMAR",
      "glasova": 3,
      "posto": "0,91"
    }]
  },{
    "rbr": 3,
    "stranke": [
      {"naziv": "NEZAVISNA PLATFORMA SJEVERA - NPS"}
    ],
    "jedinstvenaSifra": "304",
    "glasova": 71,
    "naziv": "NPS",
    "posto": "6,84",
    "lista": [{
      "rbr": 1,
      "naziv": "MATIJA POSAVEC",
      "glasova": 26,
      "posto": "36,61"
    },{
      "rbr": 2,
      "naziv": "DUBRAVKO BILIĆ",
      "glasova": 0,
      "posto": "0,00"
    },{
      "rbr": 3,
      "naziv": "ROBERT GREBLIČKI",
      "glasova": 1,
      "posto": "1,40"
    },{
      "rbr": 4,
      "naziv": "LJERKA CIVIDINI",
      "glasova": 0,
      "posto": "0,00"
    },{
      "rbr": 5,
      "naziv": "MILORAD BATINIĆ",
      "glasova": 34,
      "posto": "47,88"
    },{
      "rbr": 6,
      "naziv": "IGOR ŠEGOVIĆ",
      "glasova": 0,
      "posto": "0,00"
    },{
      "rbr": 7,
      "naziv": "KSENIJA KRIVEC JURAK",
      "glasova": 0,
      "posto": "0,00"
    },{
      "rbr": 8,
      "naziv": "RAJKO SOLAR",
      "glasova": 0,
      "posto": "0,00"
    },{
      "rbr": 9,
      "naziv": "ĐURĐICA SLAMEK",
      "glasova": 0,
      "posto": "0,00"
    },{
      "rbr": 10,
      "naziv": "VELIMIR KUČKO",
      "glasova": 0,
      "posto": "0,00"
    },{
      "rbr": 11,
      "naziv": "ANICA NARANĐA",
      "glasova": 0,
      "posto": "0,00"
    },{
      "rbr": 12,
      "naziv": "BOJANA PETRIĆ",
      "glasova": 0,
      "posto": "0,00"
    },{
      "rbr": 13,
      "naziv": "MIRJANA MURK",
      "glasova": 0,
      "posto": "0,00"
    },{
      "rbr": 14,
      "naziv": "IVICA BAKSA",
      "glasova": 0,
      "posto": "0,00"
    }]
  },{
    "rbr": 4,
    "stranke": [
      {"naziv": "DOMOVINSKI POKRET - DP"},
      {"naziv": "PRAVO I PRAVDA"},
      {"naziv": "DEMOKRATSKI HSS - DHSS"},
      {"naziv": "ZELENA LISTA"}
    ],
    "jedinstvenaSifra": "231267283312",
    "glasova": 53,
    "naziv": "DP, PRAVO I PRAVDA, DHSS, ZELENA LISTA",
    "posto": "5,10",
    "lista": [{
      "rbr": 1,
      "naziv": "DAVOR DRETAR",
      "glasova": 32,
      "posto": "60,37"
    },{
      "rbr": 2,
      "naziv": "IVANČICA PAHOR",
      "glasova": 2,
      "posto": "3,77"
    },{
      "rbr": 3,
      "naziv": "DAVOR RASPASOVIĆ",
      "glasova": 0,
      "posto": "0,00"
    },{
      "rbr": 4,
      "naziv": "DAVOR PEJNOVIĆ",
      "glasova": 0,
      "posto": "0,00"
    },{
      "rbr": 5,
      "naziv": "MARIJAN HOHNJEC",
      "glasova": 0,
      "posto": "0,00"
    },{
      "rbr": 6,
      "naziv": "MARIJAN TUPEK",
      "glasova": 1,
      "posto": "1,88"
    },{
      "rbr": 7,
      "naziv": "IVAN JAKLIN",
      "glasova": 0,
      "posto": "0,00"
    },{
      "rbr": 8,
      "naziv": "DRAGA KELER",
      "glasova": 0,
      "posto": "0,00"
    },{
      "rbr": 9,
      "naziv": "ROBERT ŽIŽANOVIĆ",
      "glasova": 0,
      "posto": "0,00"
    },{
      "rbr": 10,
      "naziv": "IVICA ŠANTEK",
      "glasova": 0,
      "posto": "0,00"
    },{
      "rbr": 11,
      "naziv": "NEVENKA LONČARIĆ JELAČIĆ",
      "glasova": 1,
      "posto": "1,88"
    },{
      "rbr": 12,
      "naziv": "MARIJA BIŠKUP",
      "glasova": 0,
      "posto": "0,00"
    },{
      "rbr": 13,
      "naziv": "EMICA POGLEDIĆ",
      "glasova": 0,
      "posto": "0,00"
    },{
      "rbr": 14,
      "naziv": "JOSIPA RODIĆ",
      "glasova": 2,
      "posto": "3,77"
    }]
  },{
    "rbr": 5,
    "stranke": [
      {"naziv": "MOŽEMO! - POLITIČKA PLATFORMA"},
      {"naziv": "HOĆEMO PRAVEDNO"}
    ],
    "jedinstvenaSifra": "255297",
    "glasova": 45,
    "naziv": "MOŽEMO! - POLITIČKA PLATFORMA, HOĆEMO PRAVEDNO",
    "posto": "4,33",
    "lista": [{
      "rbr": 1,
      "naziv": "LUKA KORLAET",
      "glasova": 1,
      "posto": "2,22"
    },{
      "rbr": 2,
      "naziv": "DUBRAVKA NOVAK",
      "glasova": 2,
      "posto": "4,44"
    },{
      "rbr": 3,
      "naziv": "DRAGICA TRUMBETAŠ",
      "glasova": 0,
      "posto": "0,00"
    },{
      "rbr": 4,
      "naziv": "DANIELA ŠIRINIĆ",
      "glasova": 0,
      "posto": "0,00"
    },{
      "rbr": 5,
      "naziv": "DOROTEA STRELEC",
      "glasova": 0,
      "posto": "0,00"
    },{
      "rbr": 6,
      "naziv": "RENATA SEVER",
      "glasova": 0,
      "posto": "0,00"
    },{
      "rbr": 7,
      "naziv": "MATIJA KRALJ ŠTEFANIĆ",
      "glasova": 0,
      "posto": "0,00"
    },{
      "rbr": 8,
      "naziv": "PETAR ELDAN",
      "glasova": 0,
      "posto": "0,00"
    },{
      "rbr": 9,
      "naziv": "ROMAN KARATUROVIĆ",
      "glasova": 0,
      "posto": "0,00"
    },{
      "rbr": 10,
      "naziv": "DAMIR KOVAČIĆ",
      "glasova": 0,
      "posto": "0,00"
    },{
      "rbr": 11,
      "naziv": "ZDRAVKO KRZNAR",
      "glasova": 0,
      "posto": "0,00"
    },{
      "rbr": 12,
      "naziv": "INES BANIČEK-VUK",
      "glasova": 0,
      "posto": "0,00"
    },{
      "rbr": 13,
      "naziv": "MARIJA HOLETIĆ",
      "glasova": 1,
      "posto": "2,22"
    },{
      "rbr": 14,
      "naziv": "MARINA PAVKOVIĆ",
      "glasova": 0,
      "posto": "0,00"
    }]
  },{
    "rbr": 6,
    "stranke": [
      {"naziv": "MOST"},
      {"naziv": "HRVATSKI SUVERENISTI"},
      {"naziv": "HRVATSKA KONZERVATIVNA STRANKA - HKS"},
      {"naziv": "NEZAVISNA LISTA MLADIH - NLM"}
    ],
    "jedinstvenaSifra": "131165188263",
    "glasova": 33,
    "naziv": "MOST, HRVATSKI SUVERENISTI, HKS, NLM",
    "posto": "3,17",
    "lista": [{
      "rbr": 1,
      "naziv": "ŽELJKO SAČIĆ",
      "glasova": 13,
      "posto": "39,39"
    },{
      "rbr": 2,
      "naziv": "ROBERT PODOLNJAK",
      "glasova": 2,
      "posto": "6,06"
    },{
      "rbr": 3,
      "naziv": "MARIJA HERTELENDI",
      "glasova": 0,
      "posto": "0,00"
    },{
      "rbr": 4,
      "naziv": "BRIGITA MUŽAR",
      "glasova": 0,
      "posto": "0,00"
    },{
      "rbr": 5,
      "naziv": "DOMINIK KLEMENČIĆ",
      "glasova": 0,
      "posto": "0,00"
    },{
      "rbr": 6,
      "naziv": "ANĐELKO MARTINČEVIĆ",
      "glasova": 1,
      "posto": "3,03"
    },{
      "rbr": 7,
      "naziv": "ZLATKA VINKOVIĆ",
      "glasova": 0,
      "posto": "0,00"
    },{
      "rbr": 8,
      "naziv": "MAGDALENA PRANJEŠ",
      "glasova": 2,
      "posto": "6,06"
    },{
      "rbr": 9,
      "naziv": "MARIJAN BOHNEC",
      "glasova": 1,
      "posto": "3,03"
    },{
      "rbr": 10,
      "naziv": "IVANČICA MILOVEC",
      "glasova": 1,
      "posto": "3,03"
    },{
      "rbr": 11,
      "naziv": "IVANA ŠLEZAK",
      "glasova": 0,
      "posto": "0,00"
    },{
      "rbr": 12,
      "naziv": "VOJMIR SABOLIĆ",
      "glasova": 0,
      "posto": "0,00"
    },{
      "rbr": 13,
      "naziv": "STJEPAN DAMIŠ",
      "glasova": 0,
      "posto": "0,00"
    },{
      "rbr": 14,
      "naziv": "JOSIP LISAK",
      "glasova": 0,
      "posto": "0,00"
    }]
  },{
    "rbr": 7,
    "stranke": [
      {"naziv": "UMIROVLJENICI ZAJEDNO - POLITIČKA PLATFORMA - UMIROVLJENICI ZAJEDNO"},
      {"naziv": "STRANKA UMIROVLJENIKA - SU"},
      {"naziv": "BLOK UMIROVLJENICI ZAJEDNO - BUZ"},
      {"naziv": "DEMOKRATSKA STRANKA UMIROVLJENIKA - DSU"}
    ],
    "jedinstvenaSifra": "039041102301",
    "glasova": 29,
    "naziv": "UMIROVLJENICI ZAJEDNO, SU, BUZ, DSU",
    "posto": "2,79",
    "lista": [{
      "rbr": 1,
      "naziv": "MIROSLAV VOJVODIĆ",
      "glasova": 6,
      "posto": "20,68"
    },{
      "rbr": 2,
      "naziv": "VESNA BAJKOVEC",
      "glasova": 1,
      "posto": "3,44"
    },{
      "rbr": 3,
      "naziv": "DRAGA VUKOJE-CUPAĆ",
      "glasova": 1,
      "posto": "3,44"
    },{
      "rbr": 4,
      "naziv": "IVAN KRANJC",
      "glasova": 0,
      "posto": "0,00"
    },{
      "rbr": 5,
      "naziv": "ROBERT MARIJANČIĆ",
      "glasova": 0,
      "posto": "0,00"
    },{
      "rbr": 6,
      "naziv": "DANIJELA MILAŠIN",
      "glasova": 1,
      "posto": "3,44"
    },{
      "rbr": 7,
      "naziv": "KATA MUŽJAK",
      "glasova": 0,
      "posto": "0,00"
    },{
      "rbr": 8,
      "naziv": "ZDENKA FARKAŠ",
      "glasova": 2,
      "posto": "6,89"
    },{
      "rbr": 9,
      "naziv": "STAKA STIPANIČIĆ",
      "glasova": 0,
      "posto": "0,00"
    },{
      "rbr": 10,
      "naziv": "AMALIJA ČUHNIL",
      "glasova": 0,
      "posto": "0,00"
    },{
      "rbr": 11,
      "naziv": "ČESTMIR KOMAREK",
      "glasova": 0,
      "posto": "0,00"
    },{
      "rbr": 12,
      "naziv": "BOŽICA VREČIĆ",
      "glasova": 0,
      "posto": "0,00"
    },{
      "rbr": 13,
      "naziv": "FRANJO GURABIĆ",
      "glasova": 0,
      "posto": "0,00"
    },{
      "rbr": 14,
      "naziv": "FRANCO CUCULIĆ",
      "glasova": 0,
      "posto": "0,00"
    }]
  },{
    "rbr": 8,
    "stranke": [
      {"naziv": "FOKUS"},
      {"naziv": "REPUBLIKA"}
    ],
    "jedinstvenaSifra": "270310",
    "glasova": 15,
    "naziv": "FOKUS, REPUBLIKA",
    "posto": "1,44",
    "lista": [{
      "rbr": 1,
      "naziv": "GORAN ALEKSIĆ",
      "glasova": 0,
      "posto": "0,00"
    },{
      "rbr": 2,
      "naziv": "DRAŽEN JELAVIĆ",
      "glasova": 1,
      "posto": "6,66"
    },{
      "rbr": 3,
      "naziv": "ADRIJANA CVRTILA",
      "glasova": 0,
      "posto": "0,00"
    },{
      "rbr": 4,
      "naziv": "DARKO ZVER",
      "glasova": 0,
      "posto": "0,00"
    },{
      "rbr": 5,
      "naziv": "LUKA KRALJEVIĆ",
      "glasova": 0,
      "posto": "0,00"
    },{
      "rbr": 6,
      "naziv": "IVANA JOKIĆ",
      "glasova": 1,
      "posto": "6,66"
    },{
      "rbr": 7,
      "naziv": "SLAVKO MEZDJIĆ",
      "glasova": 0,
      "posto": "0,00"
    },{
      "rbr": 8,
      "naziv": "MARE JERKOVIĆ",
      "glasova": 0,
      "posto": "0,00"
    },{
      "rbr": 9,
      "naziv": "NEVENKA PUH MALOGORSKI",
      "glasova": 0,
      "posto": "0,00"
    },{
      "rbr": 10,
      "naziv": "BARBARA VINCEKOVIĆ",
      "glasova": 0,
      "posto": "0,00"
    },{
      "rbr": 11,
      "naziv": "TOMISLAV PALJAK",
      "glasova": 9,
      "posto": "60,00"
    },{
      "rbr": 12,
      "naziv": "FILIP DELIĆ",
      "glasova": 0,
      "posto": "0,00"
    },{
      "rbr": 13,
      "naziv": "MIRELA GOJKOVIĆ NOVAK",
      "glasova": 0,
      "posto": "0,00"
    },{
      "rbr": 14,
      "naziv": "BISERKA VINCEKOVIĆ",
      "glasova": 0,
      "posto": "0,00"
    }]
  },{
    "rbr": 9,
    "stranke": [
      {"naziv": "NEOVISNA LISTA -  VIKTOR ŠIMUNIĆ"}
    ],
    "jedinstvenaSifra": "4602",
    "glasova": 8,
    "naziv": "NEOVISNA LISTA -  VIKTOR ŠIMUNIĆ",
    "posto": "0,77",
    "lista": [{
      "rbr": 1,
      "naziv": "VIKTOR ŠIMUNIĆ",
      "glasova": 4,
      "posto": "50,00"
    },{
      "rbr": 2,
      "naziv": "ROMEO VINCELJ",
      "glasova": 0,
      "posto": "0,00"
    },{
      "rbr": 3,
      "naziv": "INES DEBELIĆ",
      "glasova": 0,
      "posto": "0,00"
    },{
      "rbr": 4,
      "naziv": "LEONARD FULIR",
      "glasova": 0,
      "posto": "0,00"
    },{
      "rbr": 5,
      "naziv": "PETRA BOLFEK BELOŠEVIĆ",
      "glasova": 0,
      "posto": "0,00"
    },{
      "rbr": 6,
      "naziv": "TINA DUNDOVIĆ",
      "glasova": 0,
      "posto": "0,00"
    },{
      "rbr": 7,
      "naziv": "ADALBERT TURNER",
      "glasova": 0,
      "posto": "0,00"
    },{
      "rbr": 8,
      "naziv": "JOSIPA GREGORINA",
      "glasova": 0,
      "posto": "0,00"
    },{
      "rbr": 9,
      "naziv": "DARKO MIRT",
      "glasova": 0,
      "posto": "0,00"
    },{
      "rbr": 10,
      "naziv": "MARTINA TOPOLOVEC",
      "glasova": 0,
      "posto": "0,00"
    },{
      "rbr": 11,
      "naziv": "BARTOL KNEZIĆ",
      "glasova": 0,
      "posto": "0,00"
    },{
      "rbr": 12,
      "naziv": "MIRTA MARIJA MUŠEC",
      "glasova": 0,
      "posto": "0,00"
    },{
      "rbr": 13,
      "naziv": "BRANKO FEREK-JAMBREK",
      "glasova": 0,
      "posto": "0,00"
    },{
      "rbr": 14,
      "naziv": "DARIO JURIČAN",
      "glasova": 2,
      "posto": "25,00"
    }]
  },{
    "rbr": 10,
    "stranke": [
      {"naziv": "STRANKA IVANA PERNARA"}
    ],
    "jedinstvenaSifra": "259",
    "glasova": 7,
    "naziv": "STRANKA IVANA PERNARA",
    "posto": "0,67",
    "lista": [{
      "rbr": 1,
      "naziv": "LIDIJA FERENČAK",
      "glasova": 1,
      "posto": "14,28"
    },{
      "rbr": 2,
      "naziv": "DAVID KOVAČIĆ",
      "glasova": 2,
      "posto": "28,57"
    },{
      "rbr": 3,
      "naziv": "IVAN LOVAKOVIĆ",
      "glasova": 0,
      "posto": "0,00"
    },{
      "rbr": 4,
      "naziv": "IVANA ŠAIĆ",
      "glasova": 0,
      "posto": "0,00"
    },{
      "rbr": 5,
      "naziv": "NIKOLA PERAS",
      "glasova": 0,
      "posto": "0,00"
    },{
      "rbr": 6,
      "naziv": "MARIJA ŠRBEC",
      "glasova": 0,
      "posto": "0,00"
    },{
      "rbr": 7,
      "naziv": "LJUBOMIR FLAJŠMAN",
      "glasova": 0,
      "posto": "0,00"
    },{
      "rbr": 8,
      "naziv": "PETAR JAGARČEC",
      "glasova": 0,
      "posto": "0,00"
    },{
      "rbr": 9,
      "naziv": "MAJA POKOS",
      "glasova": 0,
      "posto": "0,00"
    },{
      "rbr": 10,
      "naziv": "MATEO CILER",
      "glasova": 0,
      "posto": "0,00"
    },{
      "rbr": 11,
      "naziv": "MARIJA DUJMOVIĆ",
      "glasova": 0,
      "posto": "0,00"
    },{
      "rbr": 12,
      "naziv": "ANDREJ ŠPOLJAR",
      "glasova": 0,
      "posto": "0,00"
    },{
      "rbr": 13,
      "naziv": "SARA KORJENIĆ",
      "glasova": 0,
      "posto": "0,00"
    },{
      "rbr": 14,
      "naziv": "MARKO ŠVIGIR",
      "glasova": 0,
      "posto": "0,00"
    }]
  },{
    "rbr": 11,
    "stranke": [
      {"naziv": "HRVATSKA STRANKA PRAVA - HSP"},
      {"naziv": "HRVATSKO BILO"},
      {"naziv": "HRVATSKA DEMOKRATSKA SELJAČKA STRANKA - HDSS"}
    ],
    "jedinstvenaSifra": "007018308",
    "glasova": 7,
    "naziv": "HSP, HRVATSKO BILO, HDSS",
    "posto": "0,67",
    "lista": [{
      "rbr": 1,
      "naziv": "IGOR REŠETAR",
      "glasova": 2,
      "posto": "28,57"
    },{
      "rbr": 2,
      "naziv": "GORANKA BARIČEVIĆ",
      "glasova": 0,
      "posto": "0,00"
    },{
      "rbr": 3,
      "naziv": "BARBARA FUČEC BOROVIĆ",
      "glasova": 0,
      "posto": "0,00"
    },{
      "rbr": 4,
      "naziv": "MLADEN KRANJEC",
      "glasova": 0,
      "posto": "0,00"
    },{
      "rbr": 5,
      "naziv": "IVAN VURUŠIĆ",
      "glasova": 0,
      "posto": "0,00"
    },{
      "rbr": 6,
      "naziv": "JOSIPA VANDETTA HABULA",
      "glasova": 0,
      "posto": "0,00"
    },{
      "rbr": 7,
      "naziv": "MATEJA VRANOVIĆ",
      "glasova": 0,
      "posto": "0,00"
    },{
      "rbr": 8,
      "naziv": "ŽELJKO POMPER",
      "glasova": 1,
      "posto": "14,28"
    },{
      "rbr": 9,
      "naziv": "FILIP HLAPČIĆ",
      "glasova": 0,
      "posto": "0,00"
    },{
      "rbr": 10,
      "naziv": "DANILA MARTAN",
      "glasova": 0,
      "posto": "0,00"
    },{
      "rbr": 11,
      "naziv": "ANA ŠTEFIČAR",
      "glasova": 0,
      "posto": "0,00"
    },{
      "rbr": 12,
      "naziv": "JOSIP RADEK",
      "glasova": 0,
      "posto": "0,00"
    },{
      "rbr": 13,
      "naziv": "EDI DODLEK-BARIČEVIĆ",
      "glasova": 0,
      "posto": "0,00"
    },{
      "rbr": 14,
      "naziv": "MARIO SLAVIČEK",
      "glasova": 0,
      "posto": "0,00"
    }]
  },{
    "rbr": 12,
    "stranke": [
      {"naziv": "ODLUČNOST I PRAVEDNOST - OIP"}
    ],
    "jedinstvenaSifra": "300",
    "glasova": 6,
    "naziv": "OIP",
    "posto": "0,57",
    "lista": [{
      "rbr": 1,
      "naziv": "SINIŠA MARKULINČIĆ",
      "glasova": 1,
      "posto": "16,66"
    },{
      "rbr": 2,
      "naziv": "ELEONORA ERNOIĆ KRNJAK",
      "glasova": 0,
      "posto": "0,00"
    },{
      "rbr": 3,
      "naziv": "MILJENKO KNIEWALD",
      "glasova": 0,
      "posto": "0,00"
    },{
      "rbr": 4,
      "naziv": "IVAN BELEC",
      "glasova": 0,
      "posto": "0,00"
    },{
      "rbr": 5,
      "naziv": "MILJENKA STRJAČKI",
      "glasova": 0,
      "posto": "0,00"
    },{
      "rbr": 6,
      "naziv": "DARKO ČUČEK",
      "glasova": 0,
      "posto": "0,00"
    },{
      "rbr": 7,
      "naziv": "KARLO MIKIĆ",
      "glasova": 0,
      "posto": "0,00"
    },{
      "rbr": 8,
      "naziv": "MARO FRANUŠIĆ",
      "glasova": 0,
      "posto": "0,00"
    },{
      "rbr": 9,
      "naziv": "VLADO KESER",
      "glasova": 0,
      "posto": "0,00"
    },{
      "rbr": 10,
      "naziv": "ZDENKA PERIĆ",
      "glasova": 0,
      "posto": "0,00"
    },{
      "rbr": 11,
      "naziv": "MONIKA ČIŽMEK",
      "glasova": 0,
      "posto": "0,00"
    },{
      "rbr": 12,
      "naziv": "VESELJKO KRALJ",
      "glasova": 0,
      "posto": "0,00"
    },{
      "rbr": 13,
      "naziv": "NENAD KONDRES",
      "glasova": 0,
      "posto": "0,00"
    },{
      "rbr": 14,
      "naziv": "MARIO JEČMENJAK",
      "glasova": 0,
      "posto": "0,00"
    }]
  },{
    "rbr": 13,
    "stranke": [
      {"naziv": "HRVATSKA STRANKA GRAĐANSKOG OTPORA - HSGO"}
    ],
    "jedinstvenaSifra": "247",
    "glasova": 4,
    "naziv": "HSGO",
    "posto": "0,38",
    "lista": [{
      "rbr": 1,
      "naziv": "JOSIP BABOK",
      "glasova": 0,
      "posto": "0,00"
    },{
      "rbr": 2,
      "naziv": "VESNA VUKOVIĆ",
      "glasova": 1,
      "posto": "25,00"
    },{
      "rbr": 3,
      "naziv": "ŠTEFICA HUSEINOVIĆ",
      "glasova": 0,
      "posto": "0,00"
    },{
      "rbr": 4,
      "naziv": "KREŠIMIR JAMBROŠIĆ",
      "glasova": 0,
      "posto": "0,00"
    },{
      "rbr": 5,
      "naziv": "IVICA PETRINJAK",
      "glasova": 0,
      "posto": "0,00"
    },{
      "rbr": 6,
      "naziv": "MARINA ČRNJAK",
      "glasova": 0,
      "posto": "0,00"
    },{
      "rbr": 7,
      "naziv": "BARICA GOTIĆ",
      "glasova": 1,
      "posto": "25,00"
    },{
      "rbr": 8,
      "naziv": "MIRJANA ILAK",
      "glasova": 0,
      "posto": "0,00"
    },{
      "rbr": 9,
      "naziv": "BOŽIDAR TARODI",
      "glasova": 0,
      "posto": "0,00"
    },{
      "rbr": 10,
      "naziv": "TOMO LONČAREVIĆ",
      "glasova": 0,
      "posto": "0,00"
    },{
      "rbr": 11,
      "naziv": "NADA BABOK",
      "glasova": 0,
      "posto": "0,00"
    },{
      "rbr": 12,
      "naziv": "BOŽO BABIĆ",
      "glasova": 0,
      "posto": "0,00"
    },{
      "rbr": 13,
      "naziv": "BLAŽENKA ŠĆETINEC",
      "glasova": 1,
      "posto": "25,00"
    },{
      "rbr": 14,
      "naziv": "JASNA DAMJANOVIĆ",
      "glasova": 0,
      "posto": "0,00"
    }]
  },{
    "rbr": 14,
    "stranke": [
      {"naziv": "RADNIČKA FRONTA - RF"}
    ],
    "jedinstvenaSifra": "168",
    "glasova": 4,
    "naziv": "RF",
    "posto": "0,38",
    "lista": [{
      "rbr": 1,
      "naziv": "HRVOJ KRŽAK",
      "glasova": 0,
      "posto": "0,00"
    },{
      "rbr": 2,
      "naziv": "SINIŠA MILIČIĆ",
      "glasova": 1,
      "posto": "25,00"
    },{
      "rbr": 3,
      "naziv": "ANDREJA JAGEČIĆ",
      "glasova": 0,
      "posto": "0,00"
    },{
      "rbr": 4,
      "naziv": "GORAN JAKUŠ",
      "glasova": 0,
      "posto": "0,00"
    },{
      "rbr": 5,
      "naziv": "SANJA LEŽ",
      "glasova": 0,
      "posto": "0,00"
    },{
      "rbr": 6,
      "naziv": "MANUELA PERŠIĆ",
      "glasova": 0,
      "posto": "0,00"
    },{
      "rbr": 7,
      "naziv": "TOMISLAV LUKEC",
      "glasova": 0,
      "posto": "0,00"
    },{
      "rbr": 8,
      "naziv": "KRISTINA PETRUŠA",
      "glasova": 0,
      "posto": "0,00"
    },{
      "rbr": 9,
      "naziv": "SINIŠA VUDRAGOVIĆ",
      "glasova": 0,
      "posto": "0,00"
    },{
      "rbr": 10,
      "naziv": "ANKICA NEMET",
      "glasova": 0,
      "posto": "0,00"
    },{
      "rbr": 11,
      "naziv": "MISLAV SOKAČIĆ",
      "glasova": 0,
      "posto": "0,00"
    },{
      "rbr": 12,
      "naziv": "CARMEN KRŽAK",
      "glasova": 0,
      "posto": "0,00"
    },{
      "rbr": 13,
      "naziv": "ZVONIMIR KOŠĆAK",
      "glasova": 0,
      "posto": "0,00"
    },{
      "rbr": 14,
      "naziv": "GORAN STRAHIJA",
      "glasova": 0,
      "posto": "0,00"
    }]
  },{
    "rbr": 15,
    "stranke": [
      {"naziv": "AUTOHTONA - HRVATSKA STRANKA PRAVA - DRAŽEN KELEMINEC - A - HSP - Dražen Keleminec"}
    ],
    "jedinstvenaSifra": "049",
    "glasova": 3,
    "naziv": "A - HSP - Dražen Keleminec",
    "posto": "0,28",
    "lista": [{
      "rbr": 1,
      "naziv": "DRAGUTIN JAMBREČINA",
      "glasova": 2,
      "posto": "66,66"
    },{
      "rbr": 2,
      "naziv": "ŽELJKO ANTONČIĆ",
      "glasova": 0,
      "posto": "0,00"
    },{
      "rbr": 3,
      "naziv": "IVAN PAVUSA, rođ.1962.",
      "glasova": 0,
      "posto": "0,00"
    },{
      "rbr": 4,
      "naziv": "DAVID LEŠNJAK",
      "glasova": 0,
      "posto": "0,00"
    },{
      "rbr": 5,
      "naziv": "TIHOMIR KRIŽANIĆ",
      "glasova": 0,
      "posto": "0,00"
    },{
      "rbr": 6,
      "naziv": "BRANKICA LEDINŠČIĆ",
      "glasova": 0,
      "posto": "0,00"
    },{
      "rbr": 7,
      "naziv": "MARIJAN BLAGA",
      "glasova": 0,
      "posto": "0,00"
    },{
      "rbr": 8,
      "naziv": "STJEPAN PRAVICA",
      "glasova": 0,
      "posto": "0,00"
    },{
      "rbr": 9,
      "naziv": "FRANJO POBI",
      "glasova": 0,
      "posto": "0,00"
    },{
      "rbr": 10,
      "naziv": "VLADO BRUNEC",
      "glasova": 0,
      "posto": "0,00"
    },{
      "rbr": 11,
      "naziv": "DOMINIK ŠPOLJAR",
      "glasova": 0,
      "posto": "0,00"
    },{
      "rbr": 12,
      "naziv": "ANDRIJA KOLAR",
      "glasova": 0,
      "posto": "0,00"
    },{
      "rbr": 13,
      "naziv": "JOSIP KOČMAR",
      "glasova": 0,
      "posto": "0,00"
    },{
      "rbr": 14,
      "naziv": "IVAN PAVUSA, rođ.1957.",
      "glasova": 0,
      "posto": "0,00"
    }]
  },{
    "rbr": 16,
    "stranke": [
      {"naziv": "MEĐIMURSKI DEMOKRATSKI SAVEZ - MDS"}
    ],
    "jedinstvenaSifra": "067",
    "glasova": 1,
    "naziv": "MDS",
    "posto": "0,09",
    "lista": [{
      "rbr": 1,
      "naziv": "ŽELJKO PAVLIC",
      "glasova": 0,
      "posto": "0,00"
    },{
      "rbr": 2,
      "naziv": "MIRJANA KORUNIĆ",
      "glasova": 0,
      "posto": "0,00"
    },{
      "rbr": 3,
      "naziv": "MILJENKO ZELENBABA",
      "glasova": 0,
      "posto": "0,00"
    },{
      "rbr": 4,
      "naziv": "MARTINA CIMERMAN TELJEGA",
      "glasova": 0,
      "posto": "0,00"
    },{
      "rbr": 5,
      "naziv": "JOSIP BOŽIĆ",
      "glasova": 0,
      "posto": "0,00"
    },{
      "rbr": 6,
      "naziv": "ŽELJKA NOVAK",
      "glasova": 0,
      "posto": "0,00"
    },{
      "rbr": 7,
      "naziv": "ŽELJKO MEDLOBI",
      "glasova": 0,
      "posto": "0,00"
    },{
      "rbr": 8,
      "naziv": "NEDELJKA NOVAK",
      "glasova": 0,
      "posto": "0,00"
    },{
      "rbr": 9,
      "naziv": "DRAGUTIN ŠARIĆ",
      "glasova": 0,
      "posto": "0,00"
    },{
      "rbr": 10,
      "naziv": "VESNA PAVLIC",
      "glasova": 0,
      "posto": "0,00"
    },{
      "rbr": 11,
      "naziv": "BOŽIDAR KOS",
      "glasova": 0,
      "posto": "0,00"
    },{
      "rbr": 12,
      "naziv": "SUZANA PETEK",
      "glasova": 0,
      "posto": "0,00"
    },{
      "rbr": 13,
      "naziv": "IVAN CMREČNJAK",
      "glasova": 1,
      "posto": "100,00"
    },{
      "rbr": 14,
      "naziv": "RUŽICA DOBRANIĆ",
      "glasova": 0,
      "posto": "0,00"
    }]
  }]
}
