{
  "izbori": "Zastupnički izbori 2024",
  "datum": "17.04.2024.",
  "vrijeme": "21:45",
  "izboriOznaka": "02",
  "ijSifra": "008",
  "bmSifra": "000",
  "ijNaziv": "VIII. IZBORNA JEDINICA",
  "gropNaziv": "PULA - POLA",
  "bmNaziv": "",
  "bmZatvoreno": 21,
  "bmUkupno": 51,
  "biraciUkupno": 16697,
  "biraciGlasovalo": 9896,
  "biraciGlasovaloPosto": "59,27",
  "listiciUkupno": 9896,
  "listiciVazeci": 9677,
  "listiciVazeciPosto": "97,79",
  "listiciNevazeci": 219,
  "listiciNevazeciPosto": "2,21",
  "napomena": "* - objavljeni rezultati sadrže podatke samo s redovnih biračkih mjesta",
  "napomena2": "",
  "lista": [{
    "rbr": 1,
    "stranke": [
      {"naziv": "SOCIJALDEMOKRATSKA PARTIJA HRVATSKE - SDP"},
      {"naziv": "CENTAR"},
      {"naziv": "HRVATSKA SELJAČKA STRANKA - HSS"},
      {"naziv": "\"DALIJA OREŠKOVIĆ I LJUDI S IMENOM I PREZIMENOM\" - \"DO i SIP\""},
      {"naziv": "GRAĐANSKO-LIBERALNI SAVEZ - GLAS"}
    ],
    "jedinstvenaSifra": "004017179244306",
    "glasova": 3708,
    "naziv": "SDP, CENTAR, HSS, \"DO i SIP\", GLAS",
    "posto": "38,31",
    "lista": [{
      "rbr": 1,
      "naziv": "PEĐA GRBIN",
      "glasova": 1429,
      "posto": "38,53"
    },{
      "rbr": 2,
      "naziv": "MIRELA AHMETOVIĆ",
      "glasova": 310,
      "posto": "8,36"
    },{
      "rbr": 3,
      "naziv": "ZLATKO KOMADINA",
      "glasova": 90,
      "posto": "2,42"
    },{
      "rbr": 4,
      "naziv": "SANJA RADOLOVIĆ",
      "glasova": 481,
      "posto": "12,97"
    },{
      "rbr": 5,
      "naziv": "SAŠA ĐUJIĆ",
      "glasova": 4,
      "posto": "0,10"
    },{
      "rbr": 6,
      "naziv": "ANA PUŽ KUKULJAN",
      "glasova": 2,
      "posto": "0,05"
    },{
      "rbr": 7,
      "naziv": "MARIN RAČIĆ",
      "glasova": 4,
      "posto": "0,10"
    },{
      "rbr": 8,
      "naziv": "SLOBODAN FRUK",
      "glasova": 1,
      "posto": "0,02"
    },{
      "rbr": 9,
      "naziv": "MARKO FERENAC",
      "glasova": 6,
      "posto": "0,16"
    },{
      "rbr": 10,
      "naziv": "MARIA BLAŽINA",
      "glasova": 14,
      "posto": "0,37"
    },{
      "rbr": 11,
      "naziv": "KRISTIAN ČARAPIĆ",
      "glasova": 1,
      "posto": "0,02"
    },{
      "rbr": 12,
      "naziv": "BOJANA PUZIGAĆA",
      "glasova": 16,
      "posto": "0,43"
    },{
      "rbr": 13,
      "naziv": "NADJA POROPAT",
      "glasova": 5,
      "posto": "0,13"
    },{
      "rbr": 14,
      "naziv": "ŽELJKO JOVANOVIĆ",
      "glasova": 67,
      "posto": "1,80"
    }]
  },{
    "rbr": 2,
    "stranke": [
      {"naziv": "ISTARSKI DEMOKRATSKI SABOR - IDS"},
      {"naziv": "PRIMORSKO GORANSKI SAVEZ - PGS"},
      {"naziv": "UNIJA KVARNERA - UNIJA"},
      {"naziv": "ISTARSKA STRANKA UMIROVLJENIKA - PARTITO ISTRIANO DEI PENSIONATI - ISU - PIP"},
      {"naziv": "SOCIJALDEMOKRATI"},
      {"naziv": "NARODNA STRANKA - REFORMISTI - REFORMISTI"},
      {"naziv": "DEMOKRATI"},
      {"naziv": "HRVATSKI LABURISTI - STRANKA RADA - LABURISTI"}
    ],
    "jedinstvenaSifra": "005006100121162241251299",
    "glasova": 1658,
    "naziv": "IDS, PGS, UNIJA, ISU - PIP, SOCIJALDEMOKRATI, REFORMISTI, DEMOKRATI, LABURISTI",
    "posto": "17,13",
    "lista": [{
      "rbr": 1,
      "naziv": "DALIBOR PAUS",
      "glasova": 638,
      "posto": "38,48"
    },{
      "rbr": 2,
      "naziv": "DARIJO VASILIĆ",
      "glasova": 13,
      "posto": "0,78"
    },{
      "rbr": 3,
      "naziv": "VALTER GLAVIČIĆ",
      "glasova": 50,
      "posto": "3,01"
    },{
      "rbr": 4,
      "naziv": "LORIS PERŠURIĆ",
      "glasova": 46,
      "posto": "2,77"
    },{
      "rbr": 5,
      "naziv": "HELGA MOŽÉ",
      "glasova": 49,
      "posto": "2,95"
    },{
      "rbr": 6,
      "naziv": "EMIL DAUS",
      "glasova": 68,
      "posto": "4,10"
    },{
      "rbr": 7,
      "naziv": "TAJANA MASOVČIĆ",
      "glasova": 4,
      "posto": "0,24"
    },{
      "rbr": 8,
      "naziv": "LJILJANA MILOŠ",
      "glasova": 20,
      "posto": "1,20"
    },{
      "rbr": 9,
      "naziv": "TEA MIČIĆ BADURINA",
      "glasova": 8,
      "posto": "0,48"
    },{
      "rbr": 10,
      "naziv": "ANTEO MILOS",
      "glasova": 9,
      "posto": "0,54"
    },{
      "rbr": 11,
      "naziv": "KATARINA NEMET",
      "glasova": 13,
      "posto": "0,78"
    },{
      "rbr": 12,
      "naziv": "SENKA ŠUBAT",
      "glasova": 4,
      "posto": "0,24"
    },{
      "rbr": 13,
      "naziv": "MARKO PALIAGA",
      "glasova": 46,
      "posto": "2,77"
    },{
      "rbr": 14,
      "naziv": "MARKO BORAS MANDIĆ",
      "glasova": 5,
      "posto": "0,30"
    }]
  },{
    "rbr": 3,
    "stranke": [
      {"naziv": "HRVATSKA DEMOKRATSKA ZAJEDNICA - HDZ"},
      {"naziv": "HRVATSKA SOCIJALNO - LIBERALNA STRANKA - HSLS"},
      {"naziv": "HRVATSKA DEMOKRŠĆANSKA STRANKA - HDS"},
      {"naziv": "HRVATSKA NARODNA STRANKA - LIBERALNI DEMOKRATI - HNS"},
      {"naziv": "HRVATSKA STRANKA UMIROVLJENIKA - HSU"}
    ],
    "jedinstvenaSifra": "001002003011023",
    "glasova": 1413,
    "naziv": "HDZ, HSLS, HDS, HNS, HSU",
    "posto": "14,60",
    "lista": [{
      "rbr": 1,
      "naziv": "OLEG BUTKOVIĆ",
      "glasova": 437,
      "posto": "30,92"
    },{
      "rbr": 2,
      "naziv": "ANTON KLIMAN",
      "glasova": 213,
      "posto": "15,07"
    },{
      "rbr": 3,
      "naziv": "JOSIP OSTROGOVIĆ",
      "glasova": 1,
      "posto": "0,07"
    },{
      "rbr": 4,
      "naziv": "TOMISLAV KLARIĆ",
      "glasova": 3,
      "posto": "0,21"
    },{
      "rbr": 5,
      "naziv": "IRENA HRSTIĆ",
      "glasova": 260,
      "posto": "18,40"
    },{
      "rbr": 6,
      "naziv": "ALEN RUŽIĆ",
      "glasova": 5,
      "posto": "0,35"
    },{
      "rbr": 7,
      "naziv": "JOSIP BORIĆ",
      "glasova": 2,
      "posto": "0,14"
    },{
      "rbr": 8,
      "naziv": "DAVOR ZUBOVIĆ",
      "glasova": 5,
      "posto": "0,35"
    },{
      "rbr": 9,
      "naziv": "ILIRJANA-CROATA MEDUR",
      "glasova": 4,
      "posto": "0,28"
    },{
      "rbr": 10,
      "naziv": "ANA KUČIĆ",
      "glasova": 3,
      "posto": "0,21"
    },{
      "rbr": 11,
      "naziv": "MARIO BRATULIĆ",
      "glasova": 32,
      "posto": "2,26"
    },{
      "rbr": 12,
      "naziv": "IVAN BUBIĆ",
      "glasova": 13,
      "posto": "0,92"
    },{
      "rbr": 13,
      "naziv": "KRISTJAN STANIČIĆ",
      "glasova": 0,
      "posto": "0,00"
    },{
      "rbr": 14,
      "naziv": "IVAN KIRIN",
      "glasova": 12,
      "posto": "0,84"
    }]
  },{
    "rbr": 4,
    "stranke": [
      {"naziv": "MOŽEMO! - POLITIČKA PLATFORMA"}
    ],
    "jedinstvenaSifra": "255",
    "glasova": 1088,
    "naziv": "MOŽEMO! - POLITIČKA PLATFORMA",
    "posto": "11,24",
    "lista": [{
      "rbr": 1,
      "naziv": "DUŠICA RADOJČIĆ",
      "glasova": 283,
      "posto": "26,01"
    },{
      "rbr": 2,
      "naziv": "MORENA LEKAN",
      "glasova": 14,
      "posto": "1,28"
    },{
      "rbr": 3,
      "naziv": "NEBOJŠA ZELIČ",
      "glasova": 3,
      "posto": "0,27"
    },{
      "rbr": 4,
      "naziv": "ENNA PEROŠ",
      "glasova": 4,
      "posto": "0,36"
    },{
      "rbr": 5,
      "naziv": "SLAVEN BOLJUN",
      "glasova": 44,
      "posto": "4,04"
    },{
      "rbr": 6,
      "naziv": "IVA DAVORIJA",
      "glasova": 3,
      "posto": "0,27"
    },{
      "rbr": 7,
      "naziv": "HANA PALEKA",
      "glasova": 3,
      "posto": "0,27"
    },{
      "rbr": 8,
      "naziv": "MIHA PAUS",
      "glasova": 42,
      "posto": "3,86"
    },{
      "rbr": 9,
      "naziv": "NOEL MIRKOVIĆ",
      "glasova": 30,
      "posto": "2,75"
    },{
      "rbr": 10,
      "naziv": "ANA FONOVIĆ",
      "glasova": 33,
      "posto": "3,03"
    },{
      "rbr": 11,
      "naziv": "RENATO STANKOVIĆ",
      "glasova": 1,
      "posto": "0,09"
    },{
      "rbr": 12,
      "naziv": "DANIEL ANTUNOVIĆ",
      "glasova": 7,
      "posto": "0,64"
    },{
      "rbr": 13,
      "naziv": "DRAGAN DRUŽETA",
      "glasova": 4,
      "posto": "0,36"
    },{
      "rbr": 14,
      "naziv": "SUZANA JAŠIĆ",
      "glasova": 68,
      "posto": "6,25"
    }]
  },{
    "rbr": 5,
    "stranke": [
      {"naziv": "RADNIČKA FRONTA - RF"}
    ],
    "jedinstvenaSifra": "168",
    "glasova": 392,
    "naziv": "RF",
    "posto": "4,05",
    "lista": [{
      "rbr": 1,
      "naziv": "KATARINA PEOVIĆ",
      "glasova": 219,
      "posto": "55,86"
    },{
      "rbr": 2,
      "naziv": "GORAN MATIĆ",
      "glasova": 6,
      "posto": "1,53"
    },{
      "rbr": 3,
      "naziv": "KARIN GRGOROVIĆ",
      "glasova": 5,
      "posto": "1,27"
    },{
      "rbr": 4,
      "naziv": "BORIS KAPURALIN",
      "glasova": 6,
      "posto": "1,53"
    },{
      "rbr": 5,
      "naziv": "DUBRAVKA KOVAČEVIĆ",
      "glasova": 1,
      "posto": "0,25"
    },{
      "rbr": 6,
      "naziv": "ENIS ČAUŠEVIĆ",
      "glasova": 3,
      "posto": "0,76"
    },{
      "rbr": 7,
      "naziv": "GORDANA VUDRAGOVIĆ",
      "glasova": 1,
      "posto": "0,25"
    },{
      "rbr": 8,
      "naziv": "NIJAZ DELIĆ",
      "glasova": 4,
      "posto": "1,02"
    },{
      "rbr": 9,
      "naziv": "NATALIJA STEFANOVIĆ",
      "glasova": 0,
      "posto": "0,00"
    },{
      "rbr": 10,
      "naziv": "BOJAN BIRK",
      "glasova": 3,
      "posto": "0,76"
    },{
      "rbr": 11,
      "naziv": "BISERKA MOMČINOVIĆ",
      "glasova": 0,
      "posto": "0,00"
    },{
      "rbr": 12,
      "naziv": "ALEKSANDAR ALOBIĆ",
      "glasova": 1,
      "posto": "0,25"
    },{
      "rbr": 13,
      "naziv": "IZVOR RUKAVINA",
      "glasova": 1,
      "posto": "0,25"
    },{
      "rbr": 14,
      "naziv": "LEMS JERIN",
      "glasova": 14,
      "posto": "3,57"
    }]
  },{
    "rbr": 6,
    "stranke": [
      {"naziv": "MOST"},
      {"naziv": "HRVATSKI SUVERENISTI"},
      {"naziv": "HRVATSKA KONZERVATIVNA STRANKA - HKS"},
      {"naziv": "NEZAVISNA LISTA MLADIH - NLM"}
    ],
    "jedinstvenaSifra": "131165188263",
    "glasova": 385,
    "naziv": "MOST, HRVATSKI SUVERENISTI, HKS, NLM",
    "posto": "3,97",
    "lista": [{
      "rbr": 1,
      "naziv": "MARIN MILETIĆ",
      "glasova": 148,
      "posto": "38,44"
    },{
      "rbr": 2,
      "naziv": "IVAN VIDOVIĆ",
      "glasova": 46,
      "posto": "11,94"
    },{
      "rbr": 3,
      "naziv": "PETRA MANDIĆ",
      "glasova": 3,
      "posto": "0,77"
    },{
      "rbr": 4,
      "naziv": "LUKA JAKOPOVIĆ",
      "glasova": 1,
      "posto": "0,25"
    },{
      "rbr": 5,
      "naziv": "SILVIJA TERLEVIĆ",
      "glasova": 7,
      "posto": "1,81"
    },{
      "rbr": 6,
      "naziv": "MARIJAN ŠEGOTA",
      "glasova": 6,
      "posto": "1,55"
    },{
      "rbr": 7,
      "naziv": "SABINA MAROV",
      "glasova": 1,
      "posto": "0,25"
    },{
      "rbr": 8,
      "naziv": "BORIS ADŽIĆ",
      "glasova": 2,
      "posto": "0,51"
    },{
      "rbr": 9,
      "naziv": "JELENA ALESSIO",
      "glasova": 12,
      "posto": "3,11"
    },{
      "rbr": 10,
      "naziv": "VERICA ĆORKOVIĆ",
      "glasova": 1,
      "posto": "0,25"
    },{
      "rbr": 11,
      "naziv": "ORHAN SALI",
      "glasova": 0,
      "posto": "0,00"
    },{
      "rbr": 12,
      "naziv": "IZABELA ĐAKOVIĆ",
      "glasova": 0,
      "posto": "0,00"
    },{
      "rbr": 13,
      "naziv": "ALEKSANDAR-SAŠA MILAKOVIĆ",
      "glasova": 1,
      "posto": "0,25"
    },{
      "rbr": 14,
      "naziv": "JOSIP KATALINIĆ",
      "glasova": 4,
      "posto": "1,03"
    }]
  },{
    "rbr": 7,
    "stranke": [
      {"naziv": "DOMOVINSKI POKRET - DP"},
      {"naziv": "PRAVO I PRAVDA"}
    ],
    "jedinstvenaSifra": "267312",
    "glasova": 312,
    "naziv": "DP, PRAVO I PRAVDA",
    "posto": "3,22",
    "lista": [{
      "rbr": 1,
      "naziv": "IVAN VILIBOR SINČIĆ",
      "glasova": 118,
      "posto": "37,82"
    },{
      "rbr": 2,
      "naziv": "BOŽANA KRISTIĆ",
      "glasova": 56,
      "posto": "17,94"
    },{
      "rbr": 3,
      "naziv": "MARINA BEG UMILJENOVIĆ",
      "glasova": 0,
      "posto": "0,00"
    },{
      "rbr": 4,
      "naziv": "SNJEŽANA BAŽAJ-BOĆKAI",
      "glasova": 11,
      "posto": "3,52"
    },{
      "rbr": 5,
      "naziv": "MATEA FILIPOVIĆ",
      "glasova": 7,
      "posto": "2,24"
    },{
      "rbr": 6,
      "naziv": "PAOLA VELLICO BATEL",
      "glasova": 3,
      "posto": "0,96"
    },{
      "rbr": 7,
      "naziv": "MILICA ERCEG",
      "glasova": 3,
      "posto": "0,96"
    },{
      "rbr": 8,
      "naziv": "IVICA KRSTAŠ",
      "glasova": 2,
      "posto": "0,64"
    },{
      "rbr": 9,
      "naziv": "RITA UJČIĆ",
      "glasova": 1,
      "posto": "0,32"
    },{
      "rbr": 10,
      "naziv": "MARIJAN ZOVIĆ",
      "glasova": 1,
      "posto": "0,32"
    },{
      "rbr": 11,
      "naziv": "DENI JANKO",
      "glasova": 1,
      "posto": "0,32"
    },{
      "rbr": 12,
      "naziv": "ZORAN STJEPANOVIĆ",
      "glasova": 2,
      "posto": "0,64"
    },{
      "rbr": 13,
      "naziv": "FRANJO BARTOLAC",
      "glasova": 0,
      "posto": "0,00"
    },{
      "rbr": 14,
      "naziv": "DAVOR POPOVIĆ",
      "glasova": 3,
      "posto": "0,96"
    }]
  },{
    "rbr": 8,
    "stranke": [
      {"naziv": "FOKUS"},
      {"naziv": "REPUBLIKA"}
    ],
    "jedinstvenaSifra": "270310",
    "glasova": 291,
    "naziv": "FOKUS, REPUBLIKA",
    "posto": "3,00",
    "lista": [{
      "rbr": 1,
      "naziv": "GORDANA DERANJA",
      "glasova": 134,
      "posto": "46,04"
    },{
      "rbr": 2,
      "naziv": "LORAN MILANOVIĆ",
      "glasova": 4,
      "posto": "1,37"
    },{
      "rbr": 3,
      "naziv": "DAMIR PRHAT",
      "glasova": 49,
      "posto": "16,83"
    },{
      "rbr": 4,
      "naziv": "DAMIR GRÜNBAUM",
      "glasova": 1,
      "posto": "0,34"
    },{
      "rbr": 5,
      "naziv": "MILAN PERKOVIĆ",
      "glasova": 1,
      "posto": "0,34"
    },{
      "rbr": 6,
      "naziv": "IVA DELLABERNARDINA",
      "glasova": 3,
      "posto": "1,03"
    },{
      "rbr": 7,
      "naziv": "NIKOLINA BENIĆ",
      "glasova": 0,
      "posto": "0,00"
    },{
      "rbr": 8,
      "naziv": "PATRICIJA VANĐELIĆ",
      "glasova": 7,
      "posto": "2,40"
    },{
      "rbr": 9,
      "naziv": "MARIJA VIRKES",
      "glasova": 0,
      "posto": "0,00"
    },{
      "rbr": 10,
      "naziv": "NENAD ŠĆULAC",
      "glasova": 0,
      "posto": "0,00"
    },{
      "rbr": 11,
      "naziv": "DENIS KIŠ",
      "glasova": 0,
      "posto": "0,00"
    },{
      "rbr": 12,
      "naziv": "MARIJA VARŽIĆ GOLUBIĆ",
      "glasova": 0,
      "posto": "0,00"
    },{
      "rbr": 13,
      "naziv": "IGOR LUKEŽ",
      "glasova": 3,
      "posto": "1,03"
    },{
      "rbr": 14,
      "naziv": "ANDREJ RADETIĆ",
      "glasova": 0,
      "posto": "0,00"
    }]
  },{
    "rbr": 9,
    "stranke": [
      {"naziv": "UMIROVLJENICI ZAJEDNO - POLITIČKA PLATFORMA - UMIROVLJENICI ZAJEDNO"},
      {"naziv": "STRANKA UMIROVLJENIKA - SU"},
      {"naziv": "BLOK UMIROVLJENICI ZAJEDNO - BUZ"},
      {"naziv": "DEMOKRATSKA STRANKA UMIROVLJENIKA - DSU"}
    ],
    "jedinstvenaSifra": "039041102301",
    "glasova": 198,
    "naziv": "UMIROVLJENICI ZAJEDNO, SU, BUZ, DSU",
    "posto": "2,04",
    "lista": [{
      "rbr": 1,
      "naziv": "MARIJA PALAZIOL",
      "glasova": 31,
      "posto": "15,65"
    },{
      "rbr": 2,
      "naziv": "ANĐELKA BIJELONJIĆ",
      "glasova": 3,
      "posto": "1,51"
    },{
      "rbr": 3,
      "naziv": "EUFEMIA MIŠIĆ",
      "glasova": 2,
      "posto": "1,01"
    },{
      "rbr": 4,
      "naziv": "MIRKO BIJELONJIĆ",
      "glasova": 2,
      "posto": "1,01"
    },{
      "rbr": 5,
      "naziv": "DENIS PAULETIĆ",
      "glasova": 7,
      "posto": "3,53"
    },{
      "rbr": 6,
      "naziv": "VLADIMIR ŠIMUNIĆ",
      "glasova": 1,
      "posto": "0,50"
    },{
      "rbr": 7,
      "naziv": "DARKO ŠEGOTA",
      "glasova": 6,
      "posto": "3,03"
    },{
      "rbr": 8,
      "naziv": "BLAŽENKA BERGIĆ",
      "glasova": 4,
      "posto": "2,02"
    },{
      "rbr": 9,
      "naziv": "BRANKO BIJELONJIĆ",
      "glasova": 2,
      "posto": "1,01"
    },{
      "rbr": 10,
      "naziv": "VESNA MATOŠEVIĆ",
      "glasova": 5,
      "posto": "2,52"
    },{
      "rbr": 11,
      "naziv": "ŽELJKO BILIĆ",
      "glasova": 1,
      "posto": "0,50"
    },{
      "rbr": 12,
      "naziv": "CHRISTINE BIBALO-BALAŠKO",
      "glasova": 1,
      "posto": "0,50"
    },{
      "rbr": 13,
      "naziv": "MILORAD KARDUM",
      "glasova": 0,
      "posto": "0,00"
    },{
      "rbr": 14,
      "naziv": "JOSIP PULIĆ",
      "glasova": 1,
      "posto": "0,50"
    }]
  },{
    "rbr": 10,
    "stranke": [
      {"naziv": "STRANKA IVANA PERNARA"}
    ],
    "jedinstvenaSifra": "259",
    "glasova": 105,
    "naziv": "STRANKA IVANA PERNARA",
    "posto": "1,08",
    "lista": [{
      "rbr": 1,
      "naziv": "IVANA ŠAIN",
      "glasova": 15,
      "posto": "14,28"
    },{
      "rbr": 2,
      "naziv": "VLADIMIR LEON KELLER",
      "glasova": 5,
      "posto": "4,76"
    },{
      "rbr": 3,
      "naziv": "DENI RAKOVIĆ",
      "glasova": 19,
      "posto": "18,09"
    },{
      "rbr": 4,
      "naziv": "ANGELINA PRPIĆ",
      "glasova": 1,
      "posto": "0,95"
    },{
      "rbr": 5,
      "naziv": "BENITO LJUBOVIĆ",
      "glasova": 0,
      "posto": "0,00"
    },{
      "rbr": 6,
      "naziv": "ENA BABIĆ",
      "glasova": 1,
      "posto": "0,95"
    },{
      "rbr": 7,
      "naziv": "FILIP MARIĆ",
      "glasova": 2,
      "posto": "1,90"
    },{
      "rbr": 8,
      "naziv": "NINA ŠIMONOVIĆ",
      "glasova": 0,
      "posto": "0,00"
    },{
      "rbr": 9,
      "naziv": "STEFANO VIDONIS",
      "glasova": 1,
      "posto": "0,95"
    },{
      "rbr": 10,
      "naziv": "GORDANA VIDAK",
      "glasova": 1,
      "posto": "0,95"
    },{
      "rbr": 11,
      "naziv": "ROKO ORLOVIĆ",
      "glasova": 2,
      "posto": "1,90"
    },{
      "rbr": 12,
      "naziv": "LEAN MARETIĆ",
      "glasova": 6,
      "posto": "5,71"
    },{
      "rbr": 13,
      "naziv": "DANIJELA HORVAT",
      "glasova": 0,
      "posto": "0,00"
    },{
      "rbr": 14,
      "naziv": "MIRSADA IMŠIROVIĆ",
      "glasova": 6,
      "posto": "5,71"
    }]
  },{
    "rbr": 11,
    "stranke": [
      {"naziv": "SOCIJALISTIČKA RADNIČKA PARTIJA HRVATSKE - SRP"}
    ],
    "jedinstvenaSifra": "029",
    "glasova": 48,
    "naziv": "SRP",
    "posto": "0,49",
    "lista": [{
      "rbr": 1,
      "naziv": "VLADIMIR KAPURALIN",
      "glasova": 15,
      "posto": "31,25"
    },{
      "rbr": 2,
      "naziv": "DAVOR RAKIĆ",
      "glasova": 3,
      "posto": "6,25"
    },{
      "rbr": 3,
      "naziv": "ULIANA MOSCARDA",
      "glasova": 0,
      "posto": "0,00"
    },{
      "rbr": 4,
      "naziv": "MILOŠ MITROVIĆ",
      "glasova": 1,
      "posto": "2,08"
    },{
      "rbr": 5,
      "naziv": "RANKA ČIČOVAČKI",
      "glasova": 0,
      "posto": "0,00"
    },{
      "rbr": 6,
      "naziv": "LUCA ANTONIO ŠURAN",
      "glasova": 0,
      "posto": "0,00"
    },{
      "rbr": 7,
      "naziv": "RUŽA KNEŽEVIĆ",
      "glasova": 0,
      "posto": "0,00"
    },{
      "rbr": 8,
      "naziv": "MARIN BRKLJAČA",
      "glasova": 0,
      "posto": "0,00"
    },{
      "rbr": 9,
      "naziv": "DANICA OBREZA",
      "glasova": 0,
      "posto": "0,00"
    },{
      "rbr": 10,
      "naziv": "LUKA ERCEGOVIĆ",
      "glasova": 1,
      "posto": "2,08"
    },{
      "rbr": 11,
      "naziv": "ZAHIDA DEDUKIĆ",
      "glasova": 1,
      "posto": "2,08"
    },{
      "rbr": 12,
      "naziv": "SLOBODAN OBREZA",
      "glasova": 0,
      "posto": "0,00"
    },{
      "rbr": 13,
      "naziv": "ILONA ŠIMIČIĆ",
      "glasova": 0,
      "posto": "0,00"
    },{
      "rbr": 14,
      "naziv": "DARKO MILIĆ",
      "glasova": 0,
      "posto": "0,00"
    }]
  },{
    "rbr": 12,
    "stranke": [
      {"naziv": "ODLUČNOST I PRAVEDNOST - OIP"}
    ],
    "jedinstvenaSifra": "300",
    "glasova": 44,
    "naziv": "OIP",
    "posto": "0,45",
    "lista": [{
      "rbr": 1,
      "naziv": "HRVOJE ŽUPARIĆ",
      "glasova": 7,
      "posto": "15,90"
    },{
      "rbr": 2,
      "naziv": "ANDRIJA RUŽIĆ",
      "glasova": 0,
      "posto": "0,00"
    },{
      "rbr": 3,
      "naziv": "BOJAN VUKOREPA",
      "glasova": 2,
      "posto": "4,54"
    },{
      "rbr": 4,
      "naziv": "FANI RADOVAN RIGOVIĆ",
      "glasova": 0,
      "posto": "0,00"
    },{
      "rbr": 5,
      "naziv": "TIHOMIR KRALJEVIĆ",
      "glasova": 0,
      "posto": "0,00"
    },{
      "rbr": 6,
      "naziv": "SENAD BEGIĆ",
      "glasova": 2,
      "posto": "4,54"
    },{
      "rbr": 7,
      "naziv": "EDO ŠARUNIĆ",
      "glasova": 0,
      "posto": "0,00"
    },{
      "rbr": 8,
      "naziv": "ANTO LUJIĆ",
      "glasova": 0,
      "posto": "0,00"
    },{
      "rbr": 9,
      "naziv": "ZORAN ANDRIĆ",
      "glasova": 0,
      "posto": "0,00"
    },{
      "rbr": 10,
      "naziv": "TONI GJAJA",
      "glasova": 0,
      "posto": "0,00"
    },{
      "rbr": 11,
      "naziv": "LEONARDO ŠALIĆ",
      "glasova": 0,
      "posto": "0,00"
    },{
      "rbr": 12,
      "naziv": "MILKA LOZIĆ",
      "glasova": 0,
      "posto": "0,00"
    },{
      "rbr": 13,
      "naziv": "MARTA MATANOVIĆ",
      "glasova": 0,
      "posto": "0,00"
    },{
      "rbr": 14,
      "naziv": "VESNA JAKOPOVIĆ",
      "glasova": 1,
      "posto": "2,27"
    }]
  },{
    "rbr": 13,
    "stranke": [
      {"naziv": "HRVATSKA STRANKA PRAVA - HSP"},
      {"naziv": "HRVATSKO BILO"},
      {"naziv": "HRVATSKA DEMOKRATSKA SELJAČKA STRANKA - HDSS"}
    ],
    "jedinstvenaSifra": "007018308",
    "glasova": 23,
    "naziv": "HSP, HRVATSKO BILO, HDSS",
    "posto": "0,23",
    "lista": [{
      "rbr": 1,
      "naziv": "MARIN BUBANJ",
      "glasova": 4,
      "posto": "17,39"
    },{
      "rbr": 2,
      "naziv": "STIPICA BAŠKARAD",
      "glasova": 1,
      "posto": "4,34"
    },{
      "rbr": 3,
      "naziv": "NIKO PUŠELJA",
      "glasova": 0,
      "posto": "0,00"
    },{
      "rbr": 4,
      "naziv": "GABRIJELA ANIČIĆ",
      "glasova": 0,
      "posto": "0,00"
    },{
      "rbr": 5,
      "naziv": "ELVIRA MARIĆ",
      "glasova": 1,
      "posto": "4,34"
    },{
      "rbr": 6,
      "naziv": "TATJANA SMOJVER-SILOV",
      "glasova": 0,
      "posto": "0,00"
    },{
      "rbr": 7,
      "naziv": "DANICA MARKOVIĆ",
      "glasova": 1,
      "posto": "4,34"
    },{
      "rbr": 8,
      "naziv": "LJUBICA ŠEVERDIJA",
      "glasova": 0,
      "posto": "0,00"
    },{
      "rbr": 9,
      "naziv": "NIVES KLJAJIĆ",
      "glasova": 0,
      "posto": "0,00"
    },{
      "rbr": 10,
      "naziv": "DUBRAVKO MARŠAL",
      "glasova": 0,
      "posto": "0,00"
    },{
      "rbr": 11,
      "naziv": "SLAVKO VRBAN",
      "glasova": 0,
      "posto": "0,00"
    },{
      "rbr": 12,
      "naziv": "MIROSLAV MARKOVIĆ",
      "glasova": 0,
      "posto": "0,00"
    },{
      "rbr": 13,
      "naziv": "DEJAN ILIJIĆ",
      "glasova": 0,
      "posto": "0,00"
    },{
      "rbr": 14,
      "naziv": "ROBERT CIFREK",
      "glasova": 1,
      "posto": "4,34"
    }]
  },{
    "rbr": 14,
    "stranke": [
      {"naziv": "AUTOHTONA - HRVATSKA STRANKA PRAVA - DRAŽEN KELEMINEC - A - HSP - Dražen Keleminec"}
    ],
    "jedinstvenaSifra": "049",
    "glasova": 12,
    "naziv": "A - HSP - Dražen Keleminec",
    "posto": "0,12",
    "lista": [{
      "rbr": 1,
      "naziv": "JURE HULJEV",
      "glasova": 3,
      "posto": "25,00"
    },{
      "rbr": 2,
      "naziv": "DALIBOR FUĆAK",
      "glasova": 1,
      "posto": "8,33"
    },{
      "rbr": 3,
      "naziv": "ANDRIJA ŠKRIBULJA",
      "glasova": 0,
      "posto": "0,00"
    },{
      "rbr": 4,
      "naziv": "VJEKOSLAV JOVIĆ",
      "glasova": 0,
      "posto": "0,00"
    },{
      "rbr": 5,
      "naziv": "ANKA ĐURIŠIĆ",
      "glasova": 0,
      "posto": "0,00"
    },{
      "rbr": 6,
      "naziv": "ZLATKO OREŠKOVIĆ",
      "glasova": 0,
      "posto": "0,00"
    },{
      "rbr": 7,
      "naziv": "TIHOMIR MESAROV",
      "glasova": 0,
      "posto": "0,00"
    },{
      "rbr": 8,
      "naziv": "ZORAN ŠAJKOVIĆ",
      "glasova": 1,
      "posto": "8,33"
    },{
      "rbr": 9,
      "naziv": "SENKA DURDOV",
      "glasova": 0,
      "posto": "0,00"
    },{
      "rbr": 10,
      "naziv": "HRVOJE DRAGANIĆ",
      "glasova": 0,
      "posto": "0,00"
    },{
      "rbr": 11,
      "naziv": "TOMISLAV RUKAVINA",
      "glasova": 1,
      "posto": "8,33"
    },{
      "rbr": 12,
      "naziv": "MILAN ŽUFIKA",
      "glasova": 0,
      "posto": "0,00"
    },{
      "rbr": 13,
      "naziv": "ZORAN POSTRUŽIN",
      "glasova": 0,
      "posto": "0,00"
    },{
      "rbr": 14,
      "naziv": "MIRKO KOROŠEC",
      "glasova": 0,
      "posto": "0,00"
    }]
  }]
}
