{
  "izbori": "Zastupnički izbori 2024",
  "datum": "17.04.2024.",
  "vrijeme": "21:15",
  "izboriOznaka": "02",
  "ijSifra": "003",
  "bmSifra": "000",
  "ijNaziv": "III. IZBORNA JEDINICA",
  "gropNaziv": "",
  "bmNaziv": "",
  "bmZatvoreno": 492,
  "bmUkupno": 1109,
  "biraciUkupno": 109783,
  "biraciGlasovalo": 66356,
  "biraciGlasovaloPosto": "60,44",
  "listiciUkupno": 66351,
  "listiciVazeci": 64161,
  "listiciVazeciPosto": "96,70",
  "listiciNevazeci": 2190,
  "listiciNevazeciPosto": "3,30",
  "napomena": "* - objavljeni rezultati sadrže i podatke s posebnih biračkih mjesta te s biračkih mjesta u inozemstvu",
  "napomena2": "",
  "lista": [{
    "rbr": 1,
    "stranke": [
      {"naziv": "SOCIJALDEMOKRATSKA PARTIJA HRVATSKE - SDP"},
      {"naziv": "CENTAR"},
      {"naziv": "HRVATSKA SELJAČKA STRANKA - HSS"},
      {"naziv": "\"DALIJA OREŠKOVIĆ I LJUDI S IMENOM I PREZIMENOM\" - \"DO i SIP\""},
      {"naziv": "NARODNA STRANKA - REFORMISTI - REFORMISTI"},
      {"naziv": "GRAĐANSKO-LIBERALNI SAVEZ - GLAS"}
    ],
    "jedinstvenaSifra": "004017162179244306",
    "glasova": 22740,
    "naziv": "SDP, CENTAR, HSS, \"DO i SIP\", REFORMISTI, GLAS",
    "posto": "35,44",
    "lista": [{
      "rbr": 1,
      "naziv": "SINIŠA HAJDAŠ DONČIĆ",
      "glasova": 7300,
      "posto": "32,10"
    },{
      "rbr": 2,
      "naziv": "BARBARA ANTOLIĆ VUPORA",
      "glasova": 337,
      "posto": "1,48"
    },{
      "rbr": 3,
      "naziv": "ŽELJKO KOLAR",
      "glasova": 2245,
      "posto": "9,87"
    },{
      "rbr": 4,
      "naziv": "BOŠKA BAN VLAHEK",
      "glasova": 276,
      "posto": "1,21"
    },{
      "rbr": 5,
      "naziv": "MIROSLAV MARKOVIĆ",
      "glasova": 117,
      "posto": "0,51"
    },{
      "rbr": 6,
      "naziv": "JASENKA AUGUŠTAN-PENTEK",
      "glasova": 523,
      "posto": "2,29"
    },{
      "rbr": 7,
      "naziv": "NATALIJA MARTINČEVIĆ",
      "glasova": 195,
      "posto": "0,85"
    },{
      "rbr": 8,
      "naziv": "MARIO MEDVED",
      "glasova": 98,
      "posto": "0,43"
    },{
      "rbr": 9,
      "naziv": "ANDREJA MARIĆ",
      "glasova": 697,
      "posto": "3,06"
    },{
      "rbr": 10,
      "naziv": "ŽELJKO POSAVEC",
      "glasova": 1403,
      "posto": "6,16"
    },{
      "rbr": 11,
      "naziv": "ANITA CURIŠ KROK",
      "glasova": 237,
      "posto": "1,04"
    },{
      "rbr": 12,
      "naziv": "LOVRO LUKAVEČKI",
      "glasova": 752,
      "posto": "3,30"
    },{
      "rbr": 13,
      "naziv": "RADIMIR ČAČIĆ",
      "glasova": 1301,
      "posto": "5,72"
    },{
      "rbr": 14,
      "naziv": "LANA REMAR",
      "glasova": 102,
      "posto": "0,44"
    }]
  },{
    "rbr": 2,
    "stranke": [
      {"naziv": "HRVATSKA DEMOKRATSKA ZAJEDNICA - HDZ"},
      {"naziv": "HRVATSKA SOCIJALNO - LIBERALNA STRANKA - HSLS"},
      {"naziv": "HRVATSKA DEMOKRŠĆANSKA STRANKA - HDS"},
      {"naziv": "HRVATSKA NARODNA STRANKA - LIBERALNI DEMOKRATI - HNS"},
      {"naziv": "HRVATSKA STRANKA UMIROVLJENIKA - HSU"}
    ],
    "jedinstvenaSifra": "001002003011023",
    "glasova": 19253,
    "naziv": "HDZ, HSLS, HDS, HNS, HSU",
    "posto": "30,00",
    "lista": [{
      "rbr": 1,
      "naziv": "ANĐELKO STRIČAK",
      "glasova": 3468,
      "posto": "18,01"
    },{
      "rbr": 2,
      "naziv": "ZORAN GREGUROVIĆ",
      "glasova": 1439,
      "posto": "7,47"
    },{
      "rbr": 3,
      "naziv": "LJUBOMIR KOLAREK",
      "glasova": 1045,
      "posto": "5,42"
    },{
      "rbr": 4,
      "naziv": "PREDRAG ŠTROMAR",
      "glasova": 736,
      "posto": "3,82"
    },{
      "rbr": 5,
      "naziv": "DAMIR HABIJAN",
      "glasova": 935,
      "posto": "4,85"
    },{
      "rbr": 6,
      "naziv": "ŽARKO TUŠEK",
      "glasova": 1309,
      "posto": "6,79"
    },{
      "rbr": 7,
      "naziv": "SANJA BOROVEC",
      "glasova": 741,
      "posto": "3,84"
    },{
      "rbr": 8,
      "naziv": "DRAŽEN SRPAK",
      "glasova": 417,
      "posto": "2,16"
    },{
      "rbr": 9,
      "naziv": "LJUBICA JEMBRIH",
      "glasova": 897,
      "posto": "4,65"
    },{
      "rbr": 10,
      "naziv": "SINIŠA JENKAČ",
      "glasova": 1309,
      "posto": "6,79"
    },{
      "rbr": 11,
      "naziv": "ROBERT ŠPLAJT",
      "glasova": 253,
      "posto": "1,31"
    },{
      "rbr": 12,
      "naziv": "GORDANA RAMUŠĆAK",
      "glasova": 131,
      "posto": "0,68"
    },{
      "rbr": 13,
      "naziv": "ZDRAVKO TUŠEK",
      "glasova": 522,
      "posto": "2,71"
    },{
      "rbr": 14,
      "naziv": "GORAN KANIŠKI",
      "glasova": 559,
      "posto": "2,90"
    }]
  },{
    "rbr": 3,
    "stranke": [
      {"naziv": "NEZAVISNA PLATFORMA SJEVERA - NPS"}
    ],
    "jedinstvenaSifra": "304",
    "glasova": 7871,
    "naziv": "NPS",
    "posto": "12,26",
    "lista": [{
      "rbr": 1,
      "naziv": "MATIJA POSAVEC",
      "glasova": 5179,
      "posto": "65,79"
    },{
      "rbr": 2,
      "naziv": "DUBRAVKO BILIĆ",
      "glasova": 144,
      "posto": "1,82"
    },{
      "rbr": 3,
      "naziv": "ROBERT GREBLIČKI",
      "glasova": 233,
      "posto": "2,96"
    },{
      "rbr": 4,
      "naziv": "LJERKA CIVIDINI",
      "glasova": 89,
      "posto": "1,13"
    },{
      "rbr": 5,
      "naziv": "MILORAD BATINIĆ",
      "glasova": 414,
      "posto": "5,25"
    },{
      "rbr": 6,
      "naziv": "IGOR ŠEGOVIĆ",
      "glasova": 89,
      "posto": "1,13"
    },{
      "rbr": 7,
      "naziv": "KSENIJA KRIVEC JURAK",
      "glasova": 94,
      "posto": "1,19"
    },{
      "rbr": 8,
      "naziv": "RAJKO SOLAR",
      "glasova": 34,
      "posto": "0,43"
    },{
      "rbr": 9,
      "naziv": "ĐURĐICA SLAMEK",
      "glasova": 50,
      "posto": "0,63"
    },{
      "rbr": 10,
      "naziv": "VELIMIR KUČKO",
      "glasova": 39,
      "posto": "0,49"
    },{
      "rbr": 11,
      "naziv": "ANICA NARANĐA",
      "glasova": 23,
      "posto": "0,29"
    },{
      "rbr": 12,
      "naziv": "BOJANA PETRIĆ",
      "glasova": 70,
      "posto": "0,88"
    },{
      "rbr": 13,
      "naziv": "MIRJANA MURK",
      "glasova": 26,
      "posto": "0,33"
    },{
      "rbr": 14,
      "naziv": "IVICA BAKSA",
      "glasova": 61,
      "posto": "0,77"
    }]
  },{
    "rbr": 4,
    "stranke": [
      {"naziv": "DOMOVINSKI POKRET - DP"},
      {"naziv": "PRAVO I PRAVDA"},
      {"naziv": "DEMOKRATSKI HSS - DHSS"},
      {"naziv": "ZELENA LISTA"}
    ],
    "jedinstvenaSifra": "231267283312",
    "glasova": 3535,
    "naziv": "DP, PRAVO I PRAVDA, DHSS, ZELENA LISTA",
    "posto": "5,50",
    "lista": [{
      "rbr": 1,
      "naziv": "DAVOR DRETAR",
      "glasova": 1628,
      "posto": "46,05"
    },{
      "rbr": 2,
      "naziv": "IVANČICA PAHOR",
      "glasova": 100,
      "posto": "2,82"
    },{
      "rbr": 3,
      "naziv": "DAVOR RASPASOVIĆ",
      "glasova": 16,
      "posto": "0,45"
    },{
      "rbr": 4,
      "naziv": "DAVOR PEJNOVIĆ",
      "glasova": 46,
      "posto": "1,30"
    },{
      "rbr": 5,
      "naziv": "MARIJAN HOHNJEC",
      "glasova": 56,
      "posto": "1,58"
    },{
      "rbr": 6,
      "naziv": "MARIJAN TUPEK",
      "glasova": 37,
      "posto": "1,04"
    },{
      "rbr": 7,
      "naziv": "IVAN JAKLIN",
      "glasova": 32,
      "posto": "0,90"
    },{
      "rbr": 8,
      "naziv": "DRAGA KELER",
      "glasova": 14,
      "posto": "0,39"
    },{
      "rbr": 9,
      "naziv": "ROBERT ŽIŽANOVIĆ",
      "glasova": 14,
      "posto": "0,39"
    },{
      "rbr": 10,
      "naziv": "IVICA ŠANTEK",
      "glasova": 94,
      "posto": "2,65"
    },{
      "rbr": 11,
      "naziv": "NEVENKA LONČARIĆ JELAČIĆ",
      "glasova": 17,
      "posto": "0,48"
    },{
      "rbr": 12,
      "naziv": "MARIJA BIŠKUP",
      "glasova": 22,
      "posto": "0,62"
    },{
      "rbr": 13,
      "naziv": "EMICA POGLEDIĆ",
      "glasova": 6,
      "posto": "0,16"
    },{
      "rbr": 14,
      "naziv": "JOSIPA RODIĆ",
      "glasova": 151,
      "posto": "4,27"
    }]
  },{
    "rbr": 5,
    "stranke": [
      {"naziv": "MOŽEMO! - POLITIČKA PLATFORMA"},
      {"naziv": "HOĆEMO PRAVEDNO"}
    ],
    "jedinstvenaSifra": "255297",
    "glasova": 3056,
    "naziv": "MOŽEMO! - POLITIČKA PLATFORMA, HOĆEMO PRAVEDNO",
    "posto": "4,76",
    "lista": [{
      "rbr": 1,
      "naziv": "LUKA KORLAET",
      "glasova": 392,
      "posto": "12,82"
    },{
      "rbr": 2,
      "naziv": "DUBRAVKA NOVAK",
      "glasova": 165,
      "posto": "5,39"
    },{
      "rbr": 3,
      "naziv": "DRAGICA TRUMBETAŠ",
      "glasova": 44,
      "posto": "1,43"
    },{
      "rbr": 4,
      "naziv": "DANIELA ŠIRINIĆ",
      "glasova": 34,
      "posto": "1,11"
    },{
      "rbr": 5,
      "naziv": "DOROTEA STRELEC",
      "glasova": 77,
      "posto": "2,51"
    },{
      "rbr": 6,
      "naziv": "RENATA SEVER",
      "glasova": 81,
      "posto": "2,65"
    },{
      "rbr": 7,
      "naziv": "MATIJA KRALJ ŠTEFANIĆ",
      "glasova": 18,
      "posto": "0,58"
    },{
      "rbr": 8,
      "naziv": "PETAR ELDAN",
      "glasova": 26,
      "posto": "0,85"
    },{
      "rbr": 9,
      "naziv": "ROMAN KARATUROVIĆ",
      "glasova": 11,
      "posto": "0,35"
    },{
      "rbr": 10,
      "naziv": "DAMIR KOVAČIĆ",
      "glasova": 33,
      "posto": "1,07"
    },{
      "rbr": 11,
      "naziv": "ZDRAVKO KRZNAR",
      "glasova": 28,
      "posto": "0,91"
    },{
      "rbr": 12,
      "naziv": "INES BANIČEK-VUK",
      "glasova": 31,
      "posto": "1,01"
    },{
      "rbr": 13,
      "naziv": "MARIJA HOLETIĆ",
      "glasova": 17,
      "posto": "0,55"
    },{
      "rbr": 14,
      "naziv": "MARINA PAVKOVIĆ",
      "glasova": 46,
      "posto": "1,50"
    }]
  },{
    "rbr": 6,
    "stranke": [
      {"naziv": "MOST"},
      {"naziv": "HRVATSKI SUVERENISTI"},
      {"naziv": "HRVATSKA KONZERVATIVNA STRANKA - HKS"},
      {"naziv": "NEZAVISNA LISTA MLADIH - NLM"}
    ],
    "jedinstvenaSifra": "131165188263",
    "glasova": 2306,
    "naziv": "MOST, HRVATSKI SUVERENISTI, HKS, NLM",
    "posto": "3,59",
    "lista": [{
      "rbr": 1,
      "naziv": "ŽELJKO SAČIĆ",
      "glasova": 512,
      "posto": "22,20"
    },{
      "rbr": 2,
      "naziv": "ROBERT PODOLNJAK",
      "glasova": 187,
      "posto": "8,10"
    },{
      "rbr": 3,
      "naziv": "MARIJA HERTELENDI",
      "glasova": 33,
      "posto": "1,43"
    },{
      "rbr": 4,
      "naziv": "BRIGITA MUŽAR",
      "glasova": 32,
      "posto": "1,38"
    },{
      "rbr": 5,
      "naziv": "DOMINIK KLEMENČIĆ",
      "glasova": 88,
      "posto": "3,81"
    },{
      "rbr": 6,
      "naziv": "ANĐELKO MARTINČEVIĆ",
      "glasova": 27,
      "posto": "1,17"
    },{
      "rbr": 7,
      "naziv": "ZLATKA VINKOVIĆ",
      "glasova": 21,
      "posto": "0,91"
    },{
      "rbr": 8,
      "naziv": "MAGDALENA PRANJEŠ",
      "glasova": 23,
      "posto": "0,99"
    },{
      "rbr": 9,
      "naziv": "MARIJAN BOHNEC",
      "glasova": 26,
      "posto": "1,12"
    },{
      "rbr": 10,
      "naziv": "IVANČICA MILOVEC",
      "glasova": 23,
      "posto": "0,99"
    },{
      "rbr": 11,
      "naziv": "IVANA ŠLEZAK",
      "glasova": 22,
      "posto": "0,95"
    },{
      "rbr": 12,
      "naziv": "VOJMIR SABOLIĆ",
      "glasova": 8,
      "posto": "0,34"
    },{
      "rbr": 13,
      "naziv": "STJEPAN DAMIŠ",
      "glasova": 10,
      "posto": "0,43"
    },{
      "rbr": 14,
      "naziv": "JOSIP LISAK",
      "glasova": 77,
      "posto": "3,33"
    }]
  },{
    "rbr": 7,
    "stranke": [
      {"naziv": "NEOVISNA LISTA -  VIKTOR ŠIMUNIĆ"}
    ],
    "jedinstvenaSifra": "4602",
    "glasova": 1592,
    "naziv": "NEOVISNA LISTA -  VIKTOR ŠIMUNIĆ",
    "posto": "2,48",
    "lista": [{
      "rbr": 1,
      "naziv": "VIKTOR ŠIMUNIĆ",
      "glasova": 896,
      "posto": "56,28"
    },{
      "rbr": 2,
      "naziv": "ROMEO VINCELJ",
      "glasova": 82,
      "posto": "5,15"
    },{
      "rbr": 3,
      "naziv": "INES DEBELIĆ",
      "glasova": 57,
      "posto": "3,58"
    },{
      "rbr": 4,
      "naziv": "LEONARD FULIR",
      "glasova": 22,
      "posto": "1,38"
    },{
      "rbr": 5,
      "naziv": "PETRA BOLFEK BELOŠEVIĆ",
      "glasova": 20,
      "posto": "1,25"
    },{
      "rbr": 6,
      "naziv": "TINA DUNDOVIĆ",
      "glasova": 8,
      "posto": "0,50"
    },{
      "rbr": 7,
      "naziv": "ADALBERT TURNER",
      "glasova": 23,
      "posto": "1,44"
    },{
      "rbr": 8,
      "naziv": "JOSIPA GREGORINA",
      "glasova": 7,
      "posto": "0,43"
    },{
      "rbr": 9,
      "naziv": "DARKO MIRT",
      "glasova": 4,
      "posto": "0,25"
    },{
      "rbr": 10,
      "naziv": "MARTINA TOPOLOVEC",
      "glasova": 17,
      "posto": "1,06"
    },{
      "rbr": 11,
      "naziv": "BARTOL KNEZIĆ",
      "glasova": 3,
      "posto": "0,18"
    },{
      "rbr": 12,
      "naziv": "MIRTA MARIJA MUŠEC",
      "glasova": 8,
      "posto": "0,50"
    },{
      "rbr": 13,
      "naziv": "BRANKO FEREK-JAMBREK",
      "glasova": 17,
      "posto": "1,06"
    },{
      "rbr": 14,
      "naziv": "DARIO JURIČAN",
      "glasova": 31,
      "posto": "1,94"
    }]
  },{
    "rbr": 8,
    "stranke": [
      {"naziv": "UMIROVLJENICI ZAJEDNO - POLITIČKA PLATFORMA - UMIROVLJENICI ZAJEDNO"},
      {"naziv": "STRANKA UMIROVLJENIKA - SU"},
      {"naziv": "BLOK UMIROVLJENICI ZAJEDNO - BUZ"},
      {"naziv": "DEMOKRATSKA STRANKA UMIROVLJENIKA - DSU"}
    ],
    "jedinstvenaSifra": "039041102301",
    "glasova": 1031,
    "naziv": "UMIROVLJENICI ZAJEDNO, SU, BUZ, DSU",
    "posto": "1,60",
    "lista": [{
      "rbr": 1,
      "naziv": "MIROSLAV VOJVODIĆ",
      "glasova": 204,
      "posto": "19,78"
    },{
      "rbr": 2,
      "naziv": "VESNA BAJKOVEC",
      "glasova": 84,
      "posto": "8,14"
    },{
      "rbr": 3,
      "naziv": "DRAGA VUKOJE-CUPAĆ",
      "glasova": 6,
      "posto": "0,58"
    },{
      "rbr": 4,
      "naziv": "IVAN KRANJC",
      "glasova": 45,
      "posto": "4,36"
    },{
      "rbr": 5,
      "naziv": "ROBERT MARIJANČIĆ",
      "glasova": 11,
      "posto": "1,06"
    },{
      "rbr": 6,
      "naziv": "DANIJELA MILAŠIN",
      "glasova": 5,
      "posto": "0,48"
    },{
      "rbr": 7,
      "naziv": "KATA MUŽJAK",
      "glasova": 16,
      "posto": "1,55"
    },{
      "rbr": 8,
      "naziv": "ZDENKA FARKAŠ",
      "glasova": 26,
      "posto": "2,52"
    },{
      "rbr": 9,
      "naziv": "STAKA STIPANIČIĆ",
      "glasova": 3,
      "posto": "0,29"
    },{
      "rbr": 10,
      "naziv": "AMALIJA ČUHNIL",
      "glasova": 6,
      "posto": "0,58"
    },{
      "rbr": 11,
      "naziv": "ČESTMIR KOMAREK",
      "glasova": 2,
      "posto": "0,19"
    },{
      "rbr": 12,
      "naziv": "BOŽICA VREČIĆ",
      "glasova": 19,
      "posto": "1,84"
    },{
      "rbr": 13,
      "naziv": "FRANJO GURABIĆ",
      "glasova": 5,
      "posto": "0,48"
    },{
      "rbr": 14,
      "naziv": "FRANCO CUCULIĆ",
      "glasova": 18,
      "posto": "1,74"
    }]
  },{
    "rbr": 9,
    "stranke": [
      {"naziv": "STRANKA IVANA PERNARA"}
    ],
    "jedinstvenaSifra": "259",
    "glasova": 743,
    "naziv": "STRANKA IVANA PERNARA",
    "posto": "1,15",
    "lista": [{
      "rbr": 1,
      "naziv": "LIDIJA FERENČAK",
      "glasova": 99,
      "posto": "13,32"
    },{
      "rbr": 2,
      "naziv": "DAVID KOVAČIĆ",
      "glasova": 55,
      "posto": "7,40"
    },{
      "rbr": 3,
      "naziv": "IVAN LOVAKOVIĆ",
      "glasova": 22,
      "posto": "2,96"
    },{
      "rbr": 4,
      "naziv": "IVANA ŠAIĆ",
      "glasova": 18,
      "posto": "2,42"
    },{
      "rbr": 5,
      "naziv": "NIKOLA PERAS",
      "glasova": 21,
      "posto": "2,82"
    },{
      "rbr": 6,
      "naziv": "MARIJA ŠRBEC",
      "glasova": 10,
      "posto": "1,34"
    },{
      "rbr": 7,
      "naziv": "LJUBOMIR FLAJŠMAN",
      "glasova": 10,
      "posto": "1,34"
    },{
      "rbr": 8,
      "naziv": "PETAR JAGARČEC",
      "glasova": 10,
      "posto": "1,34"
    },{
      "rbr": 9,
      "naziv": "MAJA POKOS",
      "glasova": 15,
      "posto": "2,01"
    },{
      "rbr": 10,
      "naziv": "MATEO CILER",
      "glasova": 23,
      "posto": "3,09"
    },{
      "rbr": 11,
      "naziv": "MARIJA DUJMOVIĆ",
      "glasova": 8,
      "posto": "1,07"
    },{
      "rbr": 12,
      "naziv": "ANDREJ ŠPOLJAR",
      "glasova": 11,
      "posto": "1,48"
    },{
      "rbr": 13,
      "naziv": "SARA KORJENIĆ",
      "glasova": 4,
      "posto": "0,53"
    },{
      "rbr": 14,
      "naziv": "MARKO ŠVIGIR",
      "glasova": 20,
      "posto": "2,69"
    }]
  },{
    "rbr": 10,
    "stranke": [
      {"naziv": "ODLUČNOST I PRAVEDNOST - OIP"}
    ],
    "jedinstvenaSifra": "300",
    "glasova": 548,
    "naziv": "OIP",
    "posto": "0,85",
    "lista": [{
      "rbr": 1,
      "naziv": "SINIŠA MARKULINČIĆ",
      "glasova": 97,
      "posto": "17,70"
    },{
      "rbr": 2,
      "naziv": "ELEONORA ERNOIĆ KRNJAK",
      "glasova": 25,
      "posto": "4,56"
    },{
      "rbr": 3,
      "naziv": "MILJENKO KNIEWALD",
      "glasova": 6,
      "posto": "1,09"
    },{
      "rbr": 4,
      "naziv": "IVAN BELEC",
      "glasova": 25,
      "posto": "4,56"
    },{
      "rbr": 5,
      "naziv": "MILJENKA STRJAČKI",
      "glasova": 6,
      "posto": "1,09"
    },{
      "rbr": 6,
      "naziv": "DARKO ČUČEK",
      "glasova": 12,
      "posto": "2,18"
    },{
      "rbr": 7,
      "naziv": "KARLO MIKIĆ",
      "glasova": 4,
      "posto": "0,72"
    },{
      "rbr": 8,
      "naziv": "MARO FRANUŠIĆ",
      "glasova": 2,
      "posto": "0,36"
    },{
      "rbr": 9,
      "naziv": "VLADO KESER",
      "glasova": 3,
      "posto": "0,54"
    },{
      "rbr": 10,
      "naziv": "ZDENKA PERIĆ",
      "glasova": 8,
      "posto": "1,45"
    },{
      "rbr": 11,
      "naziv": "MONIKA ČIŽMEK",
      "glasova": 13,
      "posto": "2,37"
    },{
      "rbr": 12,
      "naziv": "VESELJKO KRALJ",
      "glasova": 9,
      "posto": "1,64"
    },{
      "rbr": 13,
      "naziv": "NENAD KONDRES",
      "glasova": 6,
      "posto": "1,09"
    },{
      "rbr": 14,
      "naziv": "MARIO JEČMENJAK",
      "glasova": 25,
      "posto": "4,56"
    }]
  },{
    "rbr": 11,
    "stranke": [
      {"naziv": "FOKUS"},
      {"naziv": "REPUBLIKA"}
    ],
    "jedinstvenaSifra": "270310",
    "glasova": 371,
    "naziv": "FOKUS, REPUBLIKA",
    "posto": "0,57",
    "lista": [{
      "rbr": 1,
      "naziv": "GORAN ALEKSIĆ",
      "glasova": 83,
      "posto": "22,37"
    },{
      "rbr": 2,
      "naziv": "DRAŽEN JELAVIĆ",
      "glasova": 5,
      "posto": "1,34"
    },{
      "rbr": 3,
      "naziv": "ADRIJANA CVRTILA",
      "glasova": 12,
      "posto": "3,23"
    },{
      "rbr": 4,
      "naziv": "DARKO ZVER",
      "glasova": 18,
      "posto": "4,85"
    },{
      "rbr": 5,
      "naziv": "LUKA KRALJEVIĆ",
      "glasova": 4,
      "posto": "1,07"
    },{
      "rbr": 6,
      "naziv": "IVANA JOKIĆ",
      "glasova": 8,
      "posto": "2,15"
    },{
      "rbr": 7,
      "naziv": "SLAVKO MEZDJIĆ",
      "glasova": 5,
      "posto": "1,34"
    },{
      "rbr": 8,
      "naziv": "MARE JERKOVIĆ",
      "glasova": 2,
      "posto": "0,53"
    },{
      "rbr": 9,
      "naziv": "NEVENKA PUH MALOGORSKI",
      "glasova": 5,
      "posto": "1,34"
    },{
      "rbr": 10,
      "naziv": "BARBARA VINCEKOVIĆ",
      "glasova": 4,
      "posto": "1,07"
    },{
      "rbr": 11,
      "naziv": "TOMISLAV PALJAK",
      "glasova": 19,
      "posto": "5,12"
    },{
      "rbr": 12,
      "naziv": "FILIP DELIĆ",
      "glasova": 4,
      "posto": "1,07"
    },{
      "rbr": 13,
      "naziv": "MIRELA GOJKOVIĆ NOVAK",
      "glasova": 4,
      "posto": "1,07"
    },{
      "rbr": 14,
      "naziv": "BISERKA VINCEKOVIĆ",
      "glasova": 4,
      "posto": "1,07"
    }]
  },{
    "rbr": 12,
    "stranke": [
      {"naziv": "HRVATSKA STRANKA PRAVA - HSP"},
      {"naziv": "HRVATSKO BILO"},
      {"naziv": "HRVATSKA DEMOKRATSKA SELJAČKA STRANKA - HDSS"}
    ],
    "jedinstvenaSifra": "007018308",
    "glasova": 334,
    "naziv": "HSP, HRVATSKO BILO, HDSS",
    "posto": "0,52",
    "lista": [{
      "rbr": 1,
      "naziv": "IGOR REŠETAR",
      "glasova": 94,
      "posto": "28,14"
    },{
      "rbr": 2,
      "naziv": "GORANKA BARIČEVIĆ",
      "glasova": 7,
      "posto": "2,09"
    },{
      "rbr": 3,
      "naziv": "BARBARA FUČEC BOROVIĆ",
      "glasova": 7,
      "posto": "2,09"
    },{
      "rbr": 4,
      "naziv": "MLADEN KRANJEC",
      "glasova": 7,
      "posto": "2,09"
    },{
      "rbr": 5,
      "naziv": "IVAN VURUŠIĆ",
      "glasova": 9,
      "posto": "2,69"
    },{
      "rbr": 6,
      "naziv": "JOSIPA VANDETTA HABULA",
      "glasova": 3,
      "posto": "0,89"
    },{
      "rbr": 7,
      "naziv": "MATEJA VRANOVIĆ",
      "glasova": 4,
      "posto": "1,19"
    },{
      "rbr": 8,
      "naziv": "ŽELJKO POMPER",
      "glasova": 7,
      "posto": "2,09"
    },{
      "rbr": 9,
      "naziv": "FILIP HLAPČIĆ",
      "glasova": 7,
      "posto": "2,09"
    },{
      "rbr": 10,
      "naziv": "DANILA MARTAN",
      "glasova": 5,
      "posto": "1,49"
    },{
      "rbr": 11,
      "naziv": "ANA ŠTEFIČAR",
      "glasova": 3,
      "posto": "0,89"
    },{
      "rbr": 12,
      "naziv": "JOSIP RADEK",
      "glasova": 1,
      "posto": "0,29"
    },{
      "rbr": 13,
      "naziv": "EDI DODLEK-BARIČEVIĆ",
      "glasova": 1,
      "posto": "0,29"
    },{
      "rbr": 14,
      "naziv": "MARIO SLAVIČEK",
      "glasova": 9,
      "posto": "2,69"
    }]
  },{
    "rbr": 13,
    "stranke": [
      {"naziv": "RADNIČKA FRONTA - RF"}
    ],
    "jedinstvenaSifra": "168",
    "glasova": 290,
    "naziv": "RF",
    "posto": "0,45",
    "lista": [{
      "rbr": 1,
      "naziv": "HRVOJ KRŽAK",
      "glasova": 27,
      "posto": "9,31"
    },{
      "rbr": 2,
      "naziv": "SINIŠA MILIČIĆ",
      "glasova": 15,
      "posto": "5,17"
    },{
      "rbr": 3,
      "naziv": "ANDREJA JAGEČIĆ",
      "glasova": 14,
      "posto": "4,82"
    },{
      "rbr": 4,
      "naziv": "GORAN JAKUŠ",
      "glasova": 8,
      "posto": "2,75"
    },{
      "rbr": 5,
      "naziv": "SANJA LEŽ",
      "glasova": 14,
      "posto": "4,82"
    },{
      "rbr": 6,
      "naziv": "MANUELA PERŠIĆ",
      "glasova": 5,
      "posto": "1,72"
    },{
      "rbr": 7,
      "naziv": "TOMISLAV LUKEC",
      "glasova": 2,
      "posto": "0,68"
    },{
      "rbr": 8,
      "naziv": "KRISTINA PETRUŠA",
      "glasova": 3,
      "posto": "1,03"
    },{
      "rbr": 9,
      "naziv": "SINIŠA VUDRAGOVIĆ",
      "glasova": 3,
      "posto": "1,03"
    },{
      "rbr": 10,
      "naziv": "ANKICA NEMET",
      "glasova": 4,
      "posto": "1,37"
    },{
      "rbr": 11,
      "naziv": "MISLAV SOKAČIĆ",
      "glasova": 1,
      "posto": "0,34"
    },{
      "rbr": 12,
      "naziv": "CARMEN KRŽAK",
      "glasova": 3,
      "posto": "1,03"
    },{
      "rbr": 13,
      "naziv": "ZVONIMIR KOŠĆAK",
      "glasova": 2,
      "posto": "0,68"
    },{
      "rbr": 14,
      "naziv": "GORAN STRAHIJA",
      "glasova": 2,
      "posto": "0,68"
    }]
  },{
    "rbr": 14,
    "stranke": [
      {"naziv": "MEĐIMURSKI DEMOKRATSKI SAVEZ - MDS"}
    ],
    "jedinstvenaSifra": "067",
    "glasova": 197,
    "naziv": "MDS",
    "posto": "0,30",
    "lista": [{
      "rbr": 1,
      "naziv": "ŽELJKO PAVLIC",
      "glasova": 64,
      "posto": "32,48"
    },{
      "rbr": 2,
      "naziv": "MIRJANA KORUNIĆ",
      "glasova": 8,
      "posto": "4,06"
    },{
      "rbr": 3,
      "naziv": "MILJENKO ZELENBABA",
      "glasova": 7,
      "posto": "3,55"
    },{
      "rbr": 4,
      "naziv": "MARTINA CIMERMAN TELJEGA",
      "glasova": 4,
      "posto": "2,03"
    },{
      "rbr": 5,
      "naziv": "JOSIP BOŽIĆ",
      "glasova": 3,
      "posto": "1,52"
    },{
      "rbr": 6,
      "naziv": "ŽELJKA NOVAK",
      "glasova": 5,
      "posto": "2,53"
    },{
      "rbr": 7,
      "naziv": "ŽELJKO MEDLOBI",
      "glasova": 6,
      "posto": "3,04"
    },{
      "rbr": 8,
      "naziv": "NEDELJKA NOVAK",
      "glasova": 4,
      "posto": "2,03"
    },{
      "rbr": 9,
      "naziv": "DRAGUTIN ŠARIĆ",
      "glasova": 3,
      "posto": "1,52"
    },{
      "rbr": 10,
      "naziv": "VESNA PAVLIC",
      "glasova": 5,
      "posto": "2,53"
    },{
      "rbr": 11,
      "naziv": "BOŽIDAR KOS",
      "glasova": 2,
      "posto": "1,01"
    },{
      "rbr": 12,
      "naziv": "SUZANA PETEK",
      "glasova": 1,
      "posto": "0,50"
    },{
      "rbr": 13,
      "naziv": "IVAN CMREČNJAK",
      "glasova": 9,
      "posto": "4,56"
    },{
      "rbr": 14,
      "naziv": "RUŽICA DOBRANIĆ",
      "glasova": 2,
      "posto": "1,01"
    }]
  },{
    "rbr": 15,
    "stranke": [
      {"naziv": "AUTOHTONA - HRVATSKA STRANKA PRAVA - DRAŽEN KELEMINEC - A - HSP - Dražen Keleminec"}
    ],
    "jedinstvenaSifra": "049",
    "glasova": 196,
    "naziv": "A - HSP - Dražen Keleminec",
    "posto": "0,30",
    "lista": [{
      "rbr": 1,
      "naziv": "DRAGUTIN JAMBREČINA",
      "glasova": 37,
      "posto": "18,87"
    },{
      "rbr": 2,
      "naziv": "ŽELJKO ANTONČIĆ",
      "glasova": 11,
      "posto": "5,61"
    },{
      "rbr": 3,
      "naziv": "IVAN PAVUSA, rođ.1962.",
      "glasova": 8,
      "posto": "4,08"
    },{
      "rbr": 4,
      "naziv": "DAVID LEŠNJAK",
      "glasova": 3,
      "posto": "1,53"
    },{
      "rbr": 5,
      "naziv": "TIHOMIR KRIŽANIĆ",
      "glasova": 7,
      "posto": "3,57"
    },{
      "rbr": 6,
      "naziv": "BRANKICA LEDINŠČIĆ",
      "glasova": 13,
      "posto": "6,63"
    },{
      "rbr": 7,
      "naziv": "MARIJAN BLAGA",
      "glasova": 3,
      "posto": "1,53"
    },{
      "rbr": 8,
      "naziv": "STJEPAN PRAVICA",
      "glasova": 2,
      "posto": "1,02"
    },{
      "rbr": 9,
      "naziv": "FRANJO POBI",
      "glasova": 5,
      "posto": "2,55"
    },{
      "rbr": 10,
      "naziv": "VLADO BRUNEC",
      "glasova": 3,
      "posto": "1,53"
    },{
      "rbr": 11,
      "naziv": "DOMINIK ŠPOLJAR",
      "glasova": 6,
      "posto": "3,06"
    },{
      "rbr": 12,
      "naziv": "ANDRIJA KOLAR",
      "glasova": 10,
      "posto": "5,10"
    },{
      "rbr": 13,
      "naziv": "JOSIP KOČMAR",
      "glasova": 1,
      "posto": "0,51"
    },{
      "rbr": 14,
      "naziv": "IVAN PAVUSA, rođ.1957.",
      "glasova": 8,
      "posto": "4,08"
    }]
  },{
    "rbr": 16,
    "stranke": [
      {"naziv": "HRVATSKA STRANKA GRAĐANSKOG OTPORA - HSGO"}
    ],
    "jedinstvenaSifra": "247",
    "glasova": 98,
    "naziv": "HSGO",
    "posto": "0,15",
    "lista": [{
      "rbr": 1,
      "naziv": "JOSIP BABOK",
      "glasova": 20,
      "posto": "20,40"
    },{
      "rbr": 2,
      "naziv": "VESNA VUKOVIĆ",
      "glasova": 7,
      "posto": "7,14"
    },{
      "rbr": 3,
      "naziv": "ŠTEFICA HUSEINOVIĆ",
      "glasova": 0,
      "posto": "0,00"
    },{
      "rbr": 4,
      "naziv": "KREŠIMIR JAMBROŠIĆ",
      "glasova": 0,
      "posto": "0,00"
    },{
      "rbr": 5,
      "naziv": "IVICA PETRINJAK",
      "glasova": 2,
      "posto": "2,04"
    },{
      "rbr": 6,
      "naziv": "MARINA ČRNJAK",
      "glasova": 1,
      "posto": "1,02"
    },{
      "rbr": 7,
      "naziv": "BARICA GOTIĆ",
      "glasova": 3,
      "posto": "3,06"
    },{
      "rbr": 8,
      "naziv": "MIRJANA ILAK",
      "glasova": 4,
      "posto": "4,08"
    },{
      "rbr": 9,
      "naziv": "BOŽIDAR TARODI",
      "glasova": 3,
      "posto": "3,06"
    },{
      "rbr": 10,
      "naziv": "TOMO LONČAREVIĆ",
      "glasova": 1,
      "posto": "1,02"
    },{
      "rbr": 11,
      "naziv": "NADA BABOK",
      "glasova": 0,
      "posto": "0,00"
    },{
      "rbr": 12,
      "naziv": "BOŽO BABIĆ",
      "glasova": 2,
      "posto": "2,04"
    },{
      "rbr": 13,
      "naziv": "BLAŽENKA ŠĆETINEC",
      "glasova": 2,
      "posto": "2,04"
    },{
      "rbr": 14,
      "naziv": "JASNA DAMJANOVIĆ",
      "glasova": 3,
      "posto": "3,06"
    }]
  }]
}
