{
  "izbori": "Zastupnički izbori 2024",
  "datum": "17.04.2024.",
  "vrijeme": "21:15",
  "izboriOznaka": "02",
  "ijSifra": "002",
  "bmSifra": "000",
  "ijNaziv": "II. IZBORNA JEDINICA",
  "gropNaziv": "DUGO SELO",
  "bmNaziv": "",
  "bmZatvoreno": 7,
  "bmUkupno": 27,
  "biraciUkupno": 3154,
  "biraciGlasovalo": 1748,
  "biraciGlasovaloPosto": "55,42",
  "listiciUkupno": 1747,
  "listiciVazeci": 1712,
  "listiciVazeciPosto": "98,00",
  "listiciNevazeci": 35,
  "listiciNevazeciPosto": "2,00",
  "napomena": "* - objavljeni rezultati sadrže podatke samo s redovnih biračkih mjesta",
  "napomena2": "",
  "lista": [{
    "rbr": 1,
    "stranke": [
      {"naziv": "HRVATSKA DEMOKRATSKA ZAJEDNICA - HDZ"},
      {"naziv": "HRVATSKA SOCIJALNO - LIBERALNA STRANKA - HSLS"},
      {"naziv": "HRVATSKA DEMOKRŠĆANSKA STRANKA - HDS"},
      {"naziv": "HRVATSKA NARODNA STRANKA - LIBERALNI DEMOKRATI - HNS"},
      {"naziv": "HRVATSKA STRANKA UMIROVLJENIKA - HSU"}
    ],
    "jedinstvenaSifra": "001002003011023",
    "glasova": 654,
    "naziv": "HDZ, HSLS, HDS, HNS, HSU",
    "posto": "38,20",
    "lista": [{
      "rbr": 1,
      "naziv": "GORDAN JANDROKOVIĆ",
      "glasova": 241,
      "posto": "36,85"
    },{
      "rbr": 2,
      "naziv": "KRUNOSLAV KATIČIĆ",
      "glasova": 2,
      "posto": "0,30"
    },{
      "rbr": 3,
      "naziv": "DARIO HREBAK",
      "glasova": 14,
      "posto": "2,14"
    },{
      "rbr": 4,
      "naziv": "ANTE DEUR",
      "glasova": 16,
      "posto": "2,44"
    },{
      "rbr": 5,
      "naziv": "GORDAN GRLIĆ-RADMAN",
      "glasova": 11,
      "posto": "1,68"
    },{
      "rbr": 6,
      "naziv": "MIRO TOTGERGELI",
      "glasova": 0,
      "posto": "0,00"
    },{
      "rbr": 7,
      "naziv": "JAVOR BOJAN LEŠ",
      "glasova": 14,
      "posto": "2,14"
    },{
      "rbr": 8,
      "naziv": "ZDRAVKA BUŠIĆ",
      "glasova": 16,
      "posto": "2,44"
    },{
      "rbr": 9,
      "naziv": "SANELA GRBAŠ BRATKOVIĆ",
      "glasova": 1,
      "posto": "0,15"
    },{
      "rbr": 10,
      "naziv": "TOMISLAV OKROŠA",
      "glasova": 47,
      "posto": "7,18"
    },{
      "rbr": 11,
      "naziv": "FRANJO POLJAK",
      "glasova": 10,
      "posto": "1,52"
    },{
      "rbr": 12,
      "naziv": "EVA JENDRIŠ ŠKRLJAK",
      "glasova": 4,
      "posto": "0,61"
    },{
      "rbr": 13,
      "naziv": "BRANKO HRG",
      "glasova": 6,
      "posto": "0,91"
    },{
      "rbr": 14,
      "naziv": "MARKO MARUŠIĆ",
      "glasova": 1,
      "posto": "0,15"
    }]
  },{
    "rbr": 2,
    "stranke": [
      {"naziv": "SOCIJALDEMOKRATSKA PARTIJA HRVATSKE - SDP"},
      {"naziv": "CENTAR"},
      {"naziv": "HRVATSKA SELJAČKA STRANKA - HSS"},
      {"naziv": "\"DALIJA OREŠKOVIĆ I LJUDI S IMENOM I PREZIMENOM\" - \"DO i SIP\""},
      {"naziv": "NARODNA STRANKA - REFORMISTI - REFORMISTI"},
      {"naziv": "GRAĐANSKO-LIBERALNI SAVEZ - GLAS"}
    ],
    "jedinstvenaSifra": "004017162179244306",
    "glasova": 304,
    "naziv": "SDP, CENTAR, HSS, \"DO i SIP\", REFORMISTI, GLAS",
    "posto": "17,75",
    "lista": [{
      "rbr": 1,
      "naziv": "BORIS LALOVAC",
      "glasova": 83,
      "posto": "27,30"
    },{
      "rbr": 2,
      "naziv": "TANJA SOKOLIĆ",
      "glasova": 8,
      "posto": "2,63"
    },{
      "rbr": 3,
      "naziv": "ANKA MRAK-TARITAŠ",
      "glasova": 16,
      "posto": "5,26"
    },{
      "rbr": 4,
      "naziv": "TOMISLAV GOLUBIĆ",
      "glasova": 1,
      "posto": "0,32"
    },{
      "rbr": 5,
      "naziv": "DAVORKA MOSLAVAC FORJAN",
      "glasova": 0,
      "posto": "0,00"
    },{
      "rbr": 6,
      "naziv": "DENIS KRALJ",
      "glasova": 8,
      "posto": "2,63"
    },{
      "rbr": 7,
      "naziv": "MAJA KRNJEVIĆ",
      "glasova": 1,
      "posto": "0,32"
    },{
      "rbr": 8,
      "naziv": "VALENTINA FOLNEGOVIĆ",
      "glasova": 1,
      "posto": "0,32"
    },{
      "rbr": 9,
      "naziv": "IGOR JAREŠ",
      "glasova": 0,
      "posto": "0,00"
    },{
      "rbr": 10,
      "naziv": "MARIJA VUKOBRATOVIĆ",
      "glasova": 5,
      "posto": "1,64"
    },{
      "rbr": 11,
      "naziv": "DEJAN PLENTAJ",
      "glasova": 0,
      "posto": "0,00"
    },{
      "rbr": 12,
      "naziv": "STANKO BORIĆ",
      "glasova": 0,
      "posto": "0,00"
    },{
      "rbr": 13,
      "naziv": "TESA GOLDSTEIN",
      "glasova": 1,
      "posto": "0,32"
    },{
      "rbr": 14,
      "naziv": "BOJAN GLAVAŠEVIĆ",
      "glasova": 17,
      "posto": "5,59"
    }]
  },{
    "rbr": 3,
    "stranke": [
      {"naziv": "FOKUS"},
      {"naziv": "REPUBLIKA"}
    ],
    "jedinstvenaSifra": "270310",
    "glasova": 209,
    "naziv": "FOKUS, REPUBLIKA",
    "posto": "12,20",
    "lista": [{
      "rbr": 1,
      "naziv": "DAMIR BAJS",
      "glasova": 5,
      "posto": "2,39"
    },{
      "rbr": 2,
      "naziv": "HRVOJE KOŠĆEC",
      "glasova": 2,
      "posto": "0,95"
    },{
      "rbr": 3,
      "naziv": "NENAD PANIAN",
      "glasova": 162,
      "posto": "77,51"
    },{
      "rbr": 4,
      "naziv": "STJEPAN GADŽE",
      "glasova": 0,
      "posto": "0,00"
    },{
      "rbr": 5,
      "naziv": "MATIJA HERJAVIĆ",
      "glasova": 0,
      "posto": "0,00"
    },{
      "rbr": 6,
      "naziv": "IVANA RADAKOVIĆ",
      "glasova": 0,
      "posto": "0,00"
    },{
      "rbr": 7,
      "naziv": "MIRJANA HRANJEC BANOVEC",
      "glasova": 0,
      "posto": "0,00"
    },{
      "rbr": 8,
      "naziv": "LUKA KIPA",
      "glasova": 0,
      "posto": "0,00"
    },{
      "rbr": 9,
      "naziv": "STEVO TURČINOVIĆ",
      "glasova": 0,
      "posto": "0,00"
    },{
      "rbr": 10,
      "naziv": "JELENA HORVAT",
      "glasova": 0,
      "posto": "0,00"
    },{
      "rbr": 11,
      "naziv": "ŽELJKA JAREC BUKAL",
      "glasova": 0,
      "posto": "0,00"
    },{
      "rbr": 12,
      "naziv": "IVANA PIRIN",
      "glasova": 0,
      "posto": "0,00"
    },{
      "rbr": 13,
      "naziv": "IVANA EL-TAYEB",
      "glasova": 1,
      "posto": "0,47"
    },{
      "rbr": 14,
      "naziv": "MARIO KOLAR",
      "glasova": 1,
      "posto": "0,47"
    }]
  },{
    "rbr": 4,
    "stranke": [
      {"naziv": "DOMOVINSKI POKRET - DP"},
      {"naziv": "PRAVO I PRAVDA"},
      {"naziv": "DEMOKRATSKI HSS - DHSS"},
      {"naziv": "ZELENA LISTA"},
      {"naziv": "AGRAMERI - NEZAVISNA LISTA"}
    ],
    "jedinstvenaSifra": "231267274283312",
    "glasova": 177,
    "naziv": "DP, PRAVO I PRAVDA, DHSS, ZELENA LISTA, AGRAMERI - NEZAVISNA LISTA",
    "posto": "10,33",
    "lista": [{
      "rbr": 1,
      "naziv": "TOMISLAV JOSIĆ",
      "glasova": 47,
      "posto": "26,55"
    },{
      "rbr": 2,
      "naziv": "IVICA MESIĆ",
      "glasova": 6,
      "posto": "3,38"
    },{
      "rbr": 3,
      "naziv": "NENAD MATIĆ",
      "glasova": 3,
      "posto": "1,69"
    },{
      "rbr": 4,
      "naziv": "SLOBODAN NOVAK",
      "glasova": 7,
      "posto": "3,95"
    },{
      "rbr": 5,
      "naziv": "LUKA HOLJEVAC",
      "glasova": 2,
      "posto": "1,12"
    },{
      "rbr": 6,
      "naziv": "GRGO LUBURIĆ",
      "glasova": 2,
      "posto": "1,12"
    },{
      "rbr": 7,
      "naziv": "TOMISLAV LONČAR",
      "glasova": 2,
      "posto": "1,12"
    },{
      "rbr": 8,
      "naziv": "MAJA OREŠKI PAVLIŠ",
      "glasova": 2,
      "posto": "1,12"
    },{
      "rbr": 9,
      "naziv": "VALNA BASTIJANČIĆ ERJAVEC",
      "glasova": 0,
      "posto": "0,00"
    },{
      "rbr": 10,
      "naziv": "DUBRAVKA DRAGAŠEVIĆ",
      "glasova": 3,
      "posto": "1,69"
    },{
      "rbr": 11,
      "naziv": "VEDRAN ČERNY",
      "glasova": 2,
      "posto": "1,12"
    },{
      "rbr": 12,
      "naziv": "ANTO JURAKIĆ",
      "glasova": 1,
      "posto": "0,56"
    },{
      "rbr": 13,
      "naziv": "STEPHEN NIKOLA BARTULICA",
      "glasova": 27,
      "posto": "15,25"
    },{
      "rbr": 14,
      "naziv": "DAMIR DEAK",
      "glasova": 5,
      "posto": "2,82"
    }]
  },{
    "rbr": 5,
    "stranke": [
      {"naziv": "MOST"},
      {"naziv": "HRVATSKI SUVERENISTI"},
      {"naziv": "HRVATSKA KONZERVATIVNA STRANKA - HKS"},
      {"naziv": "NEZAVISNA LISTA MLADIH - NLM"}
    ],
    "jedinstvenaSifra": "131165188263",
    "glasova": 127,
    "naziv": "MOST, HRVATSKI SUVERENISTI, HKS, NLM",
    "posto": "7,41",
    "lista": [{
      "rbr": 1,
      "naziv": "NINO RASPUDIĆ",
      "glasova": 58,
      "posto": "45,66"
    },{
      "rbr": 2,
      "naziv": "TRPIMIR GOLUŽA",
      "glasova": 4,
      "posto": "3,14"
    },{
      "rbr": 3,
      "naziv": "VINKO BATINIĆ",
      "glasova": 0,
      "posto": "0,00"
    },{
      "rbr": 4,
      "naziv": "IVANA VLADIMIRA PETRIC",
      "glasova": 3,
      "posto": "2,36"
    },{
      "rbr": 5,
      "naziv": "RENATA ČIBARIĆ",
      "glasova": 1,
      "posto": "0,78"
    },{
      "rbr": 6,
      "naziv": "VESNA KOTARAC",
      "glasova": 2,
      "posto": "1,57"
    },{
      "rbr": 7,
      "naziv": "ELIZABETA KRALJ KOVAČIĆ",
      "glasova": 0,
      "posto": "0,00"
    },{
      "rbr": 8,
      "naziv": "PAŠKO FILIĆ",
      "glasova": 1,
      "posto": "0,78"
    },{
      "rbr": 9,
      "naziv": "DOMAGOJ JUKIĆ",
      "glasova": 1,
      "posto": "0,78"
    },{
      "rbr": 10,
      "naziv": "LUKA PEŠUT",
      "glasova": 0,
      "posto": "0,00"
    },{
      "rbr": 11,
      "naziv": "ANĐA ČUJIĆ",
      "glasova": 0,
      "posto": "0,00"
    },{
      "rbr": 12,
      "naziv": "MARIJANA MARIN KOZINA",
      "glasova": 0,
      "posto": "0,00"
    },{
      "rbr": 13,
      "naziv": "MARTA BLAJIĆ DŽAJA",
      "glasova": 0,
      "posto": "0,00"
    },{
      "rbr": 14,
      "naziv": "BERNARD BUDIMIR",
      "glasova": 4,
      "posto": "3,14"
    }]
  },{
    "rbr": 6,
    "stranke": [
      {"naziv": "MOŽEMO! - POLITIČKA PLATFORMA"},
      {"naziv": "HOĆEMO PRAVEDNO"}
    ],
    "jedinstvenaSifra": "255297",
    "glasova": 90,
    "naziv": "MOŽEMO! - POLITIČKA PLATFORMA, HOĆEMO PRAVEDNO",
    "posto": "5,25",
    "lista": [{
      "rbr": 1,
      "naziv": "DANIJELA DOLENEC",
      "glasova": 22,
      "posto": "24,44"
    },{
      "rbr": 2,
      "naziv": "JELENA MILOŠ",
      "glasova": 1,
      "posto": "1,11"
    },{
      "rbr": 3,
      "naziv": "MARINA IVANDIĆ",
      "glasova": 1,
      "posto": "1,11"
    },{
      "rbr": 4,
      "naziv": "DAMIR LUJANAC",
      "glasova": 1,
      "posto": "1,11"
    },{
      "rbr": 5,
      "naziv": "MAURO SIROTNJAK",
      "glasova": 0,
      "posto": "0,00"
    },{
      "rbr": 6,
      "naziv": "BRANKO ANČIĆ",
      "glasova": 0,
      "posto": "0,00"
    },{
      "rbr": 7,
      "naziv": "DOROTEA ŠAFRANIĆ",
      "glasova": 1,
      "posto": "1,11"
    },{
      "rbr": 8,
      "naziv": "ANKICA PENAVA PEJČINOVIĆ",
      "glasova": 1,
      "posto": "1,11"
    },{
      "rbr": 9,
      "naziv": "JAGODA MUNIĆ",
      "glasova": 0,
      "posto": "0,00"
    },{
      "rbr": 10,
      "naziv": "NIKOLA ZDUNIĆ",
      "glasova": 0,
      "posto": "0,00"
    },{
      "rbr": 11,
      "naziv": "HELENA KERETA",
      "glasova": 2,
      "posto": "2,22"
    },{
      "rbr": 12,
      "naziv": "LUKA MALOČA",
      "glasova": 1,
      "posto": "1,11"
    },{
      "rbr": 13,
      "naziv": "MAGDALENA KOZARIĆ ŠPOLJARIĆ",
      "glasova": 0,
      "posto": "0,00"
    },{
      "rbr": 14,
      "naziv": "TIHOMIR MILOVAC",
      "glasova": 0,
      "posto": "0,00"
    }]
  },{
    "rbr": 7,
    "stranke": [
      {"naziv": "ODLUČNOST I PRAVEDNOST - OIP"}
    ],
    "jedinstvenaSifra": "300",
    "glasova": 45,
    "naziv": "OIP",
    "posto": "2,62",
    "lista": [{
      "rbr": 1,
      "naziv": "MARIO IVANIĆ",
      "glasova": 3,
      "posto": "6,66"
    },{
      "rbr": 2,
      "naziv": "GORDAN MAROVIĆ",
      "glasova": 0,
      "posto": "0,00"
    },{
      "rbr": 3,
      "naziv": "ŠTEFAN VIDOVIĆ",
      "glasova": 0,
      "posto": "0,00"
    },{
      "rbr": 4,
      "naziv": "SLAVOLJUB DUBRAVEC",
      "glasova": 0,
      "posto": "0,00"
    },{
      "rbr": 5,
      "naziv": "ANTE BARIČEVIĆ",
      "glasova": 0,
      "posto": "0,00"
    },{
      "rbr": 6,
      "naziv": "IVICA KAURIN",
      "glasova": 0,
      "posto": "0,00"
    },{
      "rbr": 7,
      "naziv": "DAVOR CINDRIĆ",
      "glasova": 0,
      "posto": "0,00"
    },{
      "rbr": 8,
      "naziv": "IVANA GRBEŠA",
      "glasova": 4,
      "posto": "8,88"
    },{
      "rbr": 9,
      "naziv": "ROBERT JOSIP VUJIČIĆ",
      "glasova": 0,
      "posto": "0,00"
    },{
      "rbr": 10,
      "naziv": "DARINKO TADIĆ",
      "glasova": 0,
      "posto": "0,00"
    },{
      "rbr": 11,
      "naziv": "DALIBOR LEŠNIK",
      "glasova": 0,
      "posto": "0,00"
    },{
      "rbr": 12,
      "naziv": "FILIP MALOČA",
      "glasova": 0,
      "posto": "0,00"
    },{
      "rbr": 13,
      "naziv": "VIKTOR KOKOROVIĆ",
      "glasova": 0,
      "posto": "0,00"
    },{
      "rbr": 14,
      "naziv": "IRENA BABIĆ",
      "glasova": 6,
      "posto": "13,33"
    }]
  },{
    "rbr": 8,
    "stranke": [
      {"naziv": "UMIROVLJENICI ZAJEDNO - POLITIČKA PLATFORMA - UMIROVLJENICI ZAJEDNO"},
      {"naziv": "STRANKA UMIROVLJENIKA - SU"},
      {"naziv": "BLOK UMIROVLJENICI ZAJEDNO - BUZ"},
      {"naziv": "DEMOKRATSKA STRANKA UMIROVLJENIKA - DSU"}
    ],
    "jedinstvenaSifra": "039041102301",
    "glasova": 27,
    "naziv": "UMIROVLJENICI ZAJEDNO, SU, BUZ, DSU",
    "posto": "1,57",
    "lista": [{
      "rbr": 1,
      "naziv": "MARIJAN ŽIHER",
      "glasova": 1,
      "posto": "3,70"
    },{
      "rbr": 2,
      "naziv": "MILIVOJ ČEHULIĆ",
      "glasova": 3,
      "posto": "11,11"
    },{
      "rbr": 3,
      "naziv": "SLAVKO POSAVEC",
      "glasova": 1,
      "posto": "3,70"
    },{
      "rbr": 4,
      "naziv": "ŽELJKICA KRUHIN",
      "glasova": 2,
      "posto": "7,40"
    },{
      "rbr": 5,
      "naziv": "ŽELJKO ORŠOLIĆ",
      "glasova": 0,
      "posto": "0,00"
    },{
      "rbr": 6,
      "naziv": "DRAGUTIN POLAŠEK",
      "glasova": 0,
      "posto": "0,00"
    },{
      "rbr": 7,
      "naziv": "VALENTINA STARI",
      "glasova": 0,
      "posto": "0,00"
    },{
      "rbr": 8,
      "naziv": "MIRA TUPEK",
      "glasova": 2,
      "posto": "7,40"
    },{
      "rbr": 9,
      "naziv": "KATICA MUNTA",
      "glasova": 1,
      "posto": "3,70"
    },{
      "rbr": 10,
      "naziv": "MOMČILO TOMIĆ",
      "glasova": 0,
      "posto": "0,00"
    },{
      "rbr": 11,
      "naziv": "BOŽICA HARABAJSA",
      "glasova": 1,
      "posto": "3,70"
    },{
      "rbr": 12,
      "naziv": "MARICA SALOPEK",
      "glasova": 0,
      "posto": "0,00"
    },{
      "rbr": 13,
      "naziv": "DARKO MRAZ",
      "glasova": 0,
      "posto": "0,00"
    },{
      "rbr": 14,
      "naziv": "FABIJAN ZOVKIĆ",
      "glasova": 0,
      "posto": "0,00"
    }]
  },{
    "rbr": 9,
    "stranke": [
      {"naziv": "STRANKA IVANA PERNARA"}
    ],
    "jedinstvenaSifra": "259",
    "glasova": 21,
    "naziv": "STRANKA IVANA PERNARA",
    "posto": "1,22",
    "lista": [{
      "rbr": 1,
      "naziv": "HERMAN VUKUŠIĆ",
      "glasova": 3,
      "posto": "14,28"
    },{
      "rbr": 2,
      "naziv": "KRISTIJAN MARKOVIĆ",
      "glasova": 3,
      "posto": "14,28"
    },{
      "rbr": 3,
      "naziv": "TAMARA CIBOCI",
      "glasova": 0,
      "posto": "0,00"
    },{
      "rbr": 4,
      "naziv": "KEMAL DELIĆ",
      "glasova": 0,
      "posto": "0,00"
    },{
      "rbr": 5,
      "naziv": "VEDRANA FUGAJ",
      "glasova": 0,
      "posto": "0,00"
    },{
      "rbr": 6,
      "naziv": "ZDENKA BABIĆ",
      "glasova": 0,
      "posto": "0,00"
    },{
      "rbr": 7,
      "naziv": "GABRIJELA PAUŠIĆ",
      "glasova": 1,
      "posto": "4,76"
    },{
      "rbr": 8,
      "naziv": "PATRICIJA GOLUBIĆ",
      "glasova": 2,
      "posto": "9,52"
    },{
      "rbr": 9,
      "naziv": "MAJA STROJANŠEK",
      "glasova": 2,
      "posto": "9,52"
    },{
      "rbr": 10,
      "naziv": "SEBASTIAN ILIĆ",
      "glasova": 0,
      "posto": "0,00"
    },{
      "rbr": 11,
      "naziv": "TOMISLAV PREVODNIK",
      "glasova": 0,
      "posto": "0,00"
    },{
      "rbr": 12,
      "naziv": "MATKO LOZANČIĆ",
      "glasova": 0,
      "posto": "0,00"
    },{
      "rbr": 13,
      "naziv": "SARI GHAZAL",
      "glasova": 0,
      "posto": "0,00"
    },{
      "rbr": 14,
      "naziv": "IVON RAJIČEVIĆ",
      "glasova": 0,
      "posto": "0,00"
    }]
  },{
    "rbr": 10,
    "stranke": [
      {"naziv": "HRVATSKA STRANKA PRAVA - HSP"},
      {"naziv": "HRVATSKO BILO"},
      {"naziv": "HRVATSKA DEMOKRATSKA SELJAČKA STRANKA - HDSS"}
    ],
    "jedinstvenaSifra": "007018308",
    "glasova": 21,
    "naziv": "HSP, HRVATSKO BILO, HDSS",
    "posto": "1,22",
    "lista": [{
      "rbr": 1,
      "naziv": "NADA ŠIKIĆ",
      "glasova": 4,
      "posto": "19,04"
    },{
      "rbr": 2,
      "naziv": "BRIGITTE BERULEC",
      "glasova": 2,
      "posto": "9,52"
    },{
      "rbr": 3,
      "naziv": "ZORICA GREGURIĆ",
      "glasova": 1,
      "posto": "4,76"
    },{
      "rbr": 4,
      "naziv": "ANTUN CINDRIĆ",
      "glasova": 1,
      "posto": "4,76"
    },{
      "rbr": 5,
      "naziv": "HANA MALINA",
      "glasova": 0,
      "posto": "0,00"
    },{
      "rbr": 6,
      "naziv": "MARICA MARIĆ",
      "glasova": 0,
      "posto": "0,00"
    },{
      "rbr": 7,
      "naziv": "DALIBOR ŠOSTARIĆ",
      "glasova": 0,
      "posto": "0,00"
    },{
      "rbr": 8,
      "naziv": "KATARINA SVETEC",
      "glasova": 2,
      "posto": "9,52"
    },{
      "rbr": 9,
      "naziv": "ALIN KAVUR",
      "glasova": 0,
      "posto": "0,00"
    },{
      "rbr": 10,
      "naziv": "HRVOJE PAVIĆ",
      "glasova": 0,
      "posto": "0,00"
    },{
      "rbr": 11,
      "naziv": "ZVONKO KOROV",
      "glasova": 3,
      "posto": "14,28"
    },{
      "rbr": 12,
      "naziv": "MLADEN VUKASOVIĆ",
      "glasova": 0,
      "posto": "0,00"
    },{
      "rbr": 13,
      "naziv": "ANDRIJA NIKOLIĆ",
      "glasova": 0,
      "posto": "0,00"
    },{
      "rbr": 14,
      "naziv": "IGOR KIKIĆ",
      "glasova": 0,
      "posto": "0,00"
    }]
  },{
    "rbr": 11,
    "stranke": [
      {"naziv": "SOCIJALDEMOKRATI"},
      {"naziv": "ISTARSKI DEMOKRATSKI SABOR - IDS"},
      {"naziv": "PRIMORSKO GORANSKI SAVEZ - PGS"},
      {"naziv": "HRVATSKI LABURISTI - STRANKA RADA - LABURISTI"},
      {"naziv": "DEMOKRATI"}
    ],
    "jedinstvenaSifra": "005006100251299",
    "glasova": 18,
    "naziv": "SOCIJALDEMOKRATI, IDS, PGS, LABURISTI, DEMOKRATI",
    "posto": "1,05",
    "lista": [{
      "rbr": 1,
      "naziv": "VLADO ŠOLA",
      "glasova": 6,
      "posto": "33,33"
    },{
      "rbr": 2,
      "naziv": "VESNA NAĐ",
      "glasova": 0,
      "posto": "0,00"
    },{
      "rbr": 3,
      "naziv": "DOMAGOJ PRICA",
      "glasova": 0,
      "posto": "0,00"
    },{
      "rbr": 4,
      "naziv": "INES KOVAČEVIĆ",
      "glasova": 2,
      "posto": "11,11"
    },{
      "rbr": 5,
      "naziv": "IVAN CIKOVIĆ",
      "glasova": 0,
      "posto": "0,00"
    },{
      "rbr": 6,
      "naziv": "STJEPAN ZORMAN",
      "glasova": 0,
      "posto": "0,00"
    },{
      "rbr": 7,
      "naziv": "MARIJAN PREVAREK",
      "glasova": 0,
      "posto": "0,00"
    },{
      "rbr": 8,
      "naziv": "TOMISLAV KOLUNDŽIĆ",
      "glasova": 0,
      "posto": "0,00"
    },{
      "rbr": 9,
      "naziv": "KATA ĆORLUKA",
      "glasova": 0,
      "posto": "0,00"
    },{
      "rbr": 10,
      "naziv": "NERMA ŠIMUNIĆ",
      "glasova": 0,
      "posto": "0,00"
    },{
      "rbr": 11,
      "naziv": "PETAR KANEŠIĆ",
      "glasova": 0,
      "posto": "0,00"
    },{
      "rbr": 12,
      "naziv": "SOFIJA ŠTEFANAC KLOBUČAR",
      "glasova": 0,
      "posto": "0,00"
    },{
      "rbr": 13,
      "naziv": "JADRANKA LUKAVEČKI",
      "glasova": 0,
      "posto": "0,00"
    },{
      "rbr": 14,
      "naziv": "SLAVEN ĐURĐEVIĆ",
      "glasova": 0,
      "posto": "0,00"
    }]
  },{
    "rbr": 12,
    "stranke": [
      {"naziv": "RADNIČKA FRONTA - RF"}
    ],
    "jedinstvenaSifra": "168",
    "glasova": 11,
    "naziv": "RF",
    "posto": "0,64",
    "lista": [{
      "rbr": 1,
      "naziv": "SANDRA CRNKOVIĆ",
      "glasova": 1,
      "posto": "9,09"
    },{
      "rbr": 2,
      "naziv": "ZLATKO HARAPIN",
      "glasova": 0,
      "posto": "0,00"
    },{
      "rbr": 3,
      "naziv": "VIKTORIJA ĆURLIN",
      "glasova": 1,
      "posto": "9,09"
    },{
      "rbr": 4,
      "naziv": "DANIJEL DUJMOVIĆ",
      "glasova": 1,
      "posto": "9,09"
    },{
      "rbr": 5,
      "naziv": "SVJETLANA GETO",
      "glasova": 0,
      "posto": "0,00"
    },{
      "rbr": 6,
      "naziv": "ZDENKO LOVRIĆ",
      "glasova": 0,
      "posto": "0,00"
    },{
      "rbr": 7,
      "naziv": "MAŠA VARDA",
      "glasova": 2,
      "posto": "18,18"
    },{
      "rbr": 8,
      "naziv": "BRANKO CEROVAC",
      "glasova": 0,
      "posto": "0,00"
    },{
      "rbr": 9,
      "naziv": "ZLATKA RAŠPERIĆ",
      "glasova": 0,
      "posto": "0,00"
    },{
      "rbr": 10,
      "naziv": "VEDRAN IVANKOVIĆ",
      "glasova": 0,
      "posto": "0,00"
    },{
      "rbr": 11,
      "naziv": "ANICA KRPAN",
      "glasova": 0,
      "posto": "0,00"
    },{
      "rbr": 12,
      "naziv": "ANTONIJO CRNKOVIĆ",
      "glasova": 0,
      "posto": "0,00"
    },{
      "rbr": 13,
      "naziv": "DOMAGOJ MARTINIĆ",
      "glasova": 0,
      "posto": "0,00"
    },{
      "rbr": 14,
      "naziv": "VLADIMIR WÖLFL",
      "glasova": 0,
      "posto": "0,00"
    }]
  },{
    "rbr": 13,
    "stranke": [
      {"naziv": "AGRARNA STRANKA - POKRET ZA HRVATSKU POLJOPRIVREDU"},
      {"naziv": "AKCIJA ZA PROMJENE"}
    ],
    "jedinstvenaSifra": "303305",
    "glasova": 5,
    "naziv": "AGRARNA STRANKA - POKRET ZA HRVATSKU POLJOPRIVREDU, AKCIJA ZA PROMJENE",
    "posto": "0,29",
    "lista": [{
      "rbr": 1,
      "naziv": "DALIBOR JURINA",
      "glasova": 2,
      "posto": "40,00"
    },{
      "rbr": 2,
      "naziv": "MILJENKO ŠIMPRAGA",
      "glasova": 0,
      "posto": "0,00"
    },{
      "rbr": 3,
      "naziv": "ANDREJA MARCETIĆ",
      "glasova": 0,
      "posto": "0,00"
    },{
      "rbr": 4,
      "naziv": "JOSIP MIKUŠ",
      "glasova": 0,
      "posto": "0,00"
    },{
      "rbr": 5,
      "naziv": "DAMIR RADAN",
      "glasova": 0,
      "posto": "0,00"
    },{
      "rbr": 6,
      "naziv": "KRISTINA ŽIVKO",
      "glasova": 0,
      "posto": "0,00"
    },{
      "rbr": 7,
      "naziv": "KRUNOSLAV LUGARIĆ",
      "glasova": 0,
      "posto": "0,00"
    },{
      "rbr": 8,
      "naziv": "DARKO KOŠAR",
      "glasova": 0,
      "posto": "0,00"
    },{
      "rbr": 9,
      "naziv": "VERA HADŽIĆ",
      "glasova": 0,
      "posto": "0,00"
    },{
      "rbr": 10,
      "naziv": "STJEPAN RAKAS",
      "glasova": 0,
      "posto": "0,00"
    },{
      "rbr": 11,
      "naziv": "NADANA JELIĆ",
      "glasova": 0,
      "posto": "0,00"
    },{
      "rbr": 12,
      "naziv": "DOROTEA RIVIĆ",
      "glasova": 0,
      "posto": "0,00"
    },{
      "rbr": 13,
      "naziv": "MIRSAD SADIKOVIĆ",
      "glasova": 0,
      "posto": "0,00"
    },{
      "rbr": 14,
      "naziv": "KORNELIJA MARUŠIĆ RAKAS",
      "glasova": 0,
      "posto": "0,00"
    }]
  },{
    "rbr": 14,
    "stranke": [
      {"naziv": "AUTOHTONA - HRVATSKA STRANKA PRAVA - DRAŽEN KELEMINEC - A - HSP - Dražen Keleminec"}
    ],
    "jedinstvenaSifra": "049",
    "glasova": 3,
    "naziv": "A - HSP - Dražen Keleminec",
    "posto": "0,17",
    "lista": [{
      "rbr": 1,
      "naziv": "NIKOLA LUKIĆ",
      "glasova": 1,
      "posto": "33,33"
    },{
      "rbr": 2,
      "naziv": "JOSIP ŠPIŠIĆ",
      "glasova": 0,
      "posto": "0,00"
    },{
      "rbr": 3,
      "naziv": "MARINKO PEREC",
      "glasova": 0,
      "posto": "0,00"
    },{
      "rbr": 4,
      "naziv": "STJEPAN SOKAČ",
      "glasova": 0,
      "posto": "0,00"
    },{
      "rbr": 5,
      "naziv": "MIRA KUTLEŠA",
      "glasova": 0,
      "posto": "0,00"
    },{
      "rbr": 6,
      "naziv": "GORAN ŠARIĆ",
      "glasova": 0,
      "posto": "0,00"
    },{
      "rbr": 7,
      "naziv": "MARIJANA PANIĆ",
      "glasova": 0,
      "posto": "0,00"
    },{
      "rbr": 8,
      "naziv": "MARKO KUTLEŠA",
      "glasova": 1,
      "posto": "33,33"
    },{
      "rbr": 9,
      "naziv": "SLADJANA PEREC",
      "glasova": 0,
      "posto": "0,00"
    },{
      "rbr": 10,
      "naziv": "ROBERT HUZEK-KITTAN",
      "glasova": 0,
      "posto": "0,00"
    },{
      "rbr": 11,
      "naziv": "MARGARETA MAJIĆ",
      "glasova": 0,
      "posto": "0,00"
    },{
      "rbr": 12,
      "naziv": "VEDRAN VESENJAK",
      "glasova": 0,
      "posto": "0,00"
    },{
      "rbr": 13,
      "naziv": "ZORICA POLJANEK",
      "glasova": 0,
      "posto": "0,00"
    },{
      "rbr": 14,
      "naziv": "MARINA HUZEK KITTAN",
      "glasova": 0,
      "posto": "0,00"
    }]
  }]
}
