{
  "izbori": "Zastupnički izbori 2024",
  "datum": "17.04.2024.",
  "vrijeme": "21:15",
  "izboriOznaka": "02",
  "ijSifra": "011",
  "bmSifra": "000",
  "ijNaziv": "XI. IZBORNA JEDINICA",
  "gropNaziv": "PAZIN",
  "bmNaziv": "",
  "bmZatvoreno": 0,
  "bmUkupno": 1,
  "biraciUkupno": 0,
  "biraciGlasovalo": 0,
  "biraciGlasovaloPosto": "0,00",
  "listiciUkupno": 0,
  "listiciVazeci": 0,
  "listiciVazeciPosto": "0,00",
  "listiciNevazeci": 0,
  "listiciNevazeciPosto": "0,00",
  "napomena": "* - objavljeni rezultati sadrže podatke samo s redovnih biračkih mjesta",
  "napomena2": "",
  "lista": [{
    "rbr": 1,
    "stranke": [
      {"naziv": "AUTOHTONA - HRVATSKA STRANKA PRAVA - DRAŽEN KELEMINEC - A - HSP - Dražen Keleminec"}
    ],
    "jedinstvenaSifra": "049",
    "glasova": 0,
    "naziv": "A - HSP - Dražen Keleminec",
    "posto": "0,00",
    "lista": [{
      "rbr": 1,
      "naziv": "IVICA ŠIMIĆ",
      "glasova": 0,
      "posto": "0,00"
    },{
      "rbr": 2,
      "naziv": "ANTE PIRIJA",
      "glasova": 0,
      "posto": "0,00"
    },{
      "rbr": 3,
      "naziv": "MILAN PAVUSA",
      "glasova": 0,
      "posto": "0,00"
    },{
      "rbr": 4,
      "naziv": "DRAŽEN GLAVICA",
      "glasova": 0,
      "posto": "0,00"
    },{
      "rbr": 5,
      "naziv": "VLADIMIR PLANTIĆ",
      "glasova": 0,
      "posto": "0,00"
    },{
      "rbr": 6,
      "naziv": "IVAN LUPINSKI",
      "glasova": 0,
      "posto": "0,00"
    },{
      "rbr": 7,
      "naziv": "MILAN MARAŠ",
      "glasova": 0,
      "posto": "0,00"
    },{
      "rbr": 8,
      "naziv": "SENAD BEGOVIĆ",
      "glasova": 0,
      "posto": "0,00"
    },{
      "rbr": 9,
      "naziv": "LUKA KOZINA",
      "glasova": 0,
      "posto": "0,00"
    },{
      "rbr": 10,
      "naziv": "PAVAO ŠIMEG",
      "glasova": 0,
      "posto": "0,00"
    },{
      "rbr": 11,
      "naziv": "MATIJA ŽIVKO",
      "glasova": 0,
      "posto": "0,00"
    },{
      "rbr": 12,
      "naziv": "ZVONKO CIGLAR",
      "glasova": 0,
      "posto": "0,00"
    },{
      "rbr": 13,
      "naziv": "JOSIP RADIČIĆ",
      "glasova": 0,
      "posto": "0,00"
    },{
      "rbr": 14,
      "naziv": "FRANJO ROŠČAK",
      "glasova": 0,
      "posto": "0,00"
    }]
  },{
    "rbr": 2,
    "stranke": [
      {"naziv": "FOKUS"},
      {"naziv": "REPUBLIKA"}
    ],
    "jedinstvenaSifra": "270310",
    "glasova": 0,
    "naziv": "FOKUS, REPUBLIKA",
    "posto": "0,00",
    "lista": [{
      "rbr": 1,
      "naziv": "TOMISLAV STANTIĆ",
      "glasova": 0,
      "posto": "0,00"
    },{
      "rbr": 2,
      "naziv": "JASNA ČORDAŠ",
      "glasova": 0,
      "posto": "0,00"
    },{
      "rbr": 3,
      "naziv": "STANKO KRSTIN",
      "glasova": 0,
      "posto": "0,00"
    },{
      "rbr": 4,
      "naziv": "DIANA SARIĆ",
      "glasova": 0,
      "posto": "0,00"
    },{
      "rbr": 5,
      "naziv": "MARINKO PRĆIĆ",
      "glasova": 0,
      "posto": "0,00"
    },{
      "rbr": 6,
      "naziv": "ANA CRNKOVIĆ",
      "glasova": 0,
      "posto": "0,00"
    },{
      "rbr": 7,
      "naziv": "JOSIP SABLJAK",
      "glasova": 0,
      "posto": "0,00"
    },{
      "rbr": 8,
      "naziv": "NADA SABLJAK",
      "glasova": 0,
      "posto": "0,00"
    },{
      "rbr": 9,
      "naziv": "DRAŽEN DERANJA",
      "glasova": 0,
      "posto": "0,00"
    }]
  },{
    "rbr": 3,
    "stranke": [
      {"naziv": "ODLUČNOST I PRAVEDNOST - OIP"}
    ],
    "jedinstvenaSifra": "300",
    "glasova": 0,
    "naziv": "OIP",
    "posto": "0,00",
    "lista": [{
      "rbr": 1,
      "naziv": "MARKO FRANOVIĆ",
      "glasova": 0,
      "posto": "0,00"
    },{
      "rbr": 2,
      "naziv": "MILE KOVAČ",
      "glasova": 0,
      "posto": "0,00"
    },{
      "rbr": 3,
      "naziv": "INA VUKIĆ",
      "glasova": 0,
      "posto": "0,00"
    },{
      "rbr": 4,
      "naziv": "IVANA KOVAČEVIĆ-MANDAC",
      "glasova": 0,
      "posto": "0,00"
    },{
      "rbr": 5,
      "naziv": "RUŽICA ALVIR",
      "glasova": 0,
      "posto": "0,00"
    },{
      "rbr": 6,
      "naziv": "ANTE ŠUŠNJARA",
      "glasova": 0,
      "posto": "0,00"
    }]
  },{
    "rbr": 4,
    "stranke": [
      {"naziv": "STRANKA IVANA PERNARA"}
    ],
    "jedinstvenaSifra": "259",
    "glasova": 0,
    "naziv": "STRANKA IVANA PERNARA",
    "posto": "0,00",
    "lista": [{
      "rbr": 1,
      "naziv": "PATRIK ISKRIĆ",
      "glasova": 0,
      "posto": "0,00"
    },{
      "rbr": 2,
      "naziv": "PATRICIA ĐURIĆ",
      "glasova": 0,
      "posto": "0,00"
    },{
      "rbr": 3,
      "naziv": "LIDIJA TADIĆ",
      "glasova": 0,
      "posto": "0,00"
    },{
      "rbr": 4,
      "naziv": "MARINA JAKUPOVIĆ",
      "glasova": 0,
      "posto": "0,00"
    },{
      "rbr": 5,
      "naziv": "KSENIJA BADNJEVIĆ",
      "glasova": 0,
      "posto": "0,00"
    },{
      "rbr": 6,
      "naziv": "ANDRIJA RADIĆ",
      "glasova": 0,
      "posto": "0,00"
    }]
  },{
    "rbr": 5,
    "stranke": [
      {"naziv": "HRVATSKA DEMOKRATSKA ZAJEDNICA - HDZ"}
    ],
    "jedinstvenaSifra": "003",
    "glasova": 0,
    "naziv": "HDZ",
    "posto": "0,00",
    "lista": [{
      "rbr": 1,
      "naziv": "ZVONKO MILAS",
      "glasova": 0,
      "posto": "0,00"
    },{
      "rbr": 2,
      "naziv": "NEVENKO BARBARIĆ",
      "glasova": 0,
      "posto": "0,00"
    },{
      "rbr": 3,
      "naziv": "RADOJE VIDOVIĆ",
      "glasova": 0,
      "posto": "0,00"
    },{
      "rbr": 4,
      "naziv": "DARIO PUŠIĆ",
      "glasova": 0,
      "posto": "0,00"
    },{
      "rbr": 5,
      "naziv": "JASNA VOJNIĆ",
      "glasova": 0,
      "posto": "0,00"
    },{
      "rbr": 6,
      "naziv": "VLATKA MARTINOVIĆ",
      "glasova": 0,
      "posto": "0,00"
    },{
      "rbr": 7,
      "naziv": "ANA ANDRIĆ",
      "glasova": 0,
      "posto": "0,00"
    },{
      "rbr": 8,
      "naziv": "MATE OMAZIĆ",
      "glasova": 0,
      "posto": "0,00"
    },{
      "rbr": 9,
      "naziv": "NATAŠA PAVIĆ",
      "glasova": 0,
      "posto": "0,00"
    },{
      "rbr": 10,
      "naziv": "JANOS GUGAN",
      "glasova": 0,
      "posto": "0,00"
    },{
      "rbr": 11,
      "naziv": "DANIELA MILOŠ",
      "glasova": 0,
      "posto": "0,00"
    },{
      "rbr": 12,
      "naziv": "LJUBOMIR MAJDANDŽIĆ",
      "glasova": 0,
      "posto": "0,00"
    },{
      "rbr": 13,
      "naziv": "VESELJKO JOVANOVIĆ",
      "glasova": 0,
      "posto": "0,00"
    },{
      "rbr": 14,
      "naziv": "RAJKA MIKULIĆ",
      "glasova": 0,
      "posto": "0,00"
    }]
  },{
    "rbr": 6,
    "stranke": [
      {"naziv": "HRVATSKO BILO"}
    ],
    "jedinstvenaSifra": "308",
    "glasova": 0,
    "naziv": "HRVATSKO BILO",
    "posto": "0,00",
    "lista": [{
      "rbr": 1,
      "naziv": "LJUBO ĆESIĆ",
      "glasova": 0,
      "posto": "0,00"
    },{
      "rbr": 2,
      "naziv": "IVAN TOLJ",
      "glasova": 0,
      "posto": "0,00"
    },{
      "rbr": 3,
      "naziv": "IVAN KAPULAR",
      "glasova": 0,
      "posto": "0,00"
    },{
      "rbr": 4,
      "naziv": "MILJENKO GALIĆ",
      "glasova": 0,
      "posto": "0,00"
    },{
      "rbr": 5,
      "naziv": "PERO BARBARIĆ",
      "glasova": 0,
      "posto": "0,00"
    },{
      "rbr": 6,
      "naziv": "ŽARKO PAVLOVIĆ",
      "glasova": 0,
      "posto": "0,00"
    },{
      "rbr": 7,
      "naziv": "MIJA CRNOJA",
      "glasova": 0,
      "posto": "0,00"
    },{
      "rbr": 8,
      "naziv": "ANA JAPEC BUNETA",
      "glasova": 0,
      "posto": "0,00"
    },{
      "rbr": 9,
      "naziv": "VESNA BALAŽEVIĆ",
      "glasova": 0,
      "posto": "0,00"
    }]
  },{
    "rbr": 7,
    "stranke": [
      {"naziv": "MOST"}
    ],
    "jedinstvenaSifra": "131",
    "glasova": 0,
    "naziv": "MOST",
    "posto": "0,00",
    "lista": [{
      "rbr": 1,
      "naziv": "SLAVKO ZOVKO",
      "glasova": 0,
      "posto": "0,00"
    },{
      "rbr": 2,
      "naziv": "GORAN BILANDŽIJA",
      "glasova": 0,
      "posto": "0,00"
    },{
      "rbr": 3,
      "naziv": "DRAGO ZEČEVIĆ",
      "glasova": 0,
      "posto": "0,00"
    },{
      "rbr": 4,
      "naziv": "MARIJA ĆOSIĆ",
      "glasova": 0,
      "posto": "0,00"
    },{
      "rbr": 5,
      "naziv": "ANTONELA IVKOVIĆ",
      "glasova": 0,
      "posto": "0,00"
    },{
      "rbr": 6,
      "naziv": "BOŽE ZRNO",
      "glasova": 0,
      "posto": "0,00"
    },{
      "rbr": 7,
      "naziv": "DANIJELA DŽAKULA",
      "glasova": 0,
      "posto": "0,00"
    },{
      "rbr": 8,
      "naziv": "IVANA IVANIŠEVIĆ",
      "glasova": 0,
      "posto": "0,00"
    },{
      "rbr": 9,
      "naziv": "VESNA ŠUNJIĆ",
      "glasova": 0,
      "posto": "0,00"
    },{
      "rbr": 10,
      "naziv": "GORDAN JELIĆ",
      "glasova": 0,
      "posto": "0,00"
    },{
      "rbr": 11,
      "naziv": "MARKO ČAKTAŠ",
      "glasova": 0,
      "posto": "0,00"
    },{
      "rbr": 12,
      "naziv": "KRISTINA VRANJEŠ",
      "glasova": 0,
      "posto": "0,00"
    },{
      "rbr": 13,
      "naziv": "SANJAN MARTINOVIĆ",
      "glasova": 0,
      "posto": "0,00"
    },{
      "rbr": 14,
      "naziv": "SLAVEN RAGUŽ",
      "glasova": 0,
      "posto": "0,00"
    }]
  },{
    "rbr": 8,
    "stranke": [
      {"naziv": "MOŽEMO! - POLITIČKA PLATFORMA"}
    ],
    "jedinstvenaSifra": "255",
    "glasova": 0,
    "naziv": "MOŽEMO! - POLITIČKA PLATFORMA",
    "posto": "0,00",
    "lista": [{
      "rbr": 1,
      "naziv": "ELENA KOMARIĆ",
      "glasova": 0,
      "posto": "0,00"
    },{
      "rbr": 2,
      "naziv": "BORNA LOZO",
      "glasova": 0,
      "posto": "0,00"
    },{
      "rbr": 3,
      "naziv": "MARTINA PODBOJ",
      "glasova": 0,
      "posto": "0,00"
    },{
      "rbr": 4,
      "naziv": "LEONARDO PIEROBON",
      "glasova": 0,
      "posto": "0,00"
    },{
      "rbr": 5,
      "naziv": "JANA DOLEČKI",
      "glasova": 0,
      "posto": "0,00"
    },{
      "rbr": 6,
      "naziv": "IVA MARČETIĆ",
      "glasova": 0,
      "posto": "0,00"
    },{
      "rbr": 7,
      "naziv": "SINIŠA LABROVIĆ",
      "glasova": 0,
      "posto": "0,00"
    }]
  }]
}
