{
  "izbori": "Zastupnički izbori 2024",
  "datum": "17.04.2024.",
  "vrijeme": "21:15",
  "izboriOznaka": "02",
  "ijSifra": "002",
  "bmSifra": "000",
  "ijNaziv": "II. IZBORNA JEDINICA",
  "gropNaziv": "",
  "bmNaziv": "",
  "bmZatvoreno": 403,
  "bmUkupno": 1156,
  "biraciUkupno": 54893,
  "biraciGlasovalo": 30979,
  "biraciGlasovaloPosto": "56,44",
  "listiciUkupno": 30974,
  "listiciVazeci": 29974,
  "listiciVazeciPosto": "96,77",
  "listiciNevazeci": 1000,
  "listiciNevazeciPosto": "3,23",
  "napomena": "* - objavljeni rezultati sadrže i podatke s posebnih biračkih mjesta te s biračkih mjesta u inozemstvu",
  "napomena2": "",
  "lista": [{
    "rbr": 1,
    "stranke": [
      {"naziv": "HRVATSKA DEMOKRATSKA ZAJEDNICA - HDZ"},
      {"naziv": "HRVATSKA SOCIJALNO - LIBERALNA STRANKA - HSLS"},
      {"naziv": "HRVATSKA DEMOKRŠĆANSKA STRANKA - HDS"},
      {"naziv": "HRVATSKA NARODNA STRANKA - LIBERALNI DEMOKRATI - HNS"},
      {"naziv": "HRVATSKA STRANKA UMIROVLJENIKA - HSU"}
    ],
    "jedinstvenaSifra": "001002003011023",
    "glasova": 12240,
    "naziv": "HDZ, HSLS, HDS, HNS, HSU",
    "posto": "40,83",
    "lista": [{
      "rbr": 1,
      "naziv": "GORDAN JANDROKOVIĆ",
      "glasova": 3117,
      "posto": "25,46"
    },{
      "rbr": 2,
      "naziv": "KRUNOSLAV KATIČIĆ",
      "glasova": 36,
      "posto": "0,29"
    },{
      "rbr": 3,
      "naziv": "DARIO HREBAK",
      "glasova": 1824,
      "posto": "14,90"
    },{
      "rbr": 4,
      "naziv": "ANTE DEUR",
      "glasova": 101,
      "posto": "0,82"
    },{
      "rbr": 5,
      "naziv": "GORDAN GRLIĆ-RADMAN",
      "glasova": 97,
      "posto": "0,79"
    },{
      "rbr": 6,
      "naziv": "MIRO TOTGERGELI",
      "glasova": 125,
      "posto": "1,02"
    },{
      "rbr": 7,
      "naziv": "JAVOR BOJAN LEŠ",
      "glasova": 104,
      "posto": "0,84"
    },{
      "rbr": 8,
      "naziv": "ZDRAVKA BUŠIĆ",
      "glasova": 54,
      "posto": "0,44"
    },{
      "rbr": 9,
      "naziv": "SANELA GRBAŠ BRATKOVIĆ",
      "glasova": 78,
      "posto": "0,63"
    },{
      "rbr": 10,
      "naziv": "TOMISLAV OKROŠA",
      "glasova": 272,
      "posto": "2,22"
    },{
      "rbr": 11,
      "naziv": "FRANJO POLJAK",
      "glasova": 1021,
      "posto": "8,34"
    },{
      "rbr": 12,
      "naziv": "EVA JENDRIŠ ŠKRLJAK",
      "glasova": 528,
      "posto": "4,31"
    },{
      "rbr": 13,
      "naziv": "BRANKO HRG",
      "glasova": 758,
      "posto": "6,19"
    },{
      "rbr": 14,
      "naziv": "MARKO MARUŠIĆ",
      "glasova": 921,
      "posto": "7,52"
    }]
  },{
    "rbr": 2,
    "stranke": [
      {"naziv": "SOCIJALDEMOKRATSKA PARTIJA HRVATSKE - SDP"},
      {"naziv": "CENTAR"},
      {"naziv": "HRVATSKA SELJAČKA STRANKA - HSS"},
      {"naziv": "\"DALIJA OREŠKOVIĆ I LJUDI S IMENOM I PREZIMENOM\" - \"DO i SIP\""},
      {"naziv": "NARODNA STRANKA - REFORMISTI - REFORMISTI"},
      {"naziv": "GRAĐANSKO-LIBERALNI SAVEZ - GLAS"}
    ],
    "jedinstvenaSifra": "004017162179244306",
    "glasova": 7707,
    "naziv": "SDP, CENTAR, HSS, \"DO i SIP\", REFORMISTI, GLAS",
    "posto": "25,71",
    "lista": [{
      "rbr": 1,
      "naziv": "BORIS LALOVAC",
      "glasova": 1828,
      "posto": "23,71"
    },{
      "rbr": 2,
      "naziv": "TANJA SOKOLIĆ",
      "glasova": 196,
      "posto": "2,54"
    },{
      "rbr": 3,
      "naziv": "ANKA MRAK-TARITAŠ",
      "glasova": 537,
      "posto": "6,96"
    },{
      "rbr": 4,
      "naziv": "TOMISLAV GOLUBIĆ",
      "glasova": 194,
      "posto": "2,51"
    },{
      "rbr": 5,
      "naziv": "DAVORKA MOSLAVAC FORJAN",
      "glasova": 15,
      "posto": "0,19"
    },{
      "rbr": 6,
      "naziv": "DENIS KRALJ",
      "glasova": 744,
      "posto": "9,65"
    },{
      "rbr": 7,
      "naziv": "MAJA KRNJEVIĆ",
      "glasova": 39,
      "posto": "0,50"
    },{
      "rbr": 8,
      "naziv": "VALENTINA FOLNEGOVIĆ",
      "glasova": 73,
      "posto": "0,94"
    },{
      "rbr": 9,
      "naziv": "IGOR JAREŠ",
      "glasova": 146,
      "posto": "1,89"
    },{
      "rbr": 10,
      "naziv": "MARIJA VUKOBRATOVIĆ",
      "glasova": 151,
      "posto": "1,95"
    },{
      "rbr": 11,
      "naziv": "DEJAN PLENTAJ",
      "glasova": 105,
      "posto": "1,36"
    },{
      "rbr": 12,
      "naziv": "STANKO BORIĆ",
      "glasova": 6,
      "posto": "0,07"
    },{
      "rbr": 13,
      "naziv": "TESA GOLDSTEIN",
      "glasova": 29,
      "posto": "0,37"
    },{
      "rbr": 14,
      "naziv": "BOJAN GLAVAŠEVIĆ",
      "glasova": 371,
      "posto": "4,81"
    }]
  },{
    "rbr": 3,
    "stranke": [
      {"naziv": "DOMOVINSKI POKRET - DP"},
      {"naziv": "PRAVO I PRAVDA"},
      {"naziv": "DEMOKRATSKI HSS - DHSS"},
      {"naziv": "ZELENA LISTA"},
      {"naziv": "AGRAMERI - NEZAVISNA LISTA"}
    ],
    "jedinstvenaSifra": "231267274283312",
    "glasova": 2881,
    "naziv": "DP, PRAVO I PRAVDA, DHSS, ZELENA LISTA, AGRAMERI - NEZAVISNA LISTA",
    "posto": "9,61",
    "lista": [{
      "rbr": 1,
      "naziv": "TOMISLAV JOSIĆ",
      "glasova": 594,
      "posto": "20,61"
    },{
      "rbr": 2,
      "naziv": "IVICA MESIĆ",
      "glasova": 79,
      "posto": "2,74"
    },{
      "rbr": 3,
      "naziv": "NENAD MATIĆ",
      "glasova": 150,
      "posto": "5,20"
    },{
      "rbr": 4,
      "naziv": "SLOBODAN NOVAK",
      "glasova": 60,
      "posto": "2,08"
    },{
      "rbr": 5,
      "naziv": "LUKA HOLJEVAC",
      "glasova": 30,
      "posto": "1,04"
    },{
      "rbr": 6,
      "naziv": "GRGO LUBURIĆ",
      "glasova": 32,
      "posto": "1,11"
    },{
      "rbr": 7,
      "naziv": "TOMISLAV LONČAR",
      "glasova": 30,
      "posto": "1,04"
    },{
      "rbr": 8,
      "naziv": "MAJA OREŠKI PAVLIŠ",
      "glasova": 45,
      "posto": "1,56"
    },{
      "rbr": 9,
      "naziv": "VALNA BASTIJANČIĆ ERJAVEC",
      "glasova": 53,
      "posto": "1,83"
    },{
      "rbr": 10,
      "naziv": "DUBRAVKA DRAGAŠEVIĆ",
      "glasova": 87,
      "posto": "3,01"
    },{
      "rbr": 11,
      "naziv": "VEDRAN ČERNY",
      "glasova": 17,
      "posto": "0,59"
    },{
      "rbr": 12,
      "naziv": "ANTO JURAKIĆ",
      "glasova": 26,
      "posto": "0,90"
    },{
      "rbr": 13,
      "naziv": "STEPHEN NIKOLA BARTULICA",
      "glasova": 310,
      "posto": "10,76"
    },{
      "rbr": 14,
      "naziv": "DAMIR DEAK",
      "glasova": 80,
      "posto": "2,77"
    }]
  },{
    "rbr": 4,
    "stranke": [
      {"naziv": "MOST"},
      {"naziv": "HRVATSKI SUVERENISTI"},
      {"naziv": "HRVATSKA KONZERVATIVNA STRANKA - HKS"},
      {"naziv": "NEZAVISNA LISTA MLADIH - NLM"}
    ],
    "jedinstvenaSifra": "131165188263",
    "glasova": 1847,
    "naziv": "MOST, HRVATSKI SUVERENISTI, HKS, NLM",
    "posto": "6,16",
    "lista": [{
      "rbr": 1,
      "naziv": "NINO RASPUDIĆ",
      "glasova": 753,
      "posto": "40,76"
    },{
      "rbr": 2,
      "naziv": "TRPIMIR GOLUŽA",
      "glasova": 62,
      "posto": "3,35"
    },{
      "rbr": 3,
      "naziv": "VINKO BATINIĆ",
      "glasova": 62,
      "posto": "3,35"
    },{
      "rbr": 4,
      "naziv": "IVANA VLADIMIRA PETRIC",
      "glasova": 17,
      "posto": "0,92"
    },{
      "rbr": 5,
      "naziv": "RENATA ČIBARIĆ",
      "glasova": 13,
      "posto": "0,70"
    },{
      "rbr": 6,
      "naziv": "VESNA KOTARAC",
      "glasova": 15,
      "posto": "0,81"
    },{
      "rbr": 7,
      "naziv": "ELIZABETA KRALJ KOVAČIĆ",
      "glasova": 14,
      "posto": "0,75"
    },{
      "rbr": 8,
      "naziv": "PAŠKO FILIĆ",
      "glasova": 9,
      "posto": "0,48"
    },{
      "rbr": 9,
      "naziv": "DOMAGOJ JUKIĆ",
      "glasova": 7,
      "posto": "0,37"
    },{
      "rbr": 10,
      "naziv": "LUKA PEŠUT",
      "glasova": 11,
      "posto": "0,59"
    },{
      "rbr": 11,
      "naziv": "ANĐA ČUJIĆ",
      "glasova": 5,
      "posto": "0,27"
    },{
      "rbr": 12,
      "naziv": "MARIJANA MARIN KOZINA",
      "glasova": 15,
      "posto": "0,81"
    },{
      "rbr": 13,
      "naziv": "MARTA BLAJIĆ DŽAJA",
      "glasova": 9,
      "posto": "0,48"
    },{
      "rbr": 14,
      "naziv": "BERNARD BUDIMIR",
      "glasova": 20,
      "posto": "1,08"
    }]
  },{
    "rbr": 5,
    "stranke": [
      {"naziv": "MOŽEMO! - POLITIČKA PLATFORMA"},
      {"naziv": "HOĆEMO PRAVEDNO"}
    ],
    "jedinstvenaSifra": "255297",
    "glasova": 1553,
    "naziv": "MOŽEMO! - POLITIČKA PLATFORMA, HOĆEMO PRAVEDNO",
    "posto": "5,18",
    "lista": [{
      "rbr": 1,
      "naziv": "DANIJELA DOLENEC",
      "glasova": 366,
      "posto": "23,56"
    },{
      "rbr": 2,
      "naziv": "JELENA MILOŠ",
      "glasova": 32,
      "posto": "2,06"
    },{
      "rbr": 3,
      "naziv": "MARINA IVANDIĆ",
      "glasova": 20,
      "posto": "1,28"
    },{
      "rbr": 4,
      "naziv": "DAMIR LUJANAC",
      "glasova": 14,
      "posto": "0,90"
    },{
      "rbr": 5,
      "naziv": "MAURO SIROTNJAK",
      "glasova": 11,
      "posto": "0,70"
    },{
      "rbr": 6,
      "naziv": "BRANKO ANČIĆ",
      "glasova": 4,
      "posto": "0,25"
    },{
      "rbr": 7,
      "naziv": "DOROTEA ŠAFRANIĆ",
      "glasova": 18,
      "posto": "1,15"
    },{
      "rbr": 8,
      "naziv": "ANKICA PENAVA PEJČINOVIĆ",
      "glasova": 13,
      "posto": "0,83"
    },{
      "rbr": 9,
      "naziv": "JAGODA MUNIĆ",
      "glasova": 9,
      "posto": "0,57"
    },{
      "rbr": 10,
      "naziv": "NIKOLA ZDUNIĆ",
      "glasova": 7,
      "posto": "0,45"
    },{
      "rbr": 11,
      "naziv": "HELENA KERETA",
      "glasova": 12,
      "posto": "0,77"
    },{
      "rbr": 12,
      "naziv": "LUKA MALOČA",
      "glasova": 6,
      "posto": "0,38"
    },{
      "rbr": 13,
      "naziv": "MAGDALENA KOZARIĆ ŠPOLJARIĆ",
      "glasova": 12,
      "posto": "0,77"
    },{
      "rbr": 14,
      "naziv": "TIHOMIR MILOVAC",
      "glasova": 7,
      "posto": "0,45"
    }]
  },{
    "rbr": 6,
    "stranke": [
      {"naziv": "FOKUS"},
      {"naziv": "REPUBLIKA"}
    ],
    "jedinstvenaSifra": "270310",
    "glasova": 1089,
    "naziv": "FOKUS, REPUBLIKA",
    "posto": "3,63",
    "lista": [{
      "rbr": 1,
      "naziv": "DAMIR BAJS",
      "glasova": 146,
      "posto": "13,40"
    },{
      "rbr": 2,
      "naziv": "HRVOJE KOŠĆEC",
      "glasova": 352,
      "posto": "32,32"
    },{
      "rbr": 3,
      "naziv": "NENAD PANIAN",
      "glasova": 211,
      "posto": "19,37"
    },{
      "rbr": 4,
      "naziv": "STJEPAN GADŽE",
      "glasova": 3,
      "posto": "0,27"
    },{
      "rbr": 5,
      "naziv": "MATIJA HERJAVIĆ",
      "glasova": 7,
      "posto": "0,64"
    },{
      "rbr": 6,
      "naziv": "IVANA RADAKOVIĆ",
      "glasova": 6,
      "posto": "0,55"
    },{
      "rbr": 7,
      "naziv": "MIRJANA HRANJEC BANOVEC",
      "glasova": 33,
      "posto": "3,03"
    },{
      "rbr": 8,
      "naziv": "LUKA KIPA",
      "glasova": 2,
      "posto": "0,18"
    },{
      "rbr": 9,
      "naziv": "STEVO TURČINOVIĆ",
      "glasova": 41,
      "posto": "3,76"
    },{
      "rbr": 10,
      "naziv": "JELENA HORVAT",
      "glasova": 11,
      "posto": "1,01"
    },{
      "rbr": 11,
      "naziv": "ŽELJKA JAREC BUKAL",
      "glasova": 16,
      "posto": "1,46"
    },{
      "rbr": 12,
      "naziv": "IVANA PIRIN",
      "glasova": 6,
      "posto": "0,55"
    },{
      "rbr": 13,
      "naziv": "IVANA EL-TAYEB",
      "glasova": 4,
      "posto": "0,36"
    },{
      "rbr": 14,
      "naziv": "MARIO KOLAR",
      "glasova": 12,
      "posto": "1,10"
    }]
  },{
    "rbr": 7,
    "stranke": [
      {"naziv": "UMIROVLJENICI ZAJEDNO - POLITIČKA PLATFORMA - UMIROVLJENICI ZAJEDNO"},
      {"naziv": "STRANKA UMIROVLJENIKA - SU"},
      {"naziv": "BLOK UMIROVLJENICI ZAJEDNO - BUZ"},
      {"naziv": "DEMOKRATSKA STRANKA UMIROVLJENIKA - DSU"}
    ],
    "jedinstvenaSifra": "039041102301",
    "glasova": 620,
    "naziv": "UMIROVLJENICI ZAJEDNO, SU, BUZ, DSU",
    "posto": "2,06",
    "lista": [{
      "rbr": 1,
      "naziv": "MARIJAN ŽIHER",
      "glasova": 90,
      "posto": "14,51"
    },{
      "rbr": 2,
      "naziv": "MILIVOJ ČEHULIĆ",
      "glasova": 28,
      "posto": "4,51"
    },{
      "rbr": 3,
      "naziv": "SLAVKO POSAVEC",
      "glasova": 37,
      "posto": "5,96"
    },{
      "rbr": 4,
      "naziv": "ŽELJKICA KRUHIN",
      "glasova": 30,
      "posto": "4,83"
    },{
      "rbr": 5,
      "naziv": "ŽELJKO ORŠOLIĆ",
      "glasova": 9,
      "posto": "1,45"
    },{
      "rbr": 6,
      "naziv": "DRAGUTIN POLAŠEK",
      "glasova": 9,
      "posto": "1,45"
    },{
      "rbr": 7,
      "naziv": "VALENTINA STARI",
      "glasova": 8,
      "posto": "1,29"
    },{
      "rbr": 8,
      "naziv": "MIRA TUPEK",
      "glasova": 16,
      "posto": "2,58"
    },{
      "rbr": 9,
      "naziv": "KATICA MUNTA",
      "glasova": 5,
      "posto": "0,80"
    },{
      "rbr": 10,
      "naziv": "MOMČILO TOMIĆ",
      "glasova": 4,
      "posto": "0,64"
    },{
      "rbr": 11,
      "naziv": "BOŽICA HARABAJSA",
      "glasova": 5,
      "posto": "0,80"
    },{
      "rbr": 12,
      "naziv": "MARICA SALOPEK",
      "glasova": 13,
      "posto": "2,09"
    },{
      "rbr": 13,
      "naziv": "DARKO MRAZ",
      "glasova": 6,
      "posto": "0,96"
    },{
      "rbr": 14,
      "naziv": "FABIJAN ZOVKIĆ",
      "glasova": 2,
      "posto": "0,32"
    }]
  },{
    "rbr": 8,
    "stranke": [
      {"naziv": "STRANKA IVANA PERNARA"}
    ],
    "jedinstvenaSifra": "259",
    "glasova": 470,
    "naziv": "STRANKA IVANA PERNARA",
    "posto": "1,56",
    "lista": [{
      "rbr": 1,
      "naziv": "HERMAN VUKUŠIĆ",
      "glasova": 69,
      "posto": "14,68"
    },{
      "rbr": 2,
      "naziv": "KRISTIJAN MARKOVIĆ",
      "glasova": 53,
      "posto": "11,27"
    },{
      "rbr": 3,
      "naziv": "TAMARA CIBOCI",
      "glasova": 22,
      "posto": "4,68"
    },{
      "rbr": 4,
      "naziv": "KEMAL DELIĆ",
      "glasova": 11,
      "posto": "2,34"
    },{
      "rbr": 5,
      "naziv": "VEDRANA FUGAJ",
      "glasova": 7,
      "posto": "1,48"
    },{
      "rbr": 6,
      "naziv": "ZDENKA BABIĆ",
      "glasova": 12,
      "posto": "2,55"
    },{
      "rbr": 7,
      "naziv": "GABRIJELA PAUŠIĆ",
      "glasova": 10,
      "posto": "2,12"
    },{
      "rbr": 8,
      "naziv": "PATRICIJA GOLUBIĆ",
      "glasova": 10,
      "posto": "2,12"
    },{
      "rbr": 9,
      "naziv": "MAJA STROJANŠEK",
      "glasova": 9,
      "posto": "1,91"
    },{
      "rbr": 10,
      "naziv": "SEBASTIAN ILIĆ",
      "glasova": 4,
      "posto": "0,85"
    },{
      "rbr": 11,
      "naziv": "TOMISLAV PREVODNIK",
      "glasova": 4,
      "posto": "0,85"
    },{
      "rbr": 12,
      "naziv": "MATKO LOZANČIĆ",
      "glasova": 3,
      "posto": "0,63"
    },{
      "rbr": 13,
      "naziv": "SARI GHAZAL",
      "glasova": 1,
      "posto": "0,21"
    },{
      "rbr": 14,
      "naziv": "IVON RAJIČEVIĆ",
      "glasova": 5,
      "posto": "1,06"
    }]
  },{
    "rbr": 9,
    "stranke": [
      {"naziv": "ODLUČNOST I PRAVEDNOST - OIP"}
    ],
    "jedinstvenaSifra": "300",
    "glasova": 368,
    "naziv": "OIP",
    "posto": "1,22",
    "lista": [{
      "rbr": 1,
      "naziv": "MARIO IVANIĆ",
      "glasova": 52,
      "posto": "14,13"
    },{
      "rbr": 2,
      "naziv": "GORDAN MAROVIĆ",
      "glasova": 3,
      "posto": "0,81"
    },{
      "rbr": 3,
      "naziv": "ŠTEFAN VIDOVIĆ",
      "glasova": 9,
      "posto": "2,44"
    },{
      "rbr": 4,
      "naziv": "SLAVOLJUB DUBRAVEC",
      "glasova": 10,
      "posto": "2,71"
    },{
      "rbr": 5,
      "naziv": "ANTE BARIČEVIĆ",
      "glasova": 3,
      "posto": "0,81"
    },{
      "rbr": 6,
      "naziv": "IVICA KAURIN",
      "glasova": 4,
      "posto": "1,08"
    },{
      "rbr": 7,
      "naziv": "DAVOR CINDRIĆ",
      "glasova": 4,
      "posto": "1,08"
    },{
      "rbr": 8,
      "naziv": "IVANA GRBEŠA",
      "glasova": 18,
      "posto": "4,89"
    },{
      "rbr": 9,
      "naziv": "ROBERT JOSIP VUJIČIĆ",
      "glasova": 2,
      "posto": "0,54"
    },{
      "rbr": 10,
      "naziv": "DARINKO TADIĆ",
      "glasova": 4,
      "posto": "1,08"
    },{
      "rbr": 11,
      "naziv": "DALIBOR LEŠNIK",
      "glasova": 1,
      "posto": "0,27"
    },{
      "rbr": 12,
      "naziv": "FILIP MALOČA",
      "glasova": 5,
      "posto": "1,35"
    },{
      "rbr": 13,
      "naziv": "VIKTOR KOKOROVIĆ",
      "glasova": 3,
      "posto": "0,81"
    },{
      "rbr": 14,
      "naziv": "IRENA BABIĆ",
      "glasova": 23,
      "posto": "6,25"
    }]
  },{
    "rbr": 10,
    "stranke": [
      {"naziv": "SOCIJALDEMOKRATI"},
      {"naziv": "ISTARSKI DEMOKRATSKI SABOR - IDS"},
      {"naziv": "PRIMORSKO GORANSKI SAVEZ - PGS"},
      {"naziv": "HRVATSKI LABURISTI - STRANKA RADA - LABURISTI"},
      {"naziv": "DEMOKRATI"}
    ],
    "jedinstvenaSifra": "005006100251299",
    "glasova": 362,
    "naziv": "SOCIJALDEMOKRATI, IDS, PGS, LABURISTI, DEMOKRATI",
    "posto": "1,20",
    "lista": [{
      "rbr": 1,
      "naziv": "VLADO ŠOLA",
      "glasova": 91,
      "posto": "25,13"
    },{
      "rbr": 2,
      "naziv": "VESNA NAĐ",
      "glasova": 5,
      "posto": "1,38"
    },{
      "rbr": 3,
      "naziv": "DOMAGOJ PRICA",
      "glasova": 4,
      "posto": "1,10"
    },{
      "rbr": 4,
      "naziv": "INES KOVAČEVIĆ",
      "glasova": 16,
      "posto": "4,41"
    },{
      "rbr": 5,
      "naziv": "IVAN CIKOVIĆ",
      "glasova": 17,
      "posto": "4,69"
    },{
      "rbr": 6,
      "naziv": "STJEPAN ZORMAN",
      "glasova": 19,
      "posto": "5,24"
    },{
      "rbr": 7,
      "naziv": "MARIJAN PREVAREK",
      "glasova": 18,
      "posto": "4,97"
    },{
      "rbr": 8,
      "naziv": "TOMISLAV KOLUNDŽIĆ",
      "glasova": 9,
      "posto": "2,48"
    },{
      "rbr": 9,
      "naziv": "KATA ĆORLUKA",
      "glasova": 4,
      "posto": "1,10"
    },{
      "rbr": 10,
      "naziv": "NERMA ŠIMUNIĆ",
      "glasova": 3,
      "posto": "0,82"
    },{
      "rbr": 11,
      "naziv": "PETAR KANEŠIĆ",
      "glasova": 10,
      "posto": "2,76"
    },{
      "rbr": 12,
      "naziv": "SOFIJA ŠTEFANAC KLOBUČAR",
      "glasova": 6,
      "posto": "1,65"
    },{
      "rbr": 13,
      "naziv": "JADRANKA LUKAVEČKI",
      "glasova": 0,
      "posto": "0,00"
    },{
      "rbr": 14,
      "naziv": "SLAVEN ĐURĐEVIĆ",
      "glasova": 38,
      "posto": "10,49"
    }]
  },{
    "rbr": 11,
    "stranke": [
      {"naziv": "HRVATSKA STRANKA PRAVA - HSP"},
      {"naziv": "HRVATSKO BILO"},
      {"naziv": "HRVATSKA DEMOKRATSKA SELJAČKA STRANKA - HDSS"}
    ],
    "jedinstvenaSifra": "007018308",
    "glasova": 267,
    "naziv": "HSP, HRVATSKO BILO, HDSS",
    "posto": "0,89",
    "lista": [{
      "rbr": 1,
      "naziv": "NADA ŠIKIĆ",
      "glasova": 37,
      "posto": "13,85"
    },{
      "rbr": 2,
      "naziv": "BRIGITTE BERULEC",
      "glasova": 44,
      "posto": "16,47"
    },{
      "rbr": 3,
      "naziv": "ZORICA GREGURIĆ",
      "glasova": 10,
      "posto": "3,74"
    },{
      "rbr": 4,
      "naziv": "ANTUN CINDRIĆ",
      "glasova": 8,
      "posto": "2,99"
    },{
      "rbr": 5,
      "naziv": "HANA MALINA",
      "glasova": 4,
      "posto": "1,49"
    },{
      "rbr": 6,
      "naziv": "MARICA MARIĆ",
      "glasova": 7,
      "posto": "2,62"
    },{
      "rbr": 7,
      "naziv": "DALIBOR ŠOSTARIĆ",
      "glasova": 10,
      "posto": "3,74"
    },{
      "rbr": 8,
      "naziv": "KATARINA SVETEC",
      "glasova": 5,
      "posto": "1,87"
    },{
      "rbr": 9,
      "naziv": "ALIN KAVUR",
      "glasova": 0,
      "posto": "0,00"
    },{
      "rbr": 10,
      "naziv": "HRVOJE PAVIĆ",
      "glasova": 8,
      "posto": "2,99"
    },{
      "rbr": 11,
      "naziv": "ZVONKO KOROV",
      "glasova": 5,
      "posto": "1,87"
    },{
      "rbr": 12,
      "naziv": "MLADEN VUKASOVIĆ",
      "glasova": 3,
      "posto": "1,12"
    },{
      "rbr": 13,
      "naziv": "ANDRIJA NIKOLIĆ",
      "glasova": 3,
      "posto": "1,12"
    },{
      "rbr": 14,
      "naziv": "IGOR KIKIĆ",
      "glasova": 0,
      "posto": "0,00"
    }]
  },{
    "rbr": 12,
    "stranke": [
      {"naziv": "AGRARNA STRANKA - POKRET ZA HRVATSKU POLJOPRIVREDU"},
      {"naziv": "AKCIJA ZA PROMJENE"}
    ],
    "jedinstvenaSifra": "303305",
    "glasova": 239,
    "naziv": "AGRARNA STRANKA - POKRET ZA HRVATSKU POLJOPRIVREDU, AKCIJA ZA PROMJENE",
    "posto": "0,79",
    "lista": [{
      "rbr": 1,
      "naziv": "DALIBOR JURINA",
      "glasova": 51,
      "posto": "21,33"
    },{
      "rbr": 2,
      "naziv": "MILJENKO ŠIMPRAGA",
      "glasova": 7,
      "posto": "2,92"
    },{
      "rbr": 3,
      "naziv": "ANDREJA MARCETIĆ",
      "glasova": 4,
      "posto": "1,67"
    },{
      "rbr": 4,
      "naziv": "JOSIP MIKUŠ",
      "glasova": 7,
      "posto": "2,92"
    },{
      "rbr": 5,
      "naziv": "DAMIR RADAN",
      "glasova": 2,
      "posto": "0,83"
    },{
      "rbr": 6,
      "naziv": "KRISTINA ŽIVKO",
      "glasova": 7,
      "posto": "2,92"
    },{
      "rbr": 7,
      "naziv": "KRUNOSLAV LUGARIĆ",
      "glasova": 6,
      "posto": "2,51"
    },{
      "rbr": 8,
      "naziv": "DARKO KOŠAR",
      "glasova": 3,
      "posto": "1,25"
    },{
      "rbr": 9,
      "naziv": "VERA HADŽIĆ",
      "glasova": 4,
      "posto": "1,67"
    },{
      "rbr": 10,
      "naziv": "STJEPAN RAKAS",
      "glasova": 2,
      "posto": "0,83"
    },{
      "rbr": 11,
      "naziv": "NADANA JELIĆ",
      "glasova": 1,
      "posto": "0,41"
    },{
      "rbr": 12,
      "naziv": "DOROTEA RIVIĆ",
      "glasova": 5,
      "posto": "2,09"
    },{
      "rbr": 13,
      "naziv": "MIRSAD SADIKOVIĆ",
      "glasova": 3,
      "posto": "1,25"
    },{
      "rbr": 14,
      "naziv": "KORNELIJA MARUŠIĆ RAKAS",
      "glasova": 5,
      "posto": "2,09"
    }]
  },{
    "rbr": 13,
    "stranke": [
      {"naziv": "RADNIČKA FRONTA - RF"}
    ],
    "jedinstvenaSifra": "168",
    "glasova": 202,
    "naziv": "RF",
    "posto": "0,67",
    "lista": [{
      "rbr": 1,
      "naziv": "SANDRA CRNKOVIĆ",
      "glasova": 40,
      "posto": "19,80"
    },{
      "rbr": 2,
      "naziv": "ZLATKO HARAPIN",
      "glasova": 3,
      "posto": "1,48"
    },{
      "rbr": 3,
      "naziv": "VIKTORIJA ĆURLIN",
      "glasova": 3,
      "posto": "1,48"
    },{
      "rbr": 4,
      "naziv": "DANIJEL DUJMOVIĆ",
      "glasova": 4,
      "posto": "1,98"
    },{
      "rbr": 5,
      "naziv": "SVJETLANA GETO",
      "glasova": 1,
      "posto": "0,49"
    },{
      "rbr": 6,
      "naziv": "ZDENKO LOVRIĆ",
      "glasova": 4,
      "posto": "1,98"
    },{
      "rbr": 7,
      "naziv": "MAŠA VARDA",
      "glasova": 12,
      "posto": "5,94"
    },{
      "rbr": 8,
      "naziv": "BRANKO CEROVAC",
      "glasova": 2,
      "posto": "0,99"
    },{
      "rbr": 9,
      "naziv": "ZLATKA RAŠPERIĆ",
      "glasova": 0,
      "posto": "0,00"
    },{
      "rbr": 10,
      "naziv": "VEDRAN IVANKOVIĆ",
      "glasova": 3,
      "posto": "1,48"
    },{
      "rbr": 11,
      "naziv": "ANICA KRPAN",
      "glasova": 5,
      "posto": "2,47"
    },{
      "rbr": 12,
      "naziv": "ANTONIJO CRNKOVIĆ",
      "glasova": 0,
      "posto": "0,00"
    },{
      "rbr": 13,
      "naziv": "DOMAGOJ MARTINIĆ",
      "glasova": 2,
      "posto": "0,99"
    },{
      "rbr": 14,
      "naziv": "VLADIMIR WÖLFL",
      "glasova": 4,
      "posto": "1,98"
    }]
  },{
    "rbr": 14,
    "stranke": [
      {"naziv": "AUTOHTONA - HRVATSKA STRANKA PRAVA - DRAŽEN KELEMINEC - A - HSP - Dražen Keleminec"}
    ],
    "jedinstvenaSifra": "049",
    "glasova": 129,
    "naziv": "A - HSP - Dražen Keleminec",
    "posto": "0,43",
    "lista": [{
      "rbr": 1,
      "naziv": "NIKOLA LUKIĆ",
      "glasova": 29,
      "posto": "22,48"
    },{
      "rbr": 2,
      "naziv": "JOSIP ŠPIŠIĆ",
      "glasova": 4,
      "posto": "3,10"
    },{
      "rbr": 3,
      "naziv": "MARINKO PEREC",
      "glasova": 1,
      "posto": "0,77"
    },{
      "rbr": 4,
      "naziv": "STJEPAN SOKAČ",
      "glasova": 4,
      "posto": "3,10"
    },{
      "rbr": 5,
      "naziv": "MIRA KUTLEŠA",
      "glasova": 1,
      "posto": "0,77"
    },{
      "rbr": 6,
      "naziv": "GORAN ŠARIĆ",
      "glasova": 3,
      "posto": "2,32"
    },{
      "rbr": 7,
      "naziv": "MARIJANA PANIĆ",
      "glasova": 19,
      "posto": "14,72"
    },{
      "rbr": 8,
      "naziv": "MARKO KUTLEŠA",
      "glasova": 5,
      "posto": "3,87"
    },{
      "rbr": 9,
      "naziv": "SLADJANA PEREC",
      "glasova": 3,
      "posto": "2,32"
    },{
      "rbr": 10,
      "naziv": "ROBERT HUZEK-KITTAN",
      "glasova": 2,
      "posto": "1,55"
    },{
      "rbr": 11,
      "naziv": "MARGARETA MAJIĆ",
      "glasova": 1,
      "posto": "0,77"
    },{
      "rbr": 12,
      "naziv": "VEDRAN VESENJAK",
      "glasova": 2,
      "posto": "1,55"
    },{
      "rbr": 13,
      "naziv": "ZORICA POLJANEK",
      "glasova": 4,
      "posto": "3,10"
    },{
      "rbr": 14,
      "naziv": "MARINA HUZEK KITTAN",
      "glasova": 2,
      "posto": "1,55"
    }]
  }]
}
