{
  "izbori": "Zastupnički izbori 2024",
  "datum": "17.04.2024.",
  "vrijeme": "21:15",
  "izboriOznaka": "02",
  "ijSifra": "010",
  "bmSifra": "000",
  "ijNaziv": "X. IZBORNA JEDINICA",
  "gropNaziv": "SPLIT",
  "bmNaziv": "",
  "bmZatvoreno": 27,
  "bmUkupno": 163,
  "biraciUkupno": 17095,
  "biraciGlasovalo": 10727,
  "biraciGlasovaloPosto": "62,75",
  "listiciUkupno": 10724,
  "listiciVazeci": 10481,
  "listiciVazeciPosto": "97,73",
  "listiciNevazeci": 243,
  "listiciNevazeciPosto": "2,27",
  "napomena": "* - objavljeni rezultati sadrže podatke samo s redovnih biračkih mjesta",
  "napomena2": "",
  "lista": [{
    "rbr": 1,
    "stranke": [
      {"naziv": "SOCIJALDEMOKRATSKA PARTIJA HRVATSKE - SDP"},
      {"naziv": "CENTAR"},
      {"naziv": "HRVATSKA SELJAČKA STRANKA - HSS"},
      {"naziv": "\"DALIJA OREŠKOVIĆ I LJUDI S IMENOM I PREZIMENOM\" - \"DO i SIP\""},
      {"naziv": "NARODNA STRANKA - REFORMISTI - REFORMISTI"},
      {"naziv": "GRAĐANSKO-LIBERALNI SAVEZ - GLAS"}
    ],
    "jedinstvenaSifra": "004017162179244306",
    "glasova": 3382,
    "naziv": "SDP, CENTAR, HSS, \"DO i SIP\", REFORMISTI, GLAS",
    "posto": "32,26",
    "lista": [{
      "rbr": 1,
      "naziv": "RANKO OSTOJIĆ",
      "glasova": 998,
      "posto": "29,50"
    },{
      "rbr": 2,
      "naziv": "IVICA PULJAK",
      "glasova": 667,
      "posto": "19,72"
    },{
      "rbr": 3,
      "naziv": "IVANA MARKOVIĆ",
      "glasova": 129,
      "posto": "3,81"
    },{
      "rbr": 4,
      "naziv": "MIŠO KRSTIČEVIĆ",
      "glasova": 222,
      "posto": "6,56"
    },{
      "rbr": 5,
      "naziv": "DAMIR BARBIR",
      "glasova": 163,
      "posto": "4,81"
    },{
      "rbr": 6,
      "naziv": "KATARINA GUGIĆ",
      "glasova": 26,
      "posto": "0,76"
    },{
      "rbr": 7,
      "naziv": "VIKTORIJA KNEŽEVIĆ",
      "glasova": 7,
      "posto": "0,20"
    },{
      "rbr": 8,
      "naziv": "JOŠKO MARKIĆ",
      "glasova": 75,
      "posto": "2,21"
    },{
      "rbr": 9,
      "naziv": "NIKA SILIĆ MAROEVIĆ",
      "glasova": 10,
      "posto": "0,29"
    },{
      "rbr": 10,
      "naziv": "GORDANA MUHTIĆ",
      "glasova": 5,
      "posto": "0,14"
    },{
      "rbr": 11,
      "naziv": "GORANA ROSANDIĆ",
      "glasova": 15,
      "posto": "0,44"
    },{
      "rbr": 12,
      "naziv": "MATKO BURIĆ",
      "glasova": 15,
      "posto": "0,44"
    },{
      "rbr": 13,
      "naziv": "RAFAELA MATIĆ",
      "glasova": 14,
      "posto": "0,41"
    },{
      "rbr": 14,
      "naziv": "ANITA BONAČIĆ OBRADOVIĆ",
      "glasova": 12,
      "posto": "0,35"
    }]
  },{
    "rbr": 2,
    "stranke": [
      {"naziv": "HRVATSKA DEMOKRATSKA ZAJEDNICA - HDZ"},
      {"naziv": "HRVATSKA SOCIJALNO - LIBERALNA STRANKA - HSLS"},
      {"naziv": "HRVATSKA DEMOKRŠĆANSKA STRANKA - HDS"},
      {"naziv": "HRVATSKA NARODNA STRANKA - LIBERALNI DEMOKRATI - HNS"},
      {"naziv": "HRVATSKA STRANKA UMIROVLJENIKA - HSU"}
    ],
    "jedinstvenaSifra": "001002003011023",
    "glasova": 3006,
    "naziv": "HDZ, HSLS, HDS, HNS, HSU",
    "posto": "28,68",
    "lista": [{
      "rbr": 1,
      "naziv": "BRANKO BAČIĆ",
      "glasova": 444,
      "posto": "14,77"
    },{
      "rbr": 2,
      "naziv": "BLAŽENKO BOBAN",
      "glasova": 273,
      "posto": "9,08"
    },{
      "rbr": 3,
      "naziv": "TOMISLAV ŠUTA",
      "glasova": 231,
      "posto": "7,68"
    },{
      "rbr": 4,
      "naziv": "MATO FRANKOVIĆ",
      "glasova": 28,
      "posto": "0,93"
    },{
      "rbr": 5,
      "naziv": "ANDRO KRSTULOVIĆ OPARA",
      "glasova": 265,
      "posto": "8,81"
    },{
      "rbr": 6,
      "naziv": "MARIJA VUČKOVIĆ",
      "glasova": 24,
      "posto": "0,79"
    },{
      "rbr": 7,
      "naziv": "DANICA BARIČEVIĆ",
      "glasova": 35,
      "posto": "1,16"
    },{
      "rbr": 8,
      "naziv": "ANTE ŠOŠIĆ",
      "glasova": 83,
      "posto": "2,76"
    },{
      "rbr": 9,
      "naziv": "DALIBOR MILAN",
      "glasova": 1,
      "posto": "0,03"
    },{
      "rbr": 10,
      "naziv": "IVAN BUDALIĆ",
      "glasova": 5,
      "posto": "0,16"
    },{
      "rbr": 11,
      "naziv": "JURE BRKAN",
      "glasova": 1,
      "posto": "0,03"
    },{
      "rbr": 12,
      "naziv": "ZRINKA MUŽINIĆ BIKIĆ",
      "glasova": 281,
      "posto": "9,34"
    },{
      "rbr": 13,
      "naziv": "IVO RADICA",
      "glasova": 26,
      "posto": "0,86"
    },{
      "rbr": 14,
      "naziv": "DAMIR KRSTIČEVIĆ",
      "glasova": 458,
      "posto": "15,23"
    }]
  },{
    "rbr": 3,
    "stranke": [
      {"naziv": "DOMOVINSKI POKRET - DP"},
      {"naziv": "PRAVO I PRAVDA"}
    ],
    "jedinstvenaSifra": "267312",
    "glasova": 1107,
    "naziv": "DP, PRAVO I PRAVDA",
    "posto": "10,56",
    "lista": [{
      "rbr": 1,
      "naziv": "STIPO MLINARIĆ",
      "glasova": 484,
      "posto": "43,72"
    },{
      "rbr": 2,
      "naziv": "IVICA KUKAVICA",
      "glasova": 44,
      "posto": "3,97"
    },{
      "rbr": 3,
      "naziv": "RIČARD MILUN",
      "glasova": 7,
      "posto": "0,63"
    },{
      "rbr": 4,
      "naziv": "JOSIPA BARIĆ",
      "glasova": 21,
      "posto": "1,89"
    },{
      "rbr": 5,
      "naziv": "ANITA PERVAN",
      "glasova": 5,
      "posto": "0,45"
    },{
      "rbr": 6,
      "naziv": "IVANA ČAGALJ",
      "glasova": 6,
      "posto": "0,54"
    },{
      "rbr": 7,
      "naziv": "ZLATAN BAŠIĆ",
      "glasova": 3,
      "posto": "0,27"
    },{
      "rbr": 8,
      "naziv": "ANA ZRINKA KUROBASA",
      "glasova": 6,
      "posto": "0,54"
    },{
      "rbr": 9,
      "naziv": "ANTE JELAVIĆ",
      "glasova": 4,
      "posto": "0,36"
    },{
      "rbr": 10,
      "naziv": "IVONA TOPIĆ ĆERLEK",
      "glasova": 2,
      "posto": "0,18"
    },{
      "rbr": 11,
      "naziv": "MARIN MATAGA",
      "glasova": 1,
      "posto": "0,09"
    },{
      "rbr": 12,
      "naziv": "MILA JAKOVLJEVIĆ",
      "glasova": 1,
      "posto": "0,09"
    },{
      "rbr": 13,
      "naziv": "SREĆKO SLADOLJEV",
      "glasova": 145,
      "posto": "13,09"
    },{
      "rbr": 14,
      "naziv": "MARKO ŽAJA",
      "glasova": 107,
      "posto": "9,66"
    }]
  },{
    "rbr": 4,
    "stranke": [
      {"naziv": "MOST"},
      {"naziv": "HRVATSKI SUVERENISTI"},
      {"naziv": "HRVATSKA KONZERVATIVNA STRANKA - HKS"},
      {"naziv": "NEZAVISNA LISTA MLADIH - NLM"}
    ],
    "jedinstvenaSifra": "131165188263",
    "glasova": 1100,
    "naziv": "MOST, HRVATSKI SUVERENISTI, HKS, NLM",
    "posto": "10,49",
    "lista": [{
      "rbr": 1,
      "naziv": "BOŽO PETROV",
      "glasova": 491,
      "posto": "44,63"
    },{
      "rbr": 2,
      "naziv": "ANTE KUJUNDŽIĆ",
      "glasova": 25,
      "posto": "2,27"
    },{
      "rbr": 3,
      "naziv": "MILAN PERIŠIĆ",
      "glasova": 12,
      "posto": "1,09"
    },{
      "rbr": 4,
      "naziv": "TIHOMIR GALIĆ",
      "glasova": 11,
      "posto": "1,00"
    },{
      "rbr": 5,
      "naziv": "JOSIP MIKUŠ",
      "glasova": 4,
      "posto": "0,36"
    },{
      "rbr": 6,
      "naziv": "DAŠA DRAGNIĆ",
      "glasova": 9,
      "posto": "0,81"
    },{
      "rbr": 7,
      "naziv": "IVICA DAJAK",
      "glasova": 4,
      "posto": "0,36"
    },{
      "rbr": 8,
      "naziv": "ZVONIMIR NEDILJKO ČONDIĆ-GALINIČIĆ",
      "glasova": 7,
      "posto": "0,63"
    },{
      "rbr": 9,
      "naziv": "KRISTINA JERČIĆ",
      "glasova": 12,
      "posto": "1,09"
    },{
      "rbr": 10,
      "naziv": "PIA CVITKOVIĆ",
      "glasova": 14,
      "posto": "1,27"
    },{
      "rbr": 11,
      "naziv": "INDIRA ASANOVIĆ",
      "glasova": 12,
      "posto": "1,09"
    },{
      "rbr": 12,
      "naziv": "PAOLA MALIĆ",
      "glasova": 6,
      "posto": "0,54"
    },{
      "rbr": 13,
      "naziv": "IVANA PLOČKINIĆ",
      "glasova": 13,
      "posto": "1,18"
    },{
      "rbr": 14,
      "naziv": "MATEJAS JOZIPOVIĆ",
      "glasova": 33,
      "posto": "3,00"
    }]
  },{
    "rbr": 5,
    "stranke": [
      {"naziv": "MOŽEMO! - POLITIČKA PLATFORMA"},
      {"naziv": "SRĐ JE GRAD"}
    ],
    "jedinstvenaSifra": "255277",
    "glasova": 678,
    "naziv": "MOŽEMO! - POLITIČKA PLATFORMA, SRĐ JE GRAD",
    "posto": "6,46",
    "lista": [{
      "rbr": 1,
      "naziv": "ĐURO CAPOR",
      "glasova": 29,
      "posto": "4,27"
    },{
      "rbr": 2,
      "naziv": "TAMARA VISKOVIĆ",
      "glasova": 202,
      "posto": "29,79"
    },{
      "rbr": 3,
      "naziv": "IGRA ŠAIN KOVAČEVIĆ",
      "glasova": 10,
      "posto": "1,47"
    },{
      "rbr": 4,
      "naziv": "PETRA MARČINKO",
      "glasova": 11,
      "posto": "1,62"
    },{
      "rbr": 5,
      "naziv": "IVICA PROFACA",
      "glasova": 43,
      "posto": "6,34"
    },{
      "rbr": 6,
      "naziv": "VINKA LOZICA",
      "glasova": 2,
      "posto": "0,29"
    },{
      "rbr": 7,
      "naziv": "TANJA JADREŠIĆ",
      "glasova": 7,
      "posto": "1,03"
    },{
      "rbr": 8,
      "naziv": "IGOR MIOŠIĆ",
      "glasova": 0,
      "posto": "0,00"
    },{
      "rbr": 9,
      "naziv": "ŽASMINA PANKOVA POKROVAC",
      "glasova": 6,
      "posto": "0,88"
    },{
      "rbr": 10,
      "naziv": "STJEPAN MIŠIĆ",
      "glasova": 3,
      "posto": "0,44"
    },{
      "rbr": 11,
      "naziv": "MILANA ROMIĆ VIĐEN",
      "glasova": 2,
      "posto": "0,29"
    },{
      "rbr": 12,
      "naziv": "IVER PEŠUT",
      "glasova": 0,
      "posto": "0,00"
    },{
      "rbr": 13,
      "naziv": "MARIJA VUJOŠEVIĆ CARIĆ",
      "glasova": 5,
      "posto": "0,73"
    },{
      "rbr": 14,
      "naziv": "MARKO GILJAČA",
      "glasova": 6,
      "posto": "0,88"
    }]
  },{
    "rbr": 6,
    "stranke": [
      {"naziv": "RIČARD NEZAVISNI"}
    ],
    "jedinstvenaSifra": "313",
    "glasova": 376,
    "naziv": "RIČARD NEZAVISNI",
    "posto": "3,58",
    "lista": [{
      "rbr": 1,
      "naziv": "ENIO MEŠTROVIĆ",
      "glasova": 231,
      "posto": "61,43"
    },{
      "rbr": 2,
      "naziv": "SERGEJ KOZMI",
      "glasova": 5,
      "posto": "1,32"
    },{
      "rbr": 3,
      "naziv": "MARIO PRIŽMIĆ",
      "glasova": 1,
      "posto": "0,26"
    },{
      "rbr": 4,
      "naziv": "IVANA ČALJKUŠIĆ",
      "glasova": 1,
      "posto": "0,26"
    },{
      "rbr": 5,
      "naziv": "GORANA JURJEVIĆ",
      "glasova": 0,
      "posto": "0,00"
    },{
      "rbr": 6,
      "naziv": "JOSIP RADOJA",
      "glasova": 1,
      "posto": "0,26"
    },{
      "rbr": 7,
      "naziv": "MIA MIHANOVIĆ",
      "glasova": 1,
      "posto": "0,26"
    },{
      "rbr": 8,
      "naziv": "IVAN KNEZOVIĆ",
      "glasova": 4,
      "posto": "1,06"
    },{
      "rbr": 9,
      "naziv": "ŽELJKA BILANDŽIĆ",
      "glasova": 3,
      "posto": "0,79"
    },{
      "rbr": 10,
      "naziv": "IVANA BUZOV",
      "glasova": 0,
      "posto": "0,00"
    },{
      "rbr": 11,
      "naziv": "JOSIP ŠAKIĆ",
      "glasova": 0,
      "posto": "0,00"
    },{
      "rbr": 12,
      "naziv": "ANTE ČALJKUŠIĆ",
      "glasova": 0,
      "posto": "0,00"
    },{
      "rbr": 13,
      "naziv": "MARIJANA KANJER",
      "glasova": 0,
      "posto": "0,00"
    },{
      "rbr": 14,
      "naziv": "DRAGAN VESELIĆ",
      "glasova": 3,
      "posto": "0,79"
    }]
  },{
    "rbr": 7,
    "stranke": [
      {"naziv": "UMIROVLJENICI ZAJEDNO - POLITIČKA PLATFORMA - UMIROVLJENICI ZAJEDNO"},
      {"naziv": "STRANKA UMIROVLJENIKA - SU"},
      {"naziv": "BLOK UMIROVLJENICI ZAJEDNO - BUZ"},
      {"naziv": "DEMOKRATSKA STRANKA UMIROVLJENIKA - DSU"}
    ],
    "jedinstvenaSifra": "039041102301",
    "glasova": 239,
    "naziv": "UMIROVLJENICI ZAJEDNO, SU, BUZ, DSU",
    "posto": "2,28",
    "lista": [{
      "rbr": 1,
      "naziv": "IVANKA LUETIĆ BOBAN",
      "glasova": 74,
      "posto": "30,96"
    },{
      "rbr": 2,
      "naziv": "BORIS NIKOLIĆ-MALORA",
      "glasova": 2,
      "posto": "0,83"
    },{
      "rbr": 3,
      "naziv": "IVAN BUBALO",
      "glasova": 3,
      "posto": "1,25"
    },{
      "rbr": 4,
      "naziv": "FRANKO BARČOT",
      "glasova": 5,
      "posto": "2,09"
    },{
      "rbr": 5,
      "naziv": "MARKO KOVAČEVIĆ",
      "glasova": 6,
      "posto": "2,51"
    },{
      "rbr": 6,
      "naziv": "ANITA KOVAČ",
      "glasova": 9,
      "posto": "3,76"
    },{
      "rbr": 7,
      "naziv": "JASMINKA BUBIĆ",
      "glasova": 2,
      "posto": "0,83"
    },{
      "rbr": 8,
      "naziv": "IVAN IVAKIĆ",
      "glasova": 2,
      "posto": "0,83"
    },{
      "rbr": 9,
      "naziv": "DIJANA VIŠIĆ-VULJAN",
      "glasova": 3,
      "posto": "1,25"
    },{
      "rbr": 10,
      "naziv": "NEVENKA LISICA",
      "glasova": 1,
      "posto": "0,41"
    },{
      "rbr": 11,
      "naziv": "NINA BILANDŽIĆ",
      "glasova": 4,
      "posto": "1,67"
    },{
      "rbr": 12,
      "naziv": "VOJKO IVICA",
      "glasova": 1,
      "posto": "0,41"
    },{
      "rbr": 13,
      "naziv": "TONĆI MARINOVIĆ",
      "glasova": 2,
      "posto": "0,83"
    },{
      "rbr": 14,
      "naziv": "MIRKO KOZINA",
      "glasova": 4,
      "posto": "1,67"
    }]
  },{
    "rbr": 8,
    "stranke": [
      {"naziv": "ODLUČNOST I PRAVEDNOST - OIP"}
    ],
    "jedinstvenaSifra": "300",
    "glasova": 155,
    "naziv": "OIP",
    "posto": "1,47",
    "lista": [{
      "rbr": 1,
      "naziv": "JAKOV ČIČMIR",
      "glasova": 15,
      "posto": "9,67"
    },{
      "rbr": 2,
      "naziv": "MATE ČOBRNIĆ",
      "glasova": 1,
      "posto": "0,64"
    },{
      "rbr": 3,
      "naziv": "MINJA KARL",
      "glasova": 3,
      "posto": "1,93"
    },{
      "rbr": 4,
      "naziv": "MATE PLETIKOSIĆ",
      "glasova": 12,
      "posto": "7,74"
    },{
      "rbr": 5,
      "naziv": "ANĐELA IVANČIĆ",
      "glasova": 2,
      "posto": "1,29"
    },{
      "rbr": 6,
      "naziv": "MIRKO PETRUŠIĆ",
      "glasova": 0,
      "posto": "0,00"
    },{
      "rbr": 7,
      "naziv": "MARIJA SAMARDŽIĆ",
      "glasova": 3,
      "posto": "1,93"
    },{
      "rbr": 8,
      "naziv": "TONI ĆALETA",
      "glasova": 5,
      "posto": "3,22"
    },{
      "rbr": 9,
      "naziv": "DANIJELA MUCIĆ",
      "glasova": 3,
      "posto": "1,93"
    },{
      "rbr": 10,
      "naziv": "SLOBODAN VUKOTIĆ",
      "glasova": 0,
      "posto": "0,00"
    },{
      "rbr": 11,
      "naziv": "MILJENKO VARNICA",
      "glasova": 0,
      "posto": "0,00"
    },{
      "rbr": 12,
      "naziv": "MARTA ZONJIĆ",
      "glasova": 0,
      "posto": "0,00"
    },{
      "rbr": 13,
      "naziv": "LORENZA MILETIĆ",
      "glasova": 2,
      "posto": "1,29"
    },{
      "rbr": 14,
      "naziv": "DAVOR KARNINČIĆ",
      "glasova": 8,
      "posto": "5,16"
    }]
  },{
    "rbr": 9,
    "stranke": [
      {"naziv": "RADNIČKA FRONTA - RF"}
    ],
    "jedinstvenaSifra": "168",
    "glasova": 83,
    "naziv": "RF",
    "posto": "0,79",
    "lista": [{
      "rbr": 1,
      "naziv": "ZORAN RADMAN",
      "glasova": 10,
      "posto": "12,04"
    },{
      "rbr": 2,
      "naziv": "PETRA BOŽANJA",
      "glasova": 3,
      "posto": "3,61"
    },{
      "rbr": 3,
      "naziv": "ĐILDO BAVČEVIĆ",
      "glasova": 2,
      "posto": "2,40"
    },{
      "rbr": 4,
      "naziv": "MIRNA PAPUGA",
      "glasova": 0,
      "posto": "0,00"
    },{
      "rbr": 5,
      "naziv": "FILIP BOROVIĆ",
      "glasova": 1,
      "posto": "1,20"
    },{
      "rbr": 6,
      "naziv": "TIJANA NOVAKOVIĆ",
      "glasova": 0,
      "posto": "0,00"
    },{
      "rbr": 7,
      "naziv": "DAMIR MILIŠA",
      "glasova": 1,
      "posto": "1,20"
    },{
      "rbr": 8,
      "naziv": "BLAŽENA RADAS",
      "glasova": 0,
      "posto": "0,00"
    },{
      "rbr": 9,
      "naziv": "JAN TEŽAK",
      "glasova": 0,
      "posto": "0,00"
    },{
      "rbr": 10,
      "naziv": "TINA GETO",
      "glasova": 2,
      "posto": "2,40"
    },{
      "rbr": 11,
      "naziv": "TEO MARINKOVIĆ",
      "glasova": 1,
      "posto": "1,20"
    },{
      "rbr": 12,
      "naziv": "JOVANKA VULIĆ",
      "glasova": 3,
      "posto": "3,61"
    },{
      "rbr": 13,
      "naziv": "JAN LJUBAS",
      "glasova": 0,
      "posto": "0,00"
    },{
      "rbr": 14,
      "naziv": "IVICA ANIĆ",
      "glasova": 4,
      "posto": "4,81"
    }]
  },{
    "rbr": 10,
    "stranke": [
      {"naziv": "HRVATSKA STRANKA PRAVA - HSP"},
      {"naziv": "HRVATSKO BILO"},
      {"naziv": "HRVATSKA DEMOKRATSKA SELJAČKA STRANKA - HDSS"}
    ],
    "jedinstvenaSifra": "007018308",
    "glasova": 68,
    "naziv": "HSP, HRVATSKO BILO, HDSS",
    "posto": "0,64",
    "lista": [{
      "rbr": 1,
      "naziv": "LUKA ROGULJIĆ",
      "glasova": 17,
      "posto": "25,00"
    },{
      "rbr": 2,
      "naziv": "KAŽIMIR TOMASOVIĆ",
      "glasova": 2,
      "posto": "2,94"
    },{
      "rbr": 3,
      "naziv": "GORDANA BOŽIKOVIĆ",
      "glasova": 1,
      "posto": "1,47"
    },{
      "rbr": 4,
      "naziv": "ANTE GRUBIŠIĆ",
      "glasova": 3,
      "posto": "4,41"
    },{
      "rbr": 5,
      "naziv": "STJEPAN LASIĆ",
      "glasova": 0,
      "posto": "0,00"
    },{
      "rbr": 6,
      "naziv": "MARKO JONJIĆ",
      "glasova": 0,
      "posto": "0,00"
    },{
      "rbr": 7,
      "naziv": "ŽANA JOVIĆ",
      "glasova": 0,
      "posto": "0,00"
    },{
      "rbr": 8,
      "naziv": "MARIO GALOV",
      "glasova": 0,
      "posto": "0,00"
    },{
      "rbr": 9,
      "naziv": "SLAVEN MARŠIĆ",
      "glasova": 0,
      "posto": "0,00"
    },{
      "rbr": 10,
      "naziv": "IVA BOROVINA",
      "glasova": 0,
      "posto": "0,00"
    },{
      "rbr": 11,
      "naziv": "MATIJA STIPETIĆ",
      "glasova": 0,
      "posto": "0,00"
    },{
      "rbr": 12,
      "naziv": "DANICA PLASTIĆ",
      "glasova": 6,
      "posto": "8,82"
    },{
      "rbr": 13,
      "naziv": "DANIJELA ŠEVERDIJA",
      "glasova": 0,
      "posto": "0,00"
    },{
      "rbr": 14,
      "naziv": "BRUNA ESIH",
      "glasova": 18,
      "posto": "26,47"
    }]
  },{
    "rbr": 11,
    "stranke": [
      {"naziv": "STRANKA IVANA PERNARA"}
    ],
    "jedinstvenaSifra": "259",
    "glasova": 65,
    "naziv": "STRANKA IVANA PERNARA",
    "posto": "0,62",
    "lista": [{
      "rbr": 1,
      "naziv": "PETAR VUJAKLIJA",
      "glasova": 7,
      "posto": "10,76"
    },{
      "rbr": 2,
      "naziv": "AVA KARABATIĆ",
      "glasova": 27,
      "posto": "41,53"
    },{
      "rbr": 3,
      "naziv": "LILJANA PERNAR",
      "glasova": 2,
      "posto": "3,07"
    },{
      "rbr": 4,
      "naziv": "STIPE TOMAŠEVIĆ",
      "glasova": 0,
      "posto": "0,00"
    },{
      "rbr": 5,
      "naziv": "MARKO VUČKOVIĆ",
      "glasova": 0,
      "posto": "0,00"
    },{
      "rbr": 6,
      "naziv": "MAJA ANDRIĆ",
      "glasova": 0,
      "posto": "0,00"
    },{
      "rbr": 7,
      "naziv": "JOSIP ŠIMAC",
      "glasova": 0,
      "posto": "0,00"
    },{
      "rbr": 8,
      "naziv": "IVICA KELAVA",
      "glasova": 0,
      "posto": "0,00"
    },{
      "rbr": 9,
      "naziv": "TONI RAKIĆ",
      "glasova": 0,
      "posto": "0,00"
    },{
      "rbr": 10,
      "naziv": "KATICA VUJAKLIJA",
      "glasova": 0,
      "posto": "0,00"
    },{
      "rbr": 11,
      "naziv": "JULIJAN PRANJIĆ",
      "glasova": 0,
      "posto": "0,00"
    },{
      "rbr": 12,
      "naziv": "MARIO MAREVIĆ",
      "glasova": 0,
      "posto": "0,00"
    },{
      "rbr": 13,
      "naziv": "MARIJANA KATALENIĆ",
      "glasova": 0,
      "posto": "0,00"
    },{
      "rbr": 14,
      "naziv": "SVJETLANA STRAGA",
      "glasova": 0,
      "posto": "0,00"
    }]
  },{
    "rbr": 12,
    "stranke": [
      {"naziv": "DALMATINSKA AKCIJA - DA"}
    ],
    "jedinstvenaSifra": "296",
    "glasova": 52,
    "naziv": "DA",
    "posto": "0,49",
    "lista": [{
      "rbr": 1,
      "naziv": "NINO AVIANI",
      "glasova": 2,
      "posto": "3,84"
    },{
      "rbr": 2,
      "naziv": "DAMIR ŠALOV",
      "glasova": 1,
      "posto": "1,92"
    },{
      "rbr": 3,
      "naziv": "SRĐAN BENZON",
      "glasova": 0,
      "posto": "0,00"
    },{
      "rbr": 4,
      "naziv": "JASMINA VUKOVIĆ",
      "glasova": 1,
      "posto": "1,92"
    },{
      "rbr": 5,
      "naziv": "LJILJANA ŠUĆUR",
      "glasova": 5,
      "posto": "9,61"
    },{
      "rbr": 6,
      "naziv": "DOMAGOJ MIJAN",
      "glasova": 0,
      "posto": "0,00"
    },{
      "rbr": 7,
      "naziv": "ŽELJKA MEDIĆ",
      "glasova": 0,
      "posto": "0,00"
    },{
      "rbr": 8,
      "naziv": "JELENA BAKOTIN RUŽIČIĆ",
      "glasova": 0,
      "posto": "0,00"
    },{
      "rbr": 9,
      "naziv": "MAJA ANTONINI",
      "glasova": 1,
      "posto": "1,92"
    },{
      "rbr": 10,
      "naziv": "DUŠAN RADICA",
      "glasova": 1,
      "posto": "1,92"
    },{
      "rbr": 11,
      "naziv": "ANTONIO KULIĆ",
      "glasova": 2,
      "posto": "3,84"
    },{
      "rbr": 12,
      "naziv": "BRANKA KUZMAN",
      "glasova": 2,
      "posto": "3,84"
    },{
      "rbr": 13,
      "naziv": "DRAGAN MARTINOVIĆ",
      "glasova": 2,
      "posto": "3,84"
    },{
      "rbr": 14,
      "naziv": "STANICA ČIP",
      "glasova": 3,
      "posto": "5,76"
    }]
  },{
    "rbr": 13,
    "stranke": [
      {"naziv": "FOKUS"},
      {"naziv": "REPUBLIKA"}
    ],
    "jedinstvenaSifra": "270310",
    "glasova": 48,
    "naziv": "FOKUS, REPUBLIKA",
    "posto": "0,45",
    "lista": [{
      "rbr": 1,
      "naziv": "MATO PAVLIČEVIĆ",
      "glasova": 6,
      "posto": "12,50"
    },{
      "rbr": 2,
      "naziv": "ANTE MLADINIĆ",
      "glasova": 6,
      "posto": "12,50"
    },{
      "rbr": 3,
      "naziv": "MIROSLAV PAVLOVIĆ",
      "glasova": 0,
      "posto": "0,00"
    },{
      "rbr": 4,
      "naziv": "NIKOLINA BILIĆ POLJANIĆ",
      "glasova": 0,
      "posto": "0,00"
    },{
      "rbr": 5,
      "naziv": "RANKA CVITANOVIĆ",
      "glasova": 0,
      "posto": "0,00"
    },{
      "rbr": 6,
      "naziv": "MAJA BOSNIĆ TABAIN",
      "glasova": 3,
      "posto": "6,25"
    },{
      "rbr": 7,
      "naziv": "SANDRA TABAIN",
      "glasova": 0,
      "posto": "0,00"
    },{
      "rbr": 8,
      "naziv": "JAKOV JURČEVIĆ",
      "glasova": 0,
      "posto": "0,00"
    },{
      "rbr": 9,
      "naziv": "SANDA SMOLČIĆ ODAK",
      "glasova": 1,
      "posto": "2,08"
    },{
      "rbr": 10,
      "naziv": "JORDAN ATANASOSKI",
      "glasova": 1,
      "posto": "2,08"
    },{
      "rbr": 11,
      "naziv": "IVANA HREN",
      "glasova": 0,
      "posto": "0,00"
    },{
      "rbr": 12,
      "naziv": "IVANA JERKOVIĆ",
      "glasova": 1,
      "posto": "2,08"
    },{
      "rbr": 13,
      "naziv": "SNJEŽANA JURKOVIĆ",
      "glasova": 0,
      "posto": "0,00"
    },{
      "rbr": 14,
      "naziv": "MARIJO VOLAREVIĆ",
      "glasova": 0,
      "posto": "0,00"
    }]
  },{
    "rbr": 14,
    "stranke": [
      {"naziv": "SOCIJALDEMOKRATI"},
      {"naziv": "ISTARSKI DEMOKRATSKI SABOR - IDS"},
      {"naziv": "PRIMORSKO GORANSKI SAVEZ - PGS"},
      {"naziv": "HRVATSKI LABURISTI - STRANKA RADA - LABURISTI"},
      {"naziv": "DEMOKRATI"}
    ],
    "jedinstvenaSifra": "005006100251299",
    "glasova": 48,
    "naziv": "SOCIJALDEMOKRATI, IDS, PGS, LABURISTI, DEMOKRATI",
    "posto": "0,45",
    "lista": [{
      "rbr": 1,
      "naziv": "KUZMA TOMAŠIĆ",
      "glasova": 5,
      "posto": "10,41"
    },{
      "rbr": 2,
      "naziv": "KATICA GLAMUZINA",
      "glasova": 3,
      "posto": "6,25"
    },{
      "rbr": 3,
      "naziv": "MARINA BRATIĆ",
      "glasova": 0,
      "posto": "0,00"
    },{
      "rbr": 4,
      "naziv": "DANIJELA BARBIR",
      "glasova": 4,
      "posto": "8,33"
    },{
      "rbr": 5,
      "naziv": "MIRA MOROVIĆ",
      "glasova": 1,
      "posto": "2,08"
    },{
      "rbr": 6,
      "naziv": "BORIS DUČIĆ",
      "glasova": 1,
      "posto": "2,08"
    },{
      "rbr": 7,
      "naziv": "FEĐA BONE",
      "glasova": 6,
      "posto": "12,50"
    },{
      "rbr": 8,
      "naziv": "MATO MARLAIS",
      "glasova": 0,
      "posto": "0,00"
    },{
      "rbr": 9,
      "naziv": "VIŠNJA VLADUŠIĆ",
      "glasova": 0,
      "posto": "0,00"
    },{
      "rbr": 10,
      "naziv": "BRANKO MILARDOVIĆ",
      "glasova": 0,
      "posto": "0,00"
    },{
      "rbr": 11,
      "naziv": "NENAD HERVATIN",
      "glasova": 1,
      "posto": "2,08"
    },{
      "rbr": 12,
      "naziv": "ZLATKO MARGAN",
      "glasova": 0,
      "posto": "0,00"
    },{
      "rbr": 13,
      "naziv": "LJILJA MIKAŠINOVIĆ",
      "glasova": 0,
      "posto": "0,00"
    },{
      "rbr": 14,
      "naziv": "IVAN ČIZMIĆ",
      "glasova": 1,
      "posto": "2,08"
    }]
  },{
    "rbr": 15,
    "stranke": [
      {"naziv": "AUTOHTONA - HRVATSKA STRANKA PRAVA - DRAŽEN KELEMINEC - A - HSP - Dražen Keleminec"}
    ],
    "jedinstvenaSifra": "049",
    "glasova": 30,
    "naziv": "A - HSP - Dražen Keleminec",
    "posto": "0,28",
    "lista": [{
      "rbr": 1,
      "naziv": "NENO DOŽDOR",
      "glasova": 6,
      "posto": "20,00"
    },{
      "rbr": 2,
      "naziv": "DAVOR MAJIĆ",
      "glasova": 1,
      "posto": "3,33"
    },{
      "rbr": 3,
      "naziv": "DOBRILA KUDUZ",
      "glasova": 2,
      "posto": "6,66"
    },{
      "rbr": 4,
      "naziv": "DAMIR KULIŠIĆ",
      "glasova": 0,
      "posto": "0,00"
    },{
      "rbr": 5,
      "naziv": "MARIO VELA",
      "glasova": 1,
      "posto": "3,33"
    },{
      "rbr": 6,
      "naziv": "ANDREA PAVLETIĆ",
      "glasova": 5,
      "posto": "16,66"
    },{
      "rbr": 7,
      "naziv": "MIRO MATEŠAN",
      "glasova": 1,
      "posto": "3,33"
    },{
      "rbr": 8,
      "naziv": "ANTONIA DURDOV",
      "glasova": 0,
      "posto": "0,00"
    },{
      "rbr": 9,
      "naziv": "EMILIANO ŠTIMAC",
      "glasova": 0,
      "posto": "0,00"
    },{
      "rbr": 10,
      "naziv": "MIRJANA KULIŠIĆ",
      "glasova": 0,
      "posto": "0,00"
    },{
      "rbr": 11,
      "naziv": "IVICA RAMLJAK",
      "glasova": 1,
      "posto": "3,33"
    },{
      "rbr": 12,
      "naziv": "MARTA MAJIĆ",
      "glasova": 1,
      "posto": "3,33"
    },{
      "rbr": 13,
      "naziv": "GROZDANA MATEŠAN",
      "glasova": 0,
      "posto": "0,00"
    },{
      "rbr": 14,
      "naziv": "DRAGAN NIZIĆ",
      "glasova": 0,
      "posto": "0,00"
    }]
  },{
    "rbr": 16,
    "stranke": [
      {"naziv": "SOCIJALISTIČKA RADNIČKA PARTIJA HRVATSKE - SRP"}
    ],
    "jedinstvenaSifra": "029",
    "glasova": 26,
    "naziv": "SRP",
    "posto": "0,24",
    "lista": [{
      "rbr": 1,
      "naziv": "IVAN GRBEC",
      "glasova": 5,
      "posto": "19,23"
    },{
      "rbr": 2,
      "naziv": "MARKO VESELINOVIĆ",
      "glasova": 1,
      "posto": "3,84"
    },{
      "rbr": 3,
      "naziv": "ANA LUNIĆ",
      "glasova": 0,
      "posto": "0,00"
    },{
      "rbr": 4,
      "naziv": "DRAGO MINDOLJEVIĆ",
      "glasova": 0,
      "posto": "0,00"
    },{
      "rbr": 5,
      "naziv": "ŽIVANA ŠAŠLIĆ",
      "glasova": 0,
      "posto": "0,00"
    },{
      "rbr": 6,
      "naziv": "ALEKSANDRA PREININGER",
      "glasova": 0,
      "posto": "0,00"
    },{
      "rbr": 7,
      "naziv": "ŠIME GULIN",
      "glasova": 0,
      "posto": "0,00"
    },{
      "rbr": 8,
      "naziv": "SUZANA NEDIĆ",
      "glasova": 1,
      "posto": "3,84"
    },{
      "rbr": 9,
      "naziv": "NEVENKA BARIŠIĆ",
      "glasova": 0,
      "posto": "0,00"
    },{
      "rbr": 10,
      "naziv": "MATE ČULIĆ",
      "glasova": 0,
      "posto": "0,00"
    },{
      "rbr": 11,
      "naziv": "BISERKA ADORIĆ",
      "glasova": 0,
      "posto": "0,00"
    },{
      "rbr": 12,
      "naziv": "JUSTINA KORDIŠ",
      "glasova": 0,
      "posto": "0,00"
    },{
      "rbr": 13,
      "naziv": "MIJO JURETIĆ",
      "glasova": 0,
      "posto": "0,00"
    },{
      "rbr": 14,
      "naziv": "RANKO ADORIĆ",
      "glasova": 1,
      "posto": "3,84"
    }]
  },{
    "rbr": 17,
    "stranke": [
      {"naziv": "JAVNO DOBRO"}
    ],
    "jedinstvenaSifra": "309",
    "glasova": 18,
    "naziv": "JAVNO DOBRO",
    "posto": "0,17",
    "lista": [{
      "rbr": 1,
      "naziv": "VLADIMIRA MASCARELL",
      "glasova": 4,
      "posto": "22,22"
    },{
      "rbr": 2,
      "naziv": "ELEONORA MANDIĆ",
      "glasova": 1,
      "posto": "5,55"
    },{
      "rbr": 3,
      "naziv": "ANA DOMANČIĆ KRSTULOVIĆ",
      "glasova": 3,
      "posto": "16,66"
    },{
      "rbr": 4,
      "naziv": "JOZO BAN",
      "glasova": 1,
      "posto": "5,55"
    },{
      "rbr": 5,
      "naziv": "MIROSLAVA ZENČIĆ",
      "glasova": 0,
      "posto": "0,00"
    },{
      "rbr": 6,
      "naziv": "LEO LJEPOTIĆ",
      "glasova": 0,
      "posto": "0,00"
    },{
      "rbr": 7,
      "naziv": "TOMO ŠARIĆ",
      "glasova": 0,
      "posto": "0,00"
    },{
      "rbr": 8,
      "naziv": "VESNA ROŽIĆ",
      "glasova": 1,
      "posto": "5,55"
    },{
      "rbr": 9,
      "naziv": "LUKA JURLIN",
      "glasova": 0,
      "posto": "0,00"
    },{
      "rbr": 10,
      "naziv": "JAKICA CETINIĆ",
      "glasova": 0,
      "posto": "0,00"
    },{
      "rbr": 11,
      "naziv": "RENATO COTTIERO",
      "glasova": 0,
      "posto": "0,00"
    },{
      "rbr": 12,
      "naziv": "ANTONIA GRANCARIĆ",
      "glasova": 0,
      "posto": "0,00"
    },{
      "rbr": 13,
      "naziv": "ŽELJKO ILIĆ",
      "glasova": 0,
      "posto": "0,00"
    },{
      "rbr": 14,
      "naziv": "IVAN ĆUSTIĆ",
      "glasova": 0,
      "posto": "0,00"
    }]
  }]
}
