{
  "izbori": "Zastupnički izbori 2024",
  "datum": "17.04.2024.",
  "vrijeme": "21:15",
  "izboriOznaka": "02",
  "ijSifra": "005",
  "bmSifra": "000",
  "ijNaziv": "V. IZBORNA JEDINICA",
  "gropNaziv": "",
  "bmNaziv": "",
  "bmZatvoreno": 436,
  "bmUkupno": 1063,
  "biraciUkupno": 89410,
  "biraciGlasovalo": 47004,
  "biraciGlasovaloPosto": "52,57",
  "listiciUkupno": 46997,
  "listiciVazeci": 45289,
  "listiciVazeciPosto": "96,37",
  "listiciNevazeci": 1708,
  "listiciNevazeciPosto": "3,63",
  "napomena": "* - objavljeni rezultati sadrže i podatke s posebnih biračkih mjesta te s biračkih mjesta u inozemstvu",
  "napomena2": "",
  "lista": [{
    "rbr": 1,
    "stranke": [
      {"naziv": "HRVATSKA DEMOKRATSKA ZAJEDNICA - HDZ"},
      {"naziv": "HRVATSKA SOCIJALNO - LIBERALNA STRANKA - HSLS"},
      {"naziv": "HRVATSKA DEMOKRŠĆANSKA STRANKA - HDS"},
      {"naziv": "HRVATSKA NARODNA STRANKA - LIBERALNI DEMOKRATI - HNS"},
      {"naziv": "HRVATSKA STRANKA UMIROVLJENIKA - HSU"}
    ],
    "jedinstvenaSifra": "001002003011023",
    "glasova": 20792,
    "naziv": "HDZ, HSLS, HDS, HNS, HSU",
    "posto": "45,90",
    "lista": [{
      "rbr": 1,
      "naziv": "MARIN PILETIĆ",
      "glasova": 3680,
      "posto": "17,69"
    },{
      "rbr": 2,
      "naziv": "IVAN BOSANČIĆ",
      "glasova": 1128,
      "posto": "5,42"
    },{
      "rbr": 3,
      "naziv": "PERO ĆOSIĆ",
      "glasova": 856,
      "posto": "4,11"
    },{
      "rbr": 4,
      "naziv": "ANTONIJA JOZIĆ",
      "glasova": 1149,
      "posto": "5,52"
    },{
      "rbr": 5,
      "naziv": "NIKOLA MAŽAR",
      "glasova": 336,
      "posto": "1,61"
    },{
      "rbr": 6,
      "naziv": "DANIJEL MARUŠIĆ",
      "glasova": 2275,
      "posto": "10,94"
    },{
      "rbr": 7,
      "naziv": "ŽELJKO GLAVIĆ",
      "glasova": 263,
      "posto": "1,26"
    },{
      "rbr": 8,
      "naziv": "JOSIP ŠARIĆ",
      "glasova": 1438,
      "posto": "6,91"
    },{
      "rbr": 9,
      "naziv": "TOMISLAV ZADRO",
      "glasova": 374,
      "posto": "1,79"
    },{
      "rbr": 10,
      "naziv": "ANKICA ZMAIĆ",
      "glasova": 225,
      "posto": "1,08"
    },{
      "rbr": 11,
      "naziv": "ANAMARIJA BLAŽEVIĆ",
      "glasova": 353,
      "posto": "1,69"
    },{
      "rbr": 12,
      "naziv": "SANDA LIVIA MADUNA",
      "glasova": 209,
      "posto": "1,00"
    },{
      "rbr": 13,
      "naziv": "PETAR ŠIMIĆ",
      "glasova": 304,
      "posto": "1,46"
    },{
      "rbr": 14,
      "naziv": "JOSIP SAMARDŽIĆ",
      "glasova": 763,
      "posto": "3,66"
    }]
  },{
    "rbr": 2,
    "stranke": [
      {"naziv": "DOMOVINSKI POKRET - DP"},
      {"naziv": "PRAVO I PRAVDA"}
    ],
    "jedinstvenaSifra": "267312",
    "glasova": 8237,
    "naziv": "DP, PRAVO I PRAVDA",
    "posto": "18,18",
    "lista": [{
      "rbr": 1,
      "naziv": "IVAN PENAVA",
      "glasova": 4559,
      "posto": "55,34"
    },{
      "rbr": 2,
      "naziv": "JOSIP DABRO",
      "glasova": 265,
      "posto": "3,21"
    },{
      "rbr": 3,
      "naziv": "DUBRAVKA LIPOVAC PEHAR",
      "glasova": 172,
      "posto": "2,08"
    },{
      "rbr": 4,
      "naziv": "IVANA MUJKIĆ",
      "glasova": 65,
      "posto": "0,78"
    },{
      "rbr": 5,
      "naziv": "BRANKA LOZO",
      "glasova": 82,
      "posto": "0,99"
    },{
      "rbr": 6,
      "naziv": "GORAN RIBIČIĆ",
      "glasova": 70,
      "posto": "0,84"
    },{
      "rbr": 7,
      "naziv": "JOSIP KRPAN",
      "glasova": 67,
      "posto": "0,81"
    },{
      "rbr": 8,
      "naziv": "IVANA PAVLIĆ",
      "glasova": 21,
      "posto": "0,25"
    },{
      "rbr": 9,
      "naziv": "DRAŽENKO KLJAJIĆ",
      "glasova": 50,
      "posto": "0,60"
    },{
      "rbr": 10,
      "naziv": "GORAN KAJKIĆ",
      "glasova": 244,
      "posto": "2,96"
    },{
      "rbr": 11,
      "naziv": "MILENKO BILIĆ",
      "glasova": 66,
      "posto": "0,80"
    },{
      "rbr": 12,
      "naziv": "NIKOLINA GALOVIĆ",
      "glasova": 26,
      "posto": "0,31"
    },{
      "rbr": 13,
      "naziv": "SLAVKO GRGIĆ",
      "glasova": 130,
      "posto": "1,57"
    },{
      "rbr": 14,
      "naziv": "DAMIR TRNAČIĆ",
      "glasova": 105,
      "posto": "1,27"
    }]
  },{
    "rbr": 3,
    "stranke": [
      {"naziv": "SOCIJALDEMOKRATSKA PARTIJA HRVATSKE - SDP"},
      {"naziv": "CENTAR"},
      {"naziv": "HRVATSKA SELJAČKA STRANKA - HSS"},
      {"naziv": "\"DALIJA OREŠKOVIĆ I LJUDI S IMENOM I PREZIMENOM\" - \"DO i SIP\""},
      {"naziv": "NARODNA STRANKA - REFORMISTI - REFORMISTI"},
      {"naziv": "GRAĐANSKO-LIBERALNI SAVEZ - GLAS"}
    ],
    "jedinstvenaSifra": "004017162179244306",
    "glasova": 7926,
    "naziv": "SDP, CENTAR, HSS, \"DO i SIP\", REFORMISTI, GLAS",
    "posto": "17,50",
    "lista": [{
      "rbr": 1,
      "naziv": "PREDRAG FRED MATIĆ",
      "glasova": 2796,
      "posto": "35,27"
    },{
      "rbr": 2,
      "naziv": "MARTINA VLAŠIĆ ILJKIĆ",
      "glasova": 202,
      "posto": "2,54"
    },{
      "rbr": 3,
      "naziv": "MARIO MILINKOVIĆ",
      "glasova": 322,
      "posto": "4,06"
    },{
      "rbr": 4,
      "naziv": "JOSIP ŠTOREK",
      "glasova": 433,
      "posto": "5,46"
    },{
      "rbr": 5,
      "naziv": "BILJANA GAĆA",
      "glasova": 119,
      "posto": "1,50"
    },{
      "rbr": 6,
      "naziv": "MARKO KRIČKA",
      "glasova": 20,
      "posto": "0,25"
    },{
      "rbr": 7,
      "naziv": "IVANA RIBARIĆ MAJANOVIĆ",
      "glasova": 186,
      "posto": "2,34"
    },{
      "rbr": 8,
      "naziv": "MITAR OBRADOVIĆ",
      "glasova": 92,
      "posto": "1,16"
    },{
      "rbr": 9,
      "naziv": "SLAVICA NIKŠIĆ",
      "glasova": 66,
      "posto": "0,83"
    },{
      "rbr": 10,
      "naziv": "DINKO ZIMA",
      "glasova": 65,
      "posto": "0,82"
    },{
      "rbr": 11,
      "naziv": "AGICA FERIĆ",
      "glasova": 51,
      "posto": "0,64"
    },{
      "rbr": 12,
      "naziv": "ANTO RAVLIĆ",
      "glasova": 79,
      "posto": "0,99"
    },{
      "rbr": 13,
      "naziv": "IRENKA MILOBARA",
      "glasova": 33,
      "posto": "0,41"
    },{
      "rbr": 14,
      "naziv": "JOSIP KRNIĆ",
      "glasova": 388,
      "posto": "4,89"
    }]
  },{
    "rbr": 4,
    "stranke": [
      {"naziv": "MOST"},
      {"naziv": "HRVATSKI SUVERENISTI"},
      {"naziv": "HRVATSKA KONZERVATIVNA STRANKA - HKS"},
      {"naziv": "NEZAVISNA LISTA MLADIH - NLM"}
    ],
    "jedinstvenaSifra": "131165188263",
    "glasova": 3505,
    "naziv": "MOST, HRVATSKI SUVERENISTI, HKS, NLM",
    "posto": "7,73",
    "lista": [{
      "rbr": 1,
      "naziv": "MARIJAN PAVLIČEK",
      "glasova": 724,
      "posto": "20,65"
    },{
      "rbr": 2,
      "naziv": "KRISTINA BAKULA",
      "glasova": 281,
      "posto": "8,01"
    },{
      "rbr": 3,
      "naziv": "PREDRAG LIVAK",
      "glasova": 71,
      "posto": "2,02"
    },{
      "rbr": 4,
      "naziv": "ANTONIO ŠARIĆ",
      "glasova": 64,
      "posto": "1,82"
    },{
      "rbr": 5,
      "naziv": "MARTIN KORDIĆ",
      "glasova": 239,
      "posto": "6,81"
    },{
      "rbr": 6,
      "naziv": "MATIJA JOŠIĆ",
      "glasova": 32,
      "posto": "0,91"
    },{
      "rbr": 7,
      "naziv": "MIRTA ARLOVIĆ",
      "glasova": 42,
      "posto": "1,19"
    },{
      "rbr": 8,
      "naziv": "NIKOLINA ŠARIĆ",
      "glasova": 37,
      "posto": "1,05"
    },{
      "rbr": 9,
      "naziv": "JASNA VUKOVIĆ",
      "glasova": 27,
      "posto": "0,77"
    },{
      "rbr": 10,
      "naziv": "VEDRANA VONDRAK",
      "glasova": 27,
      "posto": "0,77"
    },{
      "rbr": 11,
      "naziv": "MIHAEL BANOVIĆ",
      "glasova": 22,
      "posto": "0,62"
    },{
      "rbr": 12,
      "naziv": "SANELA GRUIĆ",
      "glasova": 17,
      "posto": "0,48"
    },{
      "rbr": 13,
      "naziv": "MIJO RUF",
      "glasova": 20,
      "posto": "0,57"
    },{
      "rbr": 14,
      "naziv": "NIKOLA KAJKIĆ",
      "glasova": 506,
      "posto": "14,43"
    }]
  },{
    "rbr": 5,
    "stranke": [
      {"naziv": "MOŽEMO! - POLITIČKA PLATFORMA"},
      {"naziv": "HOĆEMO PRAVEDNO"}
    ],
    "jedinstvenaSifra": "255297",
    "glasova": 1133,
    "naziv": "MOŽEMO! - POLITIČKA PLATFORMA, HOĆEMO PRAVEDNO",
    "posto": "2,50",
    "lista": [{
      "rbr": 1,
      "naziv": "MIRA ANIĆ",
      "glasova": 149,
      "posto": "13,15"
    },{
      "rbr": 2,
      "naziv": "DAVOR CIBULA",
      "glasova": 55,
      "posto": "4,85"
    },{
      "rbr": 3,
      "naziv": "BOJANA BILIĆ",
      "glasova": 24,
      "posto": "2,11"
    },{
      "rbr": 4,
      "naziv": "GORAN BOŽIČEVIĆ",
      "glasova": 12,
      "posto": "1,05"
    },{
      "rbr": 5,
      "naziv": "ZDENKA BLAŽEKOVIĆ",
      "glasova": 23,
      "posto": "2,03"
    },{
      "rbr": 6,
      "naziv": "PAVAO JOSIĆ",
      "glasova": 12,
      "posto": "1,05"
    },{
      "rbr": 7,
      "naziv": "TATJANA DRAŽENOVIĆ",
      "glasova": 21,
      "posto": "1,85"
    },{
      "rbr": 8,
      "naziv": "MICHELLE WIESENAUER",
      "glasova": 19,
      "posto": "1,67"
    },{
      "rbr": 9,
      "naziv": "DARKO ŠVELEC",
      "glasova": 3,
      "posto": "0,26"
    },{
      "rbr": 10,
      "naziv": "NIVES MIOŠIĆ-LISJAK",
      "glasova": 11,
      "posto": "0,97"
    },{
      "rbr": 11,
      "naziv": "MISLAV ŠAJATOVIĆ ŠUBA",
      "glasova": 7,
      "posto": "0,61"
    },{
      "rbr": 12,
      "naziv": "NATAŠA PAVIČIĆ",
      "glasova": 22,
      "posto": "1,94"
    },{
      "rbr": 13,
      "naziv": "DIJANA DORONTIĆ-RAŠKOVIĆ",
      "glasova": 11,
      "posto": "0,97"
    },{
      "rbr": 14,
      "naziv": "SINIŠA IVANKOVIĆ",
      "glasova": 16,
      "posto": "1,41"
    }]
  },{
    "rbr": 6,
    "stranke": [
      {"naziv": "UMIROVLJENICI ZAJEDNO - POLITIČKA PLATFORMA - UMIROVLJENICI ZAJEDNO"},
      {"naziv": "STRANKA UMIROVLJENIKA - SU"},
      {"naziv": "BLOK UMIROVLJENICI ZAJEDNO - BUZ"},
      {"naziv": "DEMOKRATSKA STRANKA UMIROVLJENIKA - DSU"}
    ],
    "jedinstvenaSifra": "039041102301",
    "glasova": 923,
    "naziv": "UMIROVLJENICI ZAJEDNO, SU, BUZ, DSU",
    "posto": "2,03",
    "lista": [{
      "rbr": 1,
      "naziv": "JOSIP MIJADŽIKOVIĆ",
      "glasova": 175,
      "posto": "18,95"
    },{
      "rbr": 2,
      "naziv": "JOSIPA JOSIPOVIĆ",
      "glasova": 67,
      "posto": "7,25"
    },{
      "rbr": 3,
      "naziv": "ZDENKA KESAK",
      "glasova": 25,
      "posto": "2,70"
    },{
      "rbr": 4,
      "naziv": "JOSIP JOSIĆ",
      "glasova": 27,
      "posto": "2,92"
    },{
      "rbr": 5,
      "naziv": "ANTUN MIHIĆ",
      "glasova": 22,
      "posto": "2,38"
    },{
      "rbr": 6,
      "naziv": "BLAŽENKA TOKIĆ",
      "glasova": 28,
      "posto": "3,03"
    },{
      "rbr": 7,
      "naziv": "TOMO RIVIĆ",
      "glasova": 8,
      "posto": "0,86"
    },{
      "rbr": 8,
      "naziv": "SNJEŽANA GOBAC",
      "glasova": 5,
      "posto": "0,54"
    },{
      "rbr": 9,
      "naziv": "MIRKO FEDAK",
      "glasova": 15,
      "posto": "1,62"
    },{
      "rbr": 10,
      "naziv": "LJUBICA VAROŠANEC",
      "glasova": 6,
      "posto": "0,65"
    },{
      "rbr": 11,
      "naziv": "IVO BREZIĆ",
      "glasova": 18,
      "posto": "1,95"
    },{
      "rbr": 12,
      "naziv": "MIRJANA ŠUŠNJIĆ",
      "glasova": 6,
      "posto": "0,65"
    },{
      "rbr": 13,
      "naziv": "MARICA GAŠPAR",
      "glasova": 7,
      "posto": "0,75"
    },{
      "rbr": 14,
      "naziv": "MIRA TUPEK",
      "glasova": 10,
      "posto": "1,08"
    }]
  },{
    "rbr": 7,
    "stranke": [
      {"naziv": "STRANKA IVANA PERNARA"}
    ],
    "jedinstvenaSifra": "259",
    "glasova": 601,
    "naziv": "STRANKA IVANA PERNARA",
    "posto": "1,32",
    "lista": [{
      "rbr": 1,
      "naziv": "GABRIJELA MARTIĆ",
      "glasova": 115,
      "posto": "19,13"
    },{
      "rbr": 2,
      "naziv": "ROBERT RODIĆ",
      "glasova": 17,
      "posto": "2,82"
    },{
      "rbr": 3,
      "naziv": "JOSIP VULIĆ",
      "glasova": 18,
      "posto": "2,99"
    },{
      "rbr": 4,
      "naziv": "DUJE KOKAJ",
      "glasova": 16,
      "posto": "2,66"
    },{
      "rbr": 5,
      "naziv": "PAVO LOVAKOVIĆ",
      "glasova": 7,
      "posto": "1,16"
    },{
      "rbr": 6,
      "naziv": "MAJA ČUHAŠ",
      "glasova": 4,
      "posto": "0,66"
    },{
      "rbr": 7,
      "naziv": "TOMISLAV RUSKAJ",
      "glasova": 8,
      "posto": "1,33"
    },{
      "rbr": 8,
      "naziv": "DOMAGOJ RIŠANEK",
      "glasova": 8,
      "posto": "1,33"
    },{
      "rbr": 9,
      "naziv": "ANJA MIROSAVLJEVIĆ",
      "glasova": 8,
      "posto": "1,33"
    },{
      "rbr": 10,
      "naziv": "MARKO FERINAC",
      "glasova": 8,
      "posto": "1,33"
    },{
      "rbr": 11,
      "naziv": "IVONA MARKETANOVIĆ",
      "glasova": 7,
      "posto": "1,16"
    },{
      "rbr": 12,
      "naziv": "ANA MARIJA KNEŽEVIĆ",
      "glasova": 7,
      "posto": "1,16"
    },{
      "rbr": 13,
      "naziv": "STJEPAN KRSNIK",
      "glasova": 4,
      "posto": "0,66"
    },{
      "rbr": 14,
      "naziv": "LIDIJA MLINARIĆ",
      "glasova": 13,
      "posto": "2,16"
    }]
  },{
    "rbr": 8,
    "stranke": [
      {"naziv": "ODLUČNOST I PRAVEDNOST - OIP"}
    ],
    "jedinstvenaSifra": "300",
    "glasova": 462,
    "naziv": "OIP",
    "posto": "1,02",
    "lista": [{
      "rbr": 1,
      "naziv": "MIROSLAV KOVAČ",
      "glasova": 72,
      "posto": "15,58"
    },{
      "rbr": 2,
      "naziv": "MARINA BUDIMIR",
      "glasova": 35,
      "posto": "7,57"
    },{
      "rbr": 3,
      "naziv": "SANJA DOZET",
      "glasova": 22,
      "posto": "4,76"
    },{
      "rbr": 4,
      "naziv": "MARKO BAOTIĆ",
      "glasova": 6,
      "posto": "1,29"
    },{
      "rbr": 5,
      "naziv": "DRAŽEN KAUŽLJAR",
      "glasova": 10,
      "posto": "2,16"
    },{
      "rbr": 6,
      "naziv": "KREŠIMIR RAJIĆ",
      "glasova": 5,
      "posto": "1,08"
    },{
      "rbr": 7,
      "naziv": "MARKO TETKIĆ",
      "glasova": 3,
      "posto": "0,64"
    },{
      "rbr": 8,
      "naziv": "MARIN-DINO KRIŽIĆ",
      "glasova": 2,
      "posto": "0,43"
    },{
      "rbr": 9,
      "naziv": "KATICA RUMBOČIĆ",
      "glasova": 2,
      "posto": "0,43"
    },{
      "rbr": 10,
      "naziv": "GABRIELA VINKOVIĆ",
      "glasova": 18,
      "posto": "3,89"
    },{
      "rbr": 11,
      "naziv": "SLAVKO ŠPANIĆ",
      "glasova": 1,
      "posto": "0,21"
    },{
      "rbr": 12,
      "naziv": "VIŠNJA JAKUBEK",
      "glasova": 7,
      "posto": "1,51"
    },{
      "rbr": 13,
      "naziv": "ALEN HERCEG",
      "glasova": 6,
      "posto": "1,29"
    },{
      "rbr": 14,
      "naziv": "PETAR GUBERAC",
      "glasova": 17,
      "posto": "3,67"
    }]
  },{
    "rbr": 9,
    "stranke": [
      {"naziv": "HRVATSKA STRANKA PRAVA - HSP"},
      {"naziv": "HRVATSKO BILO"},
      {"naziv": "HRVATSKA DEMOKRATSKA SELJAČKA STRANKA - HDSS"}
    ],
    "jedinstvenaSifra": "007018308",
    "glasova": 456,
    "naziv": "HSP, HRVATSKO BILO, HDSS",
    "posto": "1,00",
    "lista": [{
      "rbr": 1,
      "naziv": "MARINA LOGARUŠIĆ",
      "glasova": 76,
      "posto": "16,66"
    },{
      "rbr": 2,
      "naziv": "VLADIMIR ŠEBALJ",
      "glasova": 113,
      "posto": "24,78"
    },{
      "rbr": 3,
      "naziv": "PETAR CRNJAC",
      "glasova": 5,
      "posto": "1,09"
    },{
      "rbr": 4,
      "naziv": "BRANKICA DENIS",
      "glasova": 16,
      "posto": "3,50"
    },{
      "rbr": 5,
      "naziv": "VINKO DEBELJAK",
      "glasova": 13,
      "posto": "2,85"
    },{
      "rbr": 6,
      "naziv": "IVANA BUJADINOVIĆ",
      "glasova": 2,
      "posto": "0,43"
    },{
      "rbr": 7,
      "naziv": "VIŠNJA RAKUŠA",
      "glasova": 4,
      "posto": "0,87"
    },{
      "rbr": 8,
      "naziv": "HRVOJE ĆORIĆ",
      "glasova": 14,
      "posto": "3,07"
    },{
      "rbr": 9,
      "naziv": "DAVID DALIĆ",
      "glasova": 2,
      "posto": "0,43"
    },{
      "rbr": 10,
      "naziv": "PETAR TOLIĆ",
      "glasova": 3,
      "posto": "0,65"
    },{
      "rbr": 11,
      "naziv": "BERNARD PAŽIN",
      "glasova": 6,
      "posto": "1,31"
    },{
      "rbr": 12,
      "naziv": "KSENIJA TOMAC ŠPOLJARIĆ",
      "glasova": 5,
      "posto": "1,09"
    },{
      "rbr": 13,
      "naziv": "ILIJANA VRBAT PEJIĆ",
      "glasova": 4,
      "posto": "0,87"
    },{
      "rbr": 14,
      "naziv": "DALIBOR DAMIČEVIĆ",
      "glasova": 11,
      "posto": "2,41"
    }]
  },{
    "rbr": 10,
    "stranke": [
      {"naziv": "AGRARNA STRANKA - POKRET ZA HRVATSKU POLJOPRIVREDU"},
      {"naziv": "AKCIJA ZA PROMJENE"}
    ],
    "jedinstvenaSifra": "303305",
    "glasova": 338,
    "naziv": "AGRARNA STRANKA - POKRET ZA HRVATSKU POLJOPRIVREDU, AKCIJA ZA PROMJENE",
    "posto": "0,74",
    "lista": [{
      "rbr": 1,
      "naziv": "JOSIP VIDAKOVIĆ",
      "glasova": 139,
      "posto": "41,12"
    },{
      "rbr": 2,
      "naziv": "GORAN ALADIĆ",
      "glasova": 2,
      "posto": "0,59"
    },{
      "rbr": 3,
      "naziv": "VLADO DOMBI",
      "glasova": 2,
      "posto": "0,59"
    },{
      "rbr": 4,
      "naziv": "SANJA FARKAŠ",
      "glasova": 9,
      "posto": "2,66"
    },{
      "rbr": 5,
      "naziv": "DEJAN TODOROVIĆ",
      "glasova": 5,
      "posto": "1,47"
    },{
      "rbr": 6,
      "naziv": "KSENIJA KORMAN",
      "glasova": 2,
      "posto": "0,59"
    },{
      "rbr": 7,
      "naziv": "IVA ŠANTIĆ",
      "glasova": 8,
      "posto": "2,36"
    },{
      "rbr": 8,
      "naziv": "TOMISLAV VIDAKOVIĆ",
      "glasova": 15,
      "posto": "4,43"
    },{
      "rbr": 9,
      "naziv": "ANTUN KOLAK",
      "glasova": 1,
      "posto": "0,29"
    },{
      "rbr": 10,
      "naziv": "TATJANA KUKIĆ",
      "glasova": 2,
      "posto": "0,59"
    },{
      "rbr": 11,
      "naziv": "TANJA BILOGLAV",
      "glasova": 0,
      "posto": "0,00"
    },{
      "rbr": 12,
      "naziv": "TIN ŽUBČIĆ",
      "glasova": 2,
      "posto": "0,59"
    },{
      "rbr": 13,
      "naziv": "LEONILA KOLLER",
      "glasova": 5,
      "posto": "1,47"
    },{
      "rbr": 14,
      "naziv": "IVICA ŽULJEVIĆ",
      "glasova": 9,
      "posto": "2,66"
    }]
  },{
    "rbr": 11,
    "stranke": [
      {"naziv": "FOKUS"},
      {"naziv": "REPUBLIKA"}
    ],
    "jedinstvenaSifra": "270310",
    "glasova": 315,
    "naziv": "FOKUS, REPUBLIKA",
    "posto": "0,69",
    "lista": [{
      "rbr": 1,
      "naziv": "DARIO MARENIĆ",
      "glasova": 64,
      "posto": "20,31"
    },{
      "rbr": 2,
      "naziv": "ZVONKO PONGRAC",
      "glasova": 3,
      "posto": "0,95"
    },{
      "rbr": 3,
      "naziv": "MARKO DRAŽETIĆ",
      "glasova": 11,
      "posto": "3,49"
    },{
      "rbr": 4,
      "naziv": "JOSIP VITEZ",
      "glasova": 41,
      "posto": "13,01"
    },{
      "rbr": 5,
      "naziv": "TOMISLAV POKROVAC",
      "glasova": 9,
      "posto": "2,85"
    },{
      "rbr": 6,
      "naziv": "KAZIMIR MARKIĆ",
      "glasova": 7,
      "posto": "2,22"
    },{
      "rbr": 7,
      "naziv": "LEO KOMARICA",
      "glasova": 6,
      "posto": "1,90"
    },{
      "rbr": 8,
      "naziv": "KATA PAZMAN-PETRIĆ",
      "glasova": 3,
      "posto": "0,95"
    },{
      "rbr": 9,
      "naziv": "IGOR MAJDANDŽIĆ",
      "glasova": 17,
      "posto": "5,39"
    },{
      "rbr": 10,
      "naziv": "JASMINKA ŽUŽIĆ",
      "glasova": 19,
      "posto": "6,03"
    },{
      "rbr": 11,
      "naziv": "IVANA PASTUOVIĆ",
      "glasova": 5,
      "posto": "1,58"
    },{
      "rbr": 12,
      "naziv": "IVANA PAVLOVIĆ",
      "glasova": 1,
      "posto": "0,31"
    },{
      "rbr": 13,
      "naziv": "KATARINA EREŠ",
      "glasova": 0,
      "posto": "0,00"
    },{
      "rbr": 14,
      "naziv": "BILJANA CERIN",
      "glasova": 3,
      "posto": "0,95"
    }]
  },{
    "rbr": 12,
    "stranke": [
      {"naziv": "AUTOHTONA - HRVATSKA STRANKA PRAVA - DRAŽEN KELEMINEC - A - HSP - Dražen Keleminec"}
    ],
    "jedinstvenaSifra": "049",
    "glasova": 189,
    "naziv": "A - HSP - Dražen Keleminec",
    "posto": "0,41",
    "lista": [{
      "rbr": 1,
      "naziv": "NENAD ŠOKČEVIĆ",
      "glasova": 37,
      "posto": "19,57"
    },{
      "rbr": 2,
      "naziv": "MARIJAN GRGIĆ",
      "glasova": 10,
      "posto": "5,29"
    },{
      "rbr": 3,
      "naziv": "IVAN ČELIKOVIĆ",
      "glasova": 4,
      "posto": "2,11"
    },{
      "rbr": 4,
      "naziv": "DALIBOR TUCAKOVIĆ",
      "glasova": 8,
      "posto": "4,23"
    },{
      "rbr": 5,
      "naziv": "ŽELJKA PAVIĆ",
      "glasova": 3,
      "posto": "1,58"
    },{
      "rbr": 6,
      "naziv": "DARKO TVRDOJEVIĆ",
      "glasova": 8,
      "posto": "4,23"
    },{
      "rbr": 7,
      "naziv": "JULIJANA CRNJAK",
      "glasova": 16,
      "posto": "8,46"
    },{
      "rbr": 8,
      "naziv": "MAJA GRGIĆ",
      "glasova": 6,
      "posto": "3,17"
    },{
      "rbr": 9,
      "naziv": "DRAGO-MIRKO RASKOVIČ",
      "glasova": 1,
      "posto": "0,52"
    },{
      "rbr": 10,
      "naziv": "ILIJANA TUCAKOVIĆ",
      "glasova": 5,
      "posto": "2,64"
    },{
      "rbr": 11,
      "naziv": "FRANJO TIČAC",
      "glasova": 4,
      "posto": "2,11"
    },{
      "rbr": 12,
      "naziv": "SARAFINA MATKOVIĆ",
      "glasova": 0,
      "posto": "0,00"
    },{
      "rbr": 13,
      "naziv": "IRENA FERLAN",
      "glasova": 4,
      "posto": "2,11"
    },{
      "rbr": 14,
      "naziv": "MARIJAN FARKAŠ",
      "glasova": 8,
      "posto": "4,23"
    }]
  },{
    "rbr": 13,
    "stranke": [
      {"naziv": "RADNIČKA FRONTA - RF"}
    ],
    "jedinstvenaSifra": "168",
    "glasova": 186,
    "naziv": "RF",
    "posto": "0,41",
    "lista": [{
      "rbr": 1,
      "naziv": "DRAŽEN GRUBANOVIĆ",
      "glasova": 29,
      "posto": "15,59"
    },{
      "rbr": 2,
      "naziv": "TATJANA RAVKIĆ",
      "glasova": 16,
      "posto": "8,60"
    },{
      "rbr": 3,
      "naziv": "MISLAV KVEŠTAK",
      "glasova": 2,
      "posto": "1,07"
    },{
      "rbr": 4,
      "naziv": "NATAŠA MEDANČIĆ",
      "glasova": 4,
      "posto": "2,15"
    },{
      "rbr": 5,
      "naziv": "DARKO ŠTEFAN",
      "glasova": 2,
      "posto": "1,07"
    },{
      "rbr": 6,
      "naziv": "SVETLANA KRUNEŠ GRUBANOVIĆ",
      "glasova": 4,
      "posto": "2,15"
    },{
      "rbr": 7,
      "naziv": "ROBERTO BOLKOVIĆ",
      "glasova": 3,
      "posto": "1,61"
    },{
      "rbr": 8,
      "naziv": "LJILJANA ŽIVKOVIĆ",
      "glasova": 4,
      "posto": "2,15"
    },{
      "rbr": 9,
      "naziv": "MARKO KRMPOTIĆ",
      "glasova": 2,
      "posto": "1,07"
    },{
      "rbr": 10,
      "naziv": "PAOLA HORVAT SOVILJ",
      "glasova": 3,
      "posto": "1,61"
    },{
      "rbr": 11,
      "naziv": "MIJO NEMET",
      "glasova": 2,
      "posto": "1,07"
    },{
      "rbr": 12,
      "naziv": "SONJA BALAŠKO",
      "glasova": 2,
      "posto": "1,07"
    },{
      "rbr": 13,
      "naziv": "LUKA MILJKOVIĆ",
      "glasova": 1,
      "posto": "0,53"
    },{
      "rbr": 14,
      "naziv": "DAVOR KRŽAK",
      "glasova": 2,
      "posto": "1,07"
    }]
  },{
    "rbr": 14,
    "stranke": [
      {"naziv": "SOCIJALDEMOKRATI"},
      {"naziv": "ISTARSKI DEMOKRATSKI SABOR - IDS"},
      {"naziv": "PRIMORSKO GORANSKI SAVEZ - PGS"},
      {"naziv": "HRVATSKI LABURISTI - STRANKA RADA - LABURISTI"},
      {"naziv": "DEMOKRATI"}
    ],
    "jedinstvenaSifra": "005006100251299",
    "glasova": 137,
    "naziv": "SOCIJALDEMOKRATI, IDS, PGS, LABURISTI, DEMOKRATI",
    "posto": "0,30",
    "lista": [{
      "rbr": 1,
      "naziv": "VILIM RIBIĆ",
      "glasova": 24,
      "posto": "17,51"
    },{
      "rbr": 2,
      "naziv": "GORAN BOŠNJAK",
      "glasova": 6,
      "posto": "4,37"
    },{
      "rbr": 3,
      "naziv": "ŽELJKO DŽOIĆ",
      "glasova": 6,
      "posto": "4,37"
    },{
      "rbr": 4,
      "naziv": "ZORANA BERAJA",
      "glasova": 2,
      "posto": "1,45"
    },{
      "rbr": 5,
      "naziv": "IVICA MARIĆ",
      "glasova": 7,
      "posto": "5,10"
    },{
      "rbr": 6,
      "naziv": "MARIJA JOSIPOVIĆ",
      "glasova": 4,
      "posto": "2,91"
    },{
      "rbr": 7,
      "naziv": "ANTUN LASLO",
      "glasova": 7,
      "posto": "5,10"
    },{
      "rbr": 8,
      "naziv": "IVANA KREMENJAŠ",
      "glasova": 1,
      "posto": "0,72"
    },{
      "rbr": 9,
      "naziv": "NADA ČELIKOVIĆ",
      "glasova": 0,
      "posto": "0,00"
    },{
      "rbr": 10,
      "naziv": "IVAN BOKUN",
      "glasova": 0,
      "posto": "0,00"
    },{
      "rbr": 11,
      "naziv": "SLAVKO ĐURĐEVIĆ",
      "glasova": 1,
      "posto": "0,72"
    },{
      "rbr": 12,
      "naziv": "ENA MARIČEVIĆ",
      "glasova": 3,
      "posto": "2,18"
    },{
      "rbr": 13,
      "naziv": "KATICA BILOGREVIĆ SVAT",
      "glasova": 0,
      "posto": "0,00"
    },{
      "rbr": 14,
      "naziv": "ANTE MANDARIĆ",
      "glasova": 2,
      "posto": "1,45"
    }]
  },{
    "rbr": 15,
    "stranke": [
      {"naziv": "JAVNO DOBRO"}
    ],
    "jedinstvenaSifra": "309",
    "glasova": 89,
    "naziv": "JAVNO DOBRO",
    "posto": "0,19",
    "lista": [{
      "rbr": 1,
      "naziv": "TOMISLAV BEDEKOVIĆ",
      "glasova": 17,
      "posto": "19,10"
    },{
      "rbr": 2,
      "naziv": "ANTUN MILIČEVIĆ",
      "glasova": 5,
      "posto": "5,61"
    },{
      "rbr": 3,
      "naziv": "MAJA MARTON",
      "glasova": 2,
      "posto": "2,24"
    },{
      "rbr": 4,
      "naziv": "PETRA VODOPIJAK",
      "glasova": 0,
      "posto": "0,00"
    },{
      "rbr": 5,
      "naziv": "MARTIN-LJUDEVIT ČIČAK",
      "glasova": 2,
      "posto": "2,24"
    },{
      "rbr": 6,
      "naziv": "MILOJKA KURTIĆ",
      "glasova": 1,
      "posto": "1,12"
    },{
      "rbr": 7,
      "naziv": "MATEJA VIDOVIĆ",
      "glasova": 13,
      "posto": "14,60"
    },{
      "rbr": 8,
      "naziv": "EMILIJA ŽIVKOVIĆ",
      "glasova": 0,
      "posto": "0,00"
    },{
      "rbr": 9,
      "naziv": "ADRIJANA LETIĆ",
      "glasova": 0,
      "posto": "0,00"
    },{
      "rbr": 10,
      "naziv": "GORAN GALOVIĆ",
      "glasova": 8,
      "posto": "8,98"
    },{
      "rbr": 11,
      "naziv": "ŠTEFICA OREŠKOVIĆ",
      "glasova": 3,
      "posto": "3,37"
    },{
      "rbr": 12,
      "naziv": "ŽELJKO OREŠKOVIĆ",
      "glasova": 1,
      "posto": "1,12"
    },{
      "rbr": 13,
      "naziv": "JELENA MIKIN",
      "glasova": 2,
      "posto": "2,24"
    },{
      "rbr": 14,
      "naziv": "ANĐELA BARHANOVIĆ",
      "glasova": 3,
      "posto": "3,37"
    }]
  }]
}
