{
  "izbori": "Zastupnički izbori 2024",
  "datum": "17.04.2024.",
  "vrijeme": "21:15",
  "izboriOznaka": "02",
  "ijSifra": "004",
  "bmSifra": "000",
  "ijNaziv": "IV. IZBORNA JEDINICA",
  "gropNaziv": "OSIJEK",
  "bmNaziv": "",
  "bmZatvoreno": 25,
  "bmUkupno": 117,
  "biraciUkupno": 15213,
  "biraciGlasovalo": 9507,
  "biraciGlasovaloPosto": "62,49",
  "listiciUkupno": 9499,
  "listiciVazeci": 9278,
  "listiciVazeciPosto": "97,67",
  "listiciNevazeci": 221,
  "listiciNevazeciPosto": "2,33",
  "napomena": "* - objavljeni rezultati sadrže podatke samo s redovnih biračkih mjesta",
  "napomena2": "",
  "lista": [{
    "rbr": 1,
    "stranke": [
      {"naziv": "HRVATSKA DEMOKRATSKA ZAJEDNICA - HDZ"},
      {"naziv": "HRVATSKA SOCIJALNO - LIBERALNA STRANKA - HSLS"},
      {"naziv": "HRVATSKA DEMOKRŠĆANSKA STRANKA - HDS"},
      {"naziv": "HRVATSKA NARODNA STRANKA - LIBERALNI DEMOKRATI - HNS"},
      {"naziv": "HRVATSKA STRANKA UMIROVLJENIKA - HSU"}
    ],
    "jedinstvenaSifra": "001002003011023",
    "glasova": 4055,
    "naziv": "HDZ, HSLS, HDS, HNS, HSU",
    "posto": "43,70",
    "lista": [{
      "rbr": 1,
      "naziv": "IVAN ANUŠIĆ",
      "glasova": 1804,
      "posto": "44,48"
    },{
      "rbr": 2,
      "naziv": "IGOR ANDROVIĆ",
      "glasova": 5,
      "posto": "0,12"
    },{
      "rbr": 3,
      "naziv": "DARKO SOBOTA",
      "glasova": 1,
      "posto": "0,02"
    },{
      "rbr": 4,
      "naziv": "IVAN RADIĆ",
      "glasova": 1405,
      "posto": "34,64"
    },{
      "rbr": 5,
      "naziv": "NATAŠA TRAMIŠAK",
      "glasova": 86,
      "posto": "2,12"
    },{
      "rbr": 6,
      "naziv": "GORAN IVANOVIĆ",
      "glasova": 26,
      "posto": "0,64"
    },{
      "rbr": 7,
      "naziv": "JOSIP ĐAKIĆ",
      "glasova": 2,
      "posto": "0,04"
    },{
      "rbr": 8,
      "naziv": "MARIN MANDARIĆ",
      "glasova": 8,
      "posto": "0,19"
    },{
      "rbr": 9,
      "naziv": "RATIMIR LJUBIĆ",
      "glasova": 0,
      "posto": "0,00"
    },{
      "rbr": 10,
      "naziv": "VESNA BEDEKOVIĆ",
      "glasova": 3,
      "posto": "0,07"
    },{
      "rbr": 11,
      "naziv": "MARIN BABIĆ",
      "glasova": 49,
      "posto": "1,20"
    },{
      "rbr": 12,
      "naziv": "IVO ZELIĆ",
      "glasova": 23,
      "posto": "0,56"
    },{
      "rbr": 13,
      "naziv": "STIPAN ŠAŠLIN",
      "glasova": 8,
      "posto": "0,19"
    },{
      "rbr": 14,
      "naziv": "KREŠIMIR KAŠUBA",
      "glasova": 6,
      "posto": "0,14"
    }]
  },{
    "rbr": 2,
    "stranke": [
      {"naziv": "SOCIJALDEMOKRATSKA PARTIJA HRVATSKE - SDP"},
      {"naziv": "CENTAR"},
      {"naziv": "HRVATSKA SELJAČKA STRANKA - HSS"},
      {"naziv": "\"DALIJA OREŠKOVIĆ I LJUDI S IMENOM I PREZIMENOM\" - \"DO i SIP\""},
      {"naziv": "NARODNA STRANKA - REFORMISTI - REFORMISTI"},
      {"naziv": "GRAĐANSKO-LIBERALNI SAVEZ - GLAS"}
    ],
    "jedinstvenaSifra": "004017162179244306",
    "glasova": 2084,
    "naziv": "SDP, CENTAR, HSS, \"DO i SIP\", REFORMISTI, GLAS",
    "posto": "22,46",
    "lista": [{
      "rbr": 1,
      "naziv": "MIŠEL JAKŠIĆ",
      "glasova": 155,
      "posto": "7,43"
    },{
      "rbr": 2,
      "naziv": "SANJA BJEŽANČEVIĆ",
      "glasova": 32,
      "posto": "1,53"
    },{
      "rbr": 3,
      "naziv": "BORIS PILIŽOTA",
      "glasova": 114,
      "posto": "5,47"
    },{
      "rbr": 4,
      "naziv": "KRISTINA ŠKODA VAJDIĆ",
      "glasova": 10,
      "posto": "0,47"
    },{
      "rbr": 5,
      "naziv": "MATE VUKUŠIĆ",
      "glasova": 7,
      "posto": "0,33"
    },{
      "rbr": 6,
      "naziv": "SONJA KOVAČ",
      "glasova": 37,
      "posto": "1,77"
    },{
      "rbr": 7,
      "naziv": "VJERAN MARIJAŠEVIĆ",
      "glasova": 22,
      "posto": "1,05"
    },{
      "rbr": 8,
      "naziv": "SANDRA SINJERI",
      "glasova": 6,
      "posto": "0,28"
    },{
      "rbr": 9,
      "naziv": "TOMISLAV BRAČUN",
      "glasova": 11,
      "posto": "0,52"
    },{
      "rbr": 10,
      "naziv": "NATAŠA TETEC",
      "glasova": 2,
      "posto": "0,09"
    },{
      "rbr": 11,
      "naziv": "TANJA PARIS",
      "glasova": 9,
      "posto": "0,43"
    },{
      "rbr": 12,
      "naziv": "ZORAN VRABELJ",
      "glasova": 0,
      "posto": "0,00"
    },{
      "rbr": 13,
      "naziv": "SAMIR HAJ BARAKAT",
      "glasova": 30,
      "posto": "1,43"
    },{
      "rbr": 14,
      "naziv": "BILJANA BORZAN",
      "glasova": 746,
      "posto": "35,79"
    }]
  },{
    "rbr": 3,
    "stranke": [
      {"naziv": "DOMOVINSKI POKRET - DP"},
      {"naziv": "PRAVO I PRAVDA"},
      {"naziv": "NEZAVISNI"},
      {"naziv": "DEMOKRATSKI HSS - DHSS"},
      {"naziv": "ZELENA LISTA"}
    ],
    "jedinstvenaSifra": "231243267283312",
    "glasova": 1124,
    "naziv": "DP, PRAVO I PRAVDA, NEZAVISNI, DHSS, ZELENA LISTA",
    "posto": "12,11",
    "lista": [{
      "rbr": 1,
      "naziv": "MARIO RADIĆ",
      "glasova": 524,
      "posto": "46,61"
    },{
      "rbr": 2,
      "naziv": "JESENKA RICL",
      "glasova": 27,
      "posto": "2,40"
    },{
      "rbr": 3,
      "naziv": "KREŠIMIR ČABAJ",
      "glasova": 37,
      "posto": "3,29"
    },{
      "rbr": 4,
      "naziv": "PETAR KOPUNOVIĆ-LEGETIN",
      "glasova": 31,
      "posto": "2,75"
    },{
      "rbr": 5,
      "naziv": "ANA DIKLIĆ",
      "glasova": 16,
      "posto": "1,42"
    },{
      "rbr": 6,
      "naziv": "ŽELJKO LACKOVIĆ",
      "glasova": 1,
      "posto": "0,08"
    },{
      "rbr": 7,
      "naziv": "ILIJA NIKOLIĆ",
      "glasova": 6,
      "posto": "0,53"
    },{
      "rbr": 8,
      "naziv": "NIKOLINA TOMIĆ",
      "glasova": 5,
      "posto": "0,44"
    },{
      "rbr": 9,
      "naziv": "DAVOR MILAKOVIĆ",
      "glasova": 4,
      "posto": "0,35"
    },{
      "rbr": 10,
      "naziv": "IVANA ABIČIĆ",
      "glasova": 10,
      "posto": "0,88"
    },{
      "rbr": 11,
      "naziv": "HRVOJE JANČI",
      "glasova": 0,
      "posto": "0,00"
    },{
      "rbr": 12,
      "naziv": "SNJEŽANA KUHAR",
      "glasova": 4,
      "posto": "0,35"
    },{
      "rbr": 13,
      "naziv": "DAVID GORUP",
      "glasova": 24,
      "posto": "2,13"
    },{
      "rbr": 14,
      "naziv": "DANIEL SPAJIĆ",
      "glasova": 31,
      "posto": "2,75"
    }]
  },{
    "rbr": 4,
    "stranke": [
      {"naziv": "MOŽEMO! - POLITIČKA PLATFORMA"},
      {"naziv": "HOĆEMO PRAVEDNO"}
    ],
    "jedinstvenaSifra": "255297",
    "glasova": 659,
    "naziv": "MOŽEMO! - POLITIČKA PLATFORMA, HOĆEMO PRAVEDNO",
    "posto": "7,10",
    "lista": [{
      "rbr": 1,
      "naziv": "KATARINA KRUHONJA",
      "glasova": 154,
      "posto": "23,36"
    },{
      "rbr": 2,
      "naziv": "VIOLETA PANCER",
      "glasova": 8,
      "posto": "1,21"
    },{
      "rbr": 3,
      "naziv": "BORIS KIŠ",
      "glasova": 16,
      "posto": "2,42"
    },{
      "rbr": 4,
      "naziv": "HERMINE GORIKE-LUKIĆ",
      "glasova": 8,
      "posto": "1,21"
    },{
      "rbr": 5,
      "naziv": "MARKO BERBEROVIĆ",
      "glasova": 1,
      "posto": "0,15"
    },{
      "rbr": 6,
      "naziv": "VLADIMIR DIMIĆ",
      "glasova": 3,
      "posto": "0,45"
    },{
      "rbr": 7,
      "naziv": "MANDICA TOMAŠEVIĆ",
      "glasova": 18,
      "posto": "2,73"
    },{
      "rbr": 8,
      "naziv": "IVANA HENGL",
      "glasova": 14,
      "posto": "2,12"
    },{
      "rbr": 9,
      "naziv": "NADA STANKOVIĆ",
      "glasova": 5,
      "posto": "0,75"
    },{
      "rbr": 10,
      "naziv": "VLADIMIR CINDRIĆ",
      "glasova": 8,
      "posto": "1,21"
    },{
      "rbr": 11,
      "naziv": "IVAN ŠPIRANOVIĆ",
      "glasova": 11,
      "posto": "1,66"
    },{
      "rbr": 12,
      "naziv": "FRANJO DUBRAVKO ŠOKČEVIĆ",
      "glasova": 3,
      "posto": "0,45"
    },{
      "rbr": 13,
      "naziv": "VANDA JOSIĆ",
      "glasova": 4,
      "posto": "0,60"
    },{
      "rbr": 14,
      "naziv": "DANKO HEĆIMOVIĆ",
      "glasova": 6,
      "posto": "0,91"
    }]
  },{
    "rbr": 5,
    "stranke": [
      {"naziv": "MOST"},
      {"naziv": "HRVATSKI SUVERENISTI"},
      {"naziv": "HRVATSKA KONZERVATIVNA STRANKA - HKS"},
      {"naziv": "NEZAVISNA LISTA MLADIH - NLM"}
    ],
    "jedinstvenaSifra": "131165188263",
    "glasova": 569,
    "naziv": "MOST, HRVATSKI SUVERENISTI, HKS, NLM",
    "posto": "6,13",
    "lista": [{
      "rbr": 1,
      "naziv": "JOSIP SKOČIBUŠIĆ",
      "glasova": 93,
      "posto": "16,34"
    },{
      "rbr": 2,
      "naziv": "VESNA VUČEMILOVIĆ",
      "glasova": 156,
      "posto": "27,41"
    },{
      "rbr": 3,
      "naziv": "ŽELJKA ILIJAŠ BARIČEVIĆ",
      "glasova": 4,
      "posto": "0,70"
    },{
      "rbr": 4,
      "naziv": "SILVA MIŠKULIN",
      "glasova": 3,
      "posto": "0,52"
    },{
      "rbr": 5,
      "naziv": "VIKTOR ŠKARO",
      "glasova": 27,
      "posto": "4,74"
    },{
      "rbr": 6,
      "naziv": "IGOR JOSIPOVIĆ",
      "glasova": 13,
      "posto": "2,28"
    },{
      "rbr": 7,
      "naziv": "IRENA GLUHAK FOREMPOHER",
      "glasova": 3,
      "posto": "0,52"
    },{
      "rbr": 8,
      "naziv": "HRVOJE SVOBODA",
      "glasova": 3,
      "posto": "0,52"
    },{
      "rbr": 9,
      "naziv": "TOMISLAV ŠIPEK",
      "glasova": 6,
      "posto": "1,05"
    },{
      "rbr": 10,
      "naziv": "DORIJANA ŠKORO",
      "glasova": 6,
      "posto": "1,05"
    },{
      "rbr": 11,
      "naziv": "LUKA PODNAR",
      "glasova": 2,
      "posto": "0,35"
    },{
      "rbr": 12,
      "naziv": "NIKO ŠKOJO",
      "glasova": 3,
      "posto": "0,52"
    },{
      "rbr": 13,
      "naziv": "SANDRA ŽIVKOVIĆ",
      "glasova": 1,
      "posto": "0,17"
    },{
      "rbr": 14,
      "naziv": "ZLATKO MILIŠA",
      "glasova": 6,
      "posto": "1,05"
    }]
  },{
    "rbr": 6,
    "stranke": [
      {"naziv": "UMIROVLJENICI ZAJEDNO - POLITIČKA PLATFORMA - UMIROVLJENICI ZAJEDNO"},
      {"naziv": "STRANKA UMIROVLJENIKA - SU"},
      {"naziv": "BLOK UMIROVLJENICI ZAJEDNO - BUZ"},
      {"naziv": "DEMOKRATSKA STRANKA UMIROVLJENIKA - DSU"}
    ],
    "jedinstvenaSifra": "039041102301",
    "glasova": 223,
    "naziv": "UMIROVLJENICI ZAJEDNO, SU, BUZ, DSU",
    "posto": "2,40",
    "lista": [{
      "rbr": 1,
      "naziv": "IVICA BEŠIROVIĆ",
      "glasova": 43,
      "posto": "19,28"
    },{
      "rbr": 2,
      "naziv": "NEDELJKO BEZMAREVIĆ",
      "glasova": 12,
      "posto": "5,38"
    },{
      "rbr": 3,
      "naziv": "ZORISLAV BABIĆ",
      "glasova": 3,
      "posto": "1,34"
    },{
      "rbr": 4,
      "naziv": "BRANKA ŽIGIĆ",
      "glasova": 6,
      "posto": "2,69"
    },{
      "rbr": 5,
      "naziv": "MIJO LABAK",
      "glasova": 2,
      "posto": "0,89"
    },{
      "rbr": 6,
      "naziv": "ZORICA BUTORAC",
      "glasova": 2,
      "posto": "0,89"
    },{
      "rbr": 7,
      "naziv": "TOMO TRAC",
      "glasova": 6,
      "posto": "2,69"
    },{
      "rbr": 8,
      "naziv": "JASMINA GLEDIĆ",
      "glasova": 7,
      "posto": "3,13"
    },{
      "rbr": 9,
      "naziv": "NENAD PEIĆ",
      "glasova": 4,
      "posto": "1,79"
    },{
      "rbr": 10,
      "naziv": "STJEPAN BRANDIS",
      "glasova": 4,
      "posto": "1,79"
    },{
      "rbr": 11,
      "naziv": "KATICA KURIC",
      "glasova": 8,
      "posto": "3,58"
    },{
      "rbr": 12,
      "naziv": "MARKO MARKOVIĆ",
      "glasova": 2,
      "posto": "0,89"
    },{
      "rbr": 13,
      "naziv": "KSENIJA MARCIJUŠ",
      "glasova": 0,
      "posto": "0,00"
    },{
      "rbr": 14,
      "naziv": "VERA BAČANI",
      "glasova": 15,
      "posto": "6,72"
    }]
  },{
    "rbr": 7,
    "stranke": [
      {"naziv": "SOCIJALDEMOKRATI"},
      {"naziv": "ISTARSKI DEMOKRATSKI SABOR - IDS"},
      {"naziv": "PRIMORSKO GORANSKI SAVEZ - PGS"},
      {"naziv": "HRVATSKI LABURISTI - STRANKA RADA - LABURISTI"},
      {"naziv": "DEMOKRATI"}
    ],
    "jedinstvenaSifra": "005006100251299",
    "glasova": 150,
    "naziv": "SOCIJALDEMOKRATI, IDS, PGS, LABURISTI, DEMOKRATI",
    "posto": "1,61",
    "lista": [{
      "rbr": 1,
      "naziv": "DOMAGOJ HAJDUKOVIĆ",
      "glasova": 69,
      "posto": "46,00"
    },{
      "rbr": 2,
      "naziv": "ROMANA NIKOLIĆ",
      "glasova": 13,
      "posto": "8,66"
    },{
      "rbr": 3,
      "naziv": "SEBASTIJAN SVAT",
      "glasova": 0,
      "posto": "0,00"
    },{
      "rbr": 4,
      "naziv": "IVAN BEGOVIĆ",
      "glasova": 0,
      "posto": "0,00"
    },{
      "rbr": 5,
      "naziv": "ANTONIJA KALAZIĆ",
      "glasova": 1,
      "posto": "0,66"
    },{
      "rbr": 6,
      "naziv": "SLAVIMIR BRKIĆ",
      "glasova": 0,
      "posto": "0,00"
    },{
      "rbr": 7,
      "naziv": "LUKA MAJETIĆ",
      "glasova": 10,
      "posto": "6,66"
    },{
      "rbr": 8,
      "naziv": "LJILJANA KOLOMBO",
      "glasova": 0,
      "posto": "0,00"
    },{
      "rbr": 9,
      "naziv": "IVAN KOLEDIĆ",
      "glasova": 2,
      "posto": "1,33"
    },{
      "rbr": 10,
      "naziv": "TAJANA OROZOVIĆ",
      "glasova": 1,
      "posto": "0,66"
    },{
      "rbr": 11,
      "naziv": "DARKO SALIMOVIĆ",
      "glasova": 0,
      "posto": "0,00"
    },{
      "rbr": 12,
      "naziv": "TOMISLAVA ŠTAINER LACKOVIĆ",
      "glasova": 2,
      "posto": "1,33"
    },{
      "rbr": 13,
      "naziv": "TEA ROŽIĆ",
      "glasova": 1,
      "posto": "0,66"
    },{
      "rbr": 14,
      "naziv": "DANIJEL STOJAKOVIĆ",
      "glasova": 2,
      "posto": "1,33"
    }]
  },{
    "rbr": 8,
    "stranke": [
      {"naziv": "FOKUS"},
      {"naziv": "REPUBLIKA"}
    ],
    "jedinstvenaSifra": "270310",
    "glasova": 106,
    "naziv": "FOKUS, REPUBLIKA",
    "posto": "1,14",
    "lista": [{
      "rbr": 1,
      "naziv": "BERISLAV MLINAREVIĆ",
      "glasova": 47,
      "posto": "44,33"
    },{
      "rbr": 2,
      "naziv": "ROBERT PERIŠA",
      "glasova": 2,
      "posto": "1,88"
    },{
      "rbr": 3,
      "naziv": "MIRKO LUKAŠ",
      "glasova": 1,
      "posto": "0,94"
    },{
      "rbr": 4,
      "naziv": "ZLATKO ŠKRINJAR",
      "glasova": 0,
      "posto": "0,00"
    },{
      "rbr": 5,
      "naziv": "ANDREA ILEŠ",
      "glasova": 2,
      "posto": "1,88"
    },{
      "rbr": 6,
      "naziv": "ZVONKO BRDAR",
      "glasova": 3,
      "posto": "2,83"
    },{
      "rbr": 7,
      "naziv": "MILI PERKUŠIĆ",
      "glasova": 1,
      "posto": "0,94"
    },{
      "rbr": 8,
      "naziv": "KREŠIMIR CESTAR",
      "glasova": 0,
      "posto": "0,00"
    },{
      "rbr": 9,
      "naziv": "GORDANA LORDAN",
      "glasova": 1,
      "posto": "0,94"
    },{
      "rbr": 10,
      "naziv": "IVANA MAĐAR",
      "glasova": 0,
      "posto": "0,00"
    },{
      "rbr": 11,
      "naziv": "STJEPANA URSIĆ",
      "glasova": 0,
      "posto": "0,00"
    },{
      "rbr": 12,
      "naziv": "DANIELA PETROVIĆ",
      "glasova": 0,
      "posto": "0,00"
    },{
      "rbr": 13,
      "naziv": "VESNA BARIŠIĆ",
      "glasova": 2,
      "posto": "1,88"
    },{
      "rbr": 14,
      "naziv": "DOMINIK MIHALJEVIĆ",
      "glasova": 2,
      "posto": "1,88"
    }]
  },{
    "rbr": 9,
    "stranke": [
      {"naziv": "ODLUČNOST I PRAVEDNOST - OIP"}
    ],
    "jedinstvenaSifra": "300",
    "glasova": 96,
    "naziv": "OIP",
    "posto": "1,03",
    "lista": [{
      "rbr": 1,
      "naziv": "IVICA DEBIĆ",
      "glasova": 14,
      "posto": "14,58"
    },{
      "rbr": 2,
      "naziv": "BRUNO SKRAČIĆ",
      "glasova": 0,
      "posto": "0,00"
    },{
      "rbr": 3,
      "naziv": "PETAR ČENGIĆ",
      "glasova": 0,
      "posto": "0,00"
    },{
      "rbr": 4,
      "naziv": "DAVOR ČAKIĆ",
      "glasova": 0,
      "posto": "0,00"
    },{
      "rbr": 5,
      "naziv": "DOLORES RIBA",
      "glasova": 11,
      "posto": "11,45"
    },{
      "rbr": 6,
      "naziv": "MARIO KRIŠTO",
      "glasova": 5,
      "posto": "5,20"
    },{
      "rbr": 7,
      "naziv": "ANTONIO ŠPEHAR",
      "glasova": 1,
      "posto": "1,04"
    },{
      "rbr": 8,
      "naziv": "DALIBOR LEPEN",
      "glasova": 1,
      "posto": "1,04"
    },{
      "rbr": 9,
      "naziv": "DAMIR JURKIN",
      "glasova": 0,
      "posto": "0,00"
    },{
      "rbr": 10,
      "naziv": "MAĆAŠ ROMER",
      "glasova": 1,
      "posto": "1,04"
    },{
      "rbr": 11,
      "naziv": "KSENIJA BILANDŽIĆ",
      "glasova": 5,
      "posto": "5,20"
    },{
      "rbr": 12,
      "naziv": "MIRKO BANDIĆ",
      "glasova": 0,
      "posto": "0,00"
    },{
      "rbr": 13,
      "naziv": "TANJA MAMIĆ-VIDOVIĆ",
      "glasova": 1,
      "posto": "1,04"
    },{
      "rbr": 14,
      "naziv": "DAMIR VUKIĆ",
      "glasova": 0,
      "posto": "0,00"
    }]
  },{
    "rbr": 10,
    "stranke": [
      {"naziv": "STRANKA IVANA PERNARA"}
    ],
    "jedinstvenaSifra": "259",
    "glasova": 77,
    "naziv": "STRANKA IVANA PERNARA",
    "posto": "0,82",
    "lista": [{
      "rbr": 1,
      "naziv": "DORIAN ROBAK",
      "glasova": 7,
      "posto": "9,09"
    },{
      "rbr": 2,
      "naziv": "MARKO DOMJANIĆ",
      "glasova": 2,
      "posto": "2,59"
    },{
      "rbr": 3,
      "naziv": "TENA KOŠA",
      "glasova": 7,
      "posto": "9,09"
    },{
      "rbr": 4,
      "naziv": "JESENIJA KLASIĆ",
      "glasova": 0,
      "posto": "0,00"
    },{
      "rbr": 5,
      "naziv": "DEJAN LUKIĆ",
      "glasova": 1,
      "posto": "1,29"
    },{
      "rbr": 6,
      "naziv": "HRVOJE PERNAR",
      "glasova": 3,
      "posto": "3,89"
    },{
      "rbr": 7,
      "naziv": "IVANA SALAI",
      "glasova": 0,
      "posto": "0,00"
    },{
      "rbr": 8,
      "naziv": "DINO OSMANAGIĆ",
      "glasova": 3,
      "posto": "3,89"
    },{
      "rbr": 9,
      "naziv": "KRISTINA MLINAREVIĆ",
      "glasova": 1,
      "posto": "1,29"
    },{
      "rbr": 10,
      "naziv": "NENAD BOJANIĆ",
      "glasova": 0,
      "posto": "0,00"
    },{
      "rbr": 11,
      "naziv": "MARIJA BEČIREVIĆ",
      "glasova": 2,
      "posto": "2,59"
    },{
      "rbr": 12,
      "naziv": "ROMAN PAVIĆ",
      "glasova": 0,
      "posto": "0,00"
    },{
      "rbr": 13,
      "naziv": "ALEN SEDLO",
      "glasova": 0,
      "posto": "0,00"
    },{
      "rbr": 14,
      "naziv": "IVANA RADMAN",
      "glasova": 2,
      "posto": "2,59"
    }]
  },{
    "rbr": 11,
    "stranke": [
      {"naziv": "RADNIČKA FRONTA - RF"}
    ],
    "jedinstvenaSifra": "168",
    "glasova": 48,
    "naziv": "RF",
    "posto": "0,51",
    "lista": [{
      "rbr": 1,
      "naziv": "DRAGAN NEMET",
      "glasova": 6,
      "posto": "12,50"
    },{
      "rbr": 2,
      "naziv": "MARIJA ZORBAS",
      "glasova": 2,
      "posto": "4,16"
    },{
      "rbr": 3,
      "naziv": "VID ZUBIĆ",
      "glasova": 2,
      "posto": "4,16"
    },{
      "rbr": 4,
      "naziv": "MARINA TOPALOVIĆ",
      "glasova": 4,
      "posto": "8,33"
    },{
      "rbr": 5,
      "naziv": "NIKOLA FABIJANČIĆ",
      "glasova": 0,
      "posto": "0,00"
    },{
      "rbr": 6,
      "naziv": "LJUBICA CUMBO",
      "glasova": 0,
      "posto": "0,00"
    },{
      "rbr": 7,
      "naziv": "DIMITRIJE GRČIĆ",
      "glasova": 0,
      "posto": "0,00"
    },{
      "rbr": 8,
      "naziv": "MARIJA CAREVIĆ",
      "glasova": 0,
      "posto": "0,00"
    },{
      "rbr": 9,
      "naziv": "DAMIR ORUČ",
      "glasova": 0,
      "posto": "0,00"
    },{
      "rbr": 10,
      "naziv": "MILENA ĐURIĆ",
      "glasova": 0,
      "posto": "0,00"
    },{
      "rbr": 11,
      "naziv": "ALEKSANDAR KNEŽEVIĆ",
      "glasova": 4,
      "posto": "8,33"
    },{
      "rbr": 12,
      "naziv": "ALEKSANDRA PRICA",
      "glasova": 0,
      "posto": "0,00"
    },{
      "rbr": 13,
      "naziv": "SINIŠA BOŽIĆ",
      "glasova": 0,
      "posto": "0,00"
    },{
      "rbr": 14,
      "naziv": "VLADIMIR JURIĆ",
      "glasova": 2,
      "posto": "4,16"
    }]
  },{
    "rbr": 12,
    "stranke": [
      {"naziv": "HRVATSKA STRANKA PRAVA - HSP"},
      {"naziv": "HRVATSKO BILO"},
      {"naziv": "HRVATSKA DEMOKRATSKA SELJAČKA STRANKA - HDSS"}
    ],
    "jedinstvenaSifra": "007018308",
    "glasova": 46,
    "naziv": "HSP, HRVATSKO BILO, HDSS",
    "posto": "0,49",
    "lista": [{
      "rbr": 1,
      "naziv": "MATO BUBAŠ",
      "glasova": 5,
      "posto": "10,86"
    },{
      "rbr": 2,
      "naziv": "KRUNOSLAV RADAČIĆ",
      "glasova": 3,
      "posto": "6,52"
    },{
      "rbr": 3,
      "naziv": "IVANA KRAČUN",
      "glasova": 3,
      "posto": "6,52"
    },{
      "rbr": 4,
      "naziv": "MIRKO PRITIŠANAC",
      "glasova": 2,
      "posto": "4,34"
    },{
      "rbr": 5,
      "naziv": "MARKO VRHOVAC",
      "glasova": 1,
      "posto": "2,17"
    },{
      "rbr": 6,
      "naziv": "INES SERDAR",
      "glasova": 5,
      "posto": "10,86"
    },{
      "rbr": 7,
      "naziv": "FRANJO KRALJIK",
      "glasova": 0,
      "posto": "0,00"
    },{
      "rbr": 8,
      "naziv": "NIKOLINA RAIČ",
      "glasova": 1,
      "posto": "2,17"
    },{
      "rbr": 9,
      "naziv": "SANJA REILI",
      "glasova": 1,
      "posto": "2,17"
    },{
      "rbr": 10,
      "naziv": "ELIZABETA BOŽIĆ",
      "glasova": 2,
      "posto": "4,34"
    },{
      "rbr": 11,
      "naziv": "NIKICA KRPAN",
      "glasova": 1,
      "posto": "2,17"
    },{
      "rbr": 12,
      "naziv": "KATICA DUVNJAK",
      "glasova": 4,
      "posto": "8,69"
    },{
      "rbr": 13,
      "naziv": "JELENA ŠKORVAGA",
      "glasova": 0,
      "posto": "0,00"
    },{
      "rbr": 14,
      "naziv": "PAVO TUTENOV",
      "glasova": 0,
      "posto": "0,00"
    }]
  },{
    "rbr": 13,
    "stranke": [
      {"naziv": "AUTOHTONA - HRVATSKA STRANKA PRAVA - DRAŽEN KELEMINEC - A - HSP - Dražen Keleminec"}
    ],
    "jedinstvenaSifra": "049",
    "glasova": 23,
    "naziv": "A - HSP - Dražen Keleminec",
    "posto": "0,24",
    "lista": [{
      "rbr": 1,
      "naziv": "MILAN BINGULA",
      "glasova": 3,
      "posto": "13,04"
    },{
      "rbr": 2,
      "naziv": "MARIJAN IVANČAN",
      "glasova": 0,
      "posto": "0,00"
    },{
      "rbr": 3,
      "naziv": "JOSIP ZLATARIĆ",
      "glasova": 0,
      "posto": "0,00"
    },{
      "rbr": 4,
      "naziv": "JASENKO KARDUM",
      "glasova": 0,
      "posto": "0,00"
    },{
      "rbr": 5,
      "naziv": "JOSIP ŽUFIKA",
      "glasova": 2,
      "posto": "8,69"
    },{
      "rbr": 6,
      "naziv": "NEVENKA PINTAR",
      "glasova": 2,
      "posto": "8,69"
    },{
      "rbr": 7,
      "naziv": "ZDRAVKO RADIČIĆ",
      "glasova": 1,
      "posto": "4,34"
    },{
      "rbr": 8,
      "naziv": "ŽELJKA ARTUKOVIĆ",
      "glasova": 2,
      "posto": "8,69"
    },{
      "rbr": 9,
      "naziv": "DRAGOLJUB SLEPČEVIĆ",
      "glasova": 0,
      "posto": "0,00"
    },{
      "rbr": 10,
      "naziv": "IVICA APATIĆ",
      "glasova": 0,
      "posto": "0,00"
    },{
      "rbr": 11,
      "naziv": "JASMINKA JELAK",
      "glasova": 0,
      "posto": "0,00"
    },{
      "rbr": 12,
      "naziv": "ANA-MARIJA HAMARIĆ",
      "glasova": 0,
      "posto": "0,00"
    },{
      "rbr": 13,
      "naziv": "KATA KARDUM",
      "glasova": 0,
      "posto": "0,00"
    },{
      "rbr": 14,
      "naziv": "TEREZIJA KRAPINEC ZEBEC",
      "glasova": 2,
      "posto": "8,69"
    }]
  },{
    "rbr": 14,
    "stranke": [
      {"naziv": "PRAVEDNA HRVATSKA - PH"}
    ],
    "jedinstvenaSifra": "298",
    "glasova": 18,
    "naziv": "PH",
    "posto": "0,19",
    "lista": [{
      "rbr": 1,
      "naziv": "IGOR ŠTEPANKO",
      "glasova": 0,
      "posto": "0,00"
    },{
      "rbr": 2,
      "naziv": "DANIJEL KOVAČEVIĆ",
      "glasova": 0,
      "posto": "0,00"
    },{
      "rbr": 3,
      "naziv": "DRAŽEN MIJATOVIĆ",
      "glasova": 0,
      "posto": "0,00"
    },{
      "rbr": 4,
      "naziv": "BRANKA ŽUŽIĆ",
      "glasova": 0,
      "posto": "0,00"
    },{
      "rbr": 5,
      "naziv": "VEDRAN ŽAJA",
      "glasova": 0,
      "posto": "0,00"
    },{
      "rbr": 6,
      "naziv": "ĐURO MILČIĆ",
      "glasova": 0,
      "posto": "0,00"
    },{
      "rbr": 7,
      "naziv": "ĐURĐA KOVAČEVIĆ",
      "glasova": 1,
      "posto": "5,55"
    },{
      "rbr": 8,
      "naziv": "SLAVICA ŠTEPANKO",
      "glasova": 0,
      "posto": "0,00"
    },{
      "rbr": 9,
      "naziv": "ĐURO KOKOTIĆ",
      "glasova": 0,
      "posto": "0,00"
    },{
      "rbr": 10,
      "naziv": "TEA ŠTEPANKO",
      "glasova": 1,
      "posto": "5,55"
    },{
      "rbr": 11,
      "naziv": "VLADIMIR MLATILIK",
      "glasova": 0,
      "posto": "0,00"
    },{
      "rbr": 12,
      "naziv": "KATICA LILION ŽIVKOVIĆ",
      "glasova": 0,
      "posto": "0,00"
    },{
      "rbr": 13,
      "naziv": "ZVONIMIR DORČEC",
      "glasova": 1,
      "posto": "5,55"
    },{
      "rbr": 14,
      "naziv": "HELENA VARŽIĆ",
      "glasova": 0,
      "posto": "0,00"
    }]
  }]
}
