{
  "izbori": "Zastupnički izbori 2024",
  "datum": "17.04.2024.",
  "vrijeme": "21:30",
  "izboriOznaka": "02",
  "ijSifra": "008",
  "bmSifra": "000",
  "ijNaziv": "VIII. IZBORNA JEDINICA",
  "gropNaziv": "SVETA NEDELJA",
  "bmNaziv": "",
  "bmZatvoreno": 3,
  "bmUkupno": 6,
  "biraciUkupno": 1259,
  "biraciGlasovalo": 769,
  "biraciGlasovaloPosto": "61,08",
  "listiciUkupno": 769,
  "listiciVazeci": 753,
  "listiciVazeciPosto": "97,92",
  "listiciNevazeci": 16,
  "listiciNevazeciPosto": "2,08",
  "napomena": "* - objavljeni rezultati sadrže podatke samo s redovnih biračkih mjesta",
  "napomena2": "",
  "lista": [{
    "rbr": 1,
    "stranke": [
      {"naziv": "SOCIJALDEMOKRATSKA PARTIJA HRVATSKE - SDP"},
      {"naziv": "CENTAR"},
      {"naziv": "HRVATSKA SELJAČKA STRANKA - HSS"},
      {"naziv": "\"DALIJA OREŠKOVIĆ I LJUDI S IMENOM I PREZIMENOM\" - \"DO i SIP\""},
      {"naziv": "GRAĐANSKO-LIBERALNI SAVEZ - GLAS"}
    ],
    "jedinstvenaSifra": "004017179244306",
    "glasova": 292,
    "naziv": "SDP, CENTAR, HSS, \"DO i SIP\", GLAS",
    "posto": "38,77",
    "lista": [{
      "rbr": 1,
      "naziv": "PEĐA GRBIN",
      "glasova": 126,
      "posto": "43,15"
    },{
      "rbr": 2,
      "naziv": "MIRELA AHMETOVIĆ",
      "glasova": 16,
      "posto": "5,47"
    },{
      "rbr": 3,
      "naziv": "ZLATKO KOMADINA",
      "glasova": 12,
      "posto": "4,10"
    },{
      "rbr": 4,
      "naziv": "SANJA RADOLOVIĆ",
      "glasova": 24,
      "posto": "8,21"
    },{
      "rbr": 5,
      "naziv": "SAŠA ĐUJIĆ",
      "glasova": 0,
      "posto": "0,00"
    },{
      "rbr": 6,
      "naziv": "ANA PUŽ KUKULJAN",
      "glasova": 0,
      "posto": "0,00"
    },{
      "rbr": 7,
      "naziv": "MARIN RAČIĆ",
      "glasova": 0,
      "posto": "0,00"
    },{
      "rbr": 8,
      "naziv": "SLOBODAN FRUK",
      "glasova": 0,
      "posto": "0,00"
    },{
      "rbr": 9,
      "naziv": "MARKO FERENAC",
      "glasova": 0,
      "posto": "0,00"
    },{
      "rbr": 10,
      "naziv": "MARIA BLAŽINA",
      "glasova": 2,
      "posto": "0,68"
    },{
      "rbr": 11,
      "naziv": "KRISTIAN ČARAPIĆ",
      "glasova": 0,
      "posto": "0,00"
    },{
      "rbr": 12,
      "naziv": "BOJANA PUZIGAĆA",
      "glasova": 3,
      "posto": "1,02"
    },{
      "rbr": 13,
      "naziv": "NADJA POROPAT",
      "glasova": 1,
      "posto": "0,34"
    },{
      "rbr": 14,
      "naziv": "ŽELJKO JOVANOVIĆ",
      "glasova": 2,
      "posto": "0,68"
    }]
  },{
    "rbr": 2,
    "stranke": [
      {"naziv": "ISTARSKI DEMOKRATSKI SABOR - IDS"},
      {"naziv": "PRIMORSKO GORANSKI SAVEZ - PGS"},
      {"naziv": "UNIJA KVARNERA - UNIJA"},
      {"naziv": "ISTARSKA STRANKA UMIROVLJENIKA - PARTITO ISTRIANO DEI PENSIONATI - ISU - PIP"},
      {"naziv": "SOCIJALDEMOKRATI"},
      {"naziv": "NARODNA STRANKA - REFORMISTI - REFORMISTI"},
      {"naziv": "DEMOKRATI"},
      {"naziv": "HRVATSKI LABURISTI - STRANKA RADA - LABURISTI"}
    ],
    "jedinstvenaSifra": "005006100121162241251299",
    "glasova": 280,
    "naziv": "IDS, PGS, UNIJA, ISU - PIP, SOCIJALDEMOKRATI, REFORMISTI, DEMOKRATI, LABURISTI",
    "posto": "37,18",
    "lista": [{
      "rbr": 1,
      "naziv": "DALIBOR PAUS",
      "glasova": 24,
      "posto": "8,57"
    },{
      "rbr": 2,
      "naziv": "DARIJO VASILIĆ",
      "glasova": 1,
      "posto": "0,35"
    },{
      "rbr": 3,
      "naziv": "VALTER GLAVIČIĆ",
      "glasova": 177,
      "posto": "63,21"
    },{
      "rbr": 4,
      "naziv": "LORIS PERŠURIĆ",
      "glasova": 2,
      "posto": "0,71"
    },{
      "rbr": 5,
      "naziv": "HELGA MOŽÉ",
      "glasova": 0,
      "posto": "0,00"
    },{
      "rbr": 6,
      "naziv": "EMIL DAUS",
      "glasova": 3,
      "posto": "1,07"
    },{
      "rbr": 7,
      "naziv": "TAJANA MASOVČIĆ",
      "glasova": 0,
      "posto": "0,00"
    },{
      "rbr": 8,
      "naziv": "LJILJANA MILOŠ",
      "glasova": 2,
      "posto": "0,71"
    },{
      "rbr": 9,
      "naziv": "TEA MIČIĆ BADURINA",
      "glasova": 1,
      "posto": "0,35"
    },{
      "rbr": 10,
      "naziv": "ANTEO MILOS",
      "glasova": 0,
      "posto": "0,00"
    },{
      "rbr": 11,
      "naziv": "KATARINA NEMET",
      "glasova": 0,
      "posto": "0,00"
    },{
      "rbr": 12,
      "naziv": "SENKA ŠUBAT",
      "glasova": 0,
      "posto": "0,00"
    },{
      "rbr": 13,
      "naziv": "MARKO PALIAGA",
      "glasova": 2,
      "posto": "0,71"
    },{
      "rbr": 14,
      "naziv": "MARKO BORAS MANDIĆ",
      "glasova": 1,
      "posto": "0,35"
    }]
  },{
    "rbr": 3,
    "stranke": [
      {"naziv": "HRVATSKA DEMOKRATSKA ZAJEDNICA - HDZ"},
      {"naziv": "HRVATSKA SOCIJALNO - LIBERALNA STRANKA - HSLS"},
      {"naziv": "HRVATSKA DEMOKRŠĆANSKA STRANKA - HDS"},
      {"naziv": "HRVATSKA NARODNA STRANKA - LIBERALNI DEMOKRATI - HNS"},
      {"naziv": "HRVATSKA STRANKA UMIROVLJENIKA - HSU"}
    ],
    "jedinstvenaSifra": "001002003011023",
    "glasova": 58,
    "naziv": "HDZ, HSLS, HDS, HNS, HSU",
    "posto": "7,70",
    "lista": [{
      "rbr": 1,
      "naziv": "OLEG BUTKOVIĆ",
      "glasova": 20,
      "posto": "34,48"
    },{
      "rbr": 2,
      "naziv": "ANTON KLIMAN",
      "glasova": 7,
      "posto": "12,06"
    },{
      "rbr": 3,
      "naziv": "JOSIP OSTROGOVIĆ",
      "glasova": 0,
      "posto": "0,00"
    },{
      "rbr": 4,
      "naziv": "TOMISLAV KLARIĆ",
      "glasova": 1,
      "posto": "1,72"
    },{
      "rbr": 5,
      "naziv": "IRENA HRSTIĆ",
      "glasova": 3,
      "posto": "5,17"
    },{
      "rbr": 6,
      "naziv": "ALEN RUŽIĆ",
      "glasova": 0,
      "posto": "0,00"
    },{
      "rbr": 7,
      "naziv": "JOSIP BORIĆ",
      "glasova": 0,
      "posto": "0,00"
    },{
      "rbr": 8,
      "naziv": "DAVOR ZUBOVIĆ",
      "glasova": 0,
      "posto": "0,00"
    },{
      "rbr": 9,
      "naziv": "ILIRJANA-CROATA MEDUR",
      "glasova": 0,
      "posto": "0,00"
    },{
      "rbr": 10,
      "naziv": "ANA KUČIĆ",
      "glasova": 0,
      "posto": "0,00"
    },{
      "rbr": 11,
      "naziv": "MARIO BRATULIĆ",
      "glasova": 6,
      "posto": "10,34"
    },{
      "rbr": 12,
      "naziv": "IVAN BUBIĆ",
      "glasova": 1,
      "posto": "1,72"
    },{
      "rbr": 13,
      "naziv": "KRISTJAN STANIČIĆ",
      "glasova": 0,
      "posto": "0,00"
    },{
      "rbr": 14,
      "naziv": "IVAN KIRIN",
      "glasova": 0,
      "posto": "0,00"
    }]
  },{
    "rbr": 4,
    "stranke": [
      {"naziv": "MOŽEMO! - POLITIČKA PLATFORMA"}
    ],
    "jedinstvenaSifra": "255",
    "glasova": 53,
    "naziv": "MOŽEMO! - POLITIČKA PLATFORMA",
    "posto": "7,03",
    "lista": [{
      "rbr": 1,
      "naziv": "DUŠICA RADOJČIĆ",
      "glasova": 12,
      "posto": "22,64"
    },{
      "rbr": 2,
      "naziv": "MORENA LEKAN",
      "glasova": 4,
      "posto": "7,54"
    },{
      "rbr": 3,
      "naziv": "NEBOJŠA ZELIČ",
      "glasova": 0,
      "posto": "0,00"
    },{
      "rbr": 4,
      "naziv": "ENNA PEROŠ",
      "glasova": 2,
      "posto": "3,77"
    },{
      "rbr": 5,
      "naziv": "SLAVEN BOLJUN",
      "glasova": 1,
      "posto": "1,88"
    },{
      "rbr": 6,
      "naziv": "IVA DAVORIJA",
      "glasova": 0,
      "posto": "0,00"
    },{
      "rbr": 7,
      "naziv": "HANA PALEKA",
      "glasova": 0,
      "posto": "0,00"
    },{
      "rbr": 8,
      "naziv": "MIHA PAUS",
      "glasova": 0,
      "posto": "0,00"
    },{
      "rbr": 9,
      "naziv": "NOEL MIRKOVIĆ",
      "glasova": 1,
      "posto": "1,88"
    },{
      "rbr": 10,
      "naziv": "ANA FONOVIĆ",
      "glasova": 1,
      "posto": "1,88"
    },{
      "rbr": 11,
      "naziv": "RENATO STANKOVIĆ",
      "glasova": 1,
      "posto": "1,88"
    },{
      "rbr": 12,
      "naziv": "DANIEL ANTUNOVIĆ",
      "glasova": 0,
      "posto": "0,00"
    },{
      "rbr": 13,
      "naziv": "DRAGAN DRUŽETA",
      "glasova": 0,
      "posto": "0,00"
    },{
      "rbr": 14,
      "naziv": "SUZANA JAŠIĆ",
      "glasova": 3,
      "posto": "5,66"
    }]
  },{
    "rbr": 5,
    "stranke": [
      {"naziv": "RADNIČKA FRONTA - RF"}
    ],
    "jedinstvenaSifra": "168",
    "glasova": 21,
    "naziv": "RF",
    "posto": "2,78",
    "lista": [{
      "rbr": 1,
      "naziv": "KATARINA PEOVIĆ",
      "glasova": 14,
      "posto": "66,66"
    },{
      "rbr": 2,
      "naziv": "GORAN MATIĆ",
      "glasova": 0,
      "posto": "0,00"
    },{
      "rbr": 3,
      "naziv": "KARIN GRGOROVIĆ",
      "glasova": 0,
      "posto": "0,00"
    },{
      "rbr": 4,
      "naziv": "BORIS KAPURALIN",
      "glasova": 0,
      "posto": "0,00"
    },{
      "rbr": 5,
      "naziv": "DUBRAVKA KOVAČEVIĆ",
      "glasova": 0,
      "posto": "0,00"
    },{
      "rbr": 6,
      "naziv": "ENIS ČAUŠEVIĆ",
      "glasova": 1,
      "posto": "4,76"
    },{
      "rbr": 7,
      "naziv": "GORDANA VUDRAGOVIĆ",
      "glasova": 0,
      "posto": "0,00"
    },{
      "rbr": 8,
      "naziv": "NIJAZ DELIĆ",
      "glasova": 0,
      "posto": "0,00"
    },{
      "rbr": 9,
      "naziv": "NATALIJA STEFANOVIĆ",
      "glasova": 0,
      "posto": "0,00"
    },{
      "rbr": 10,
      "naziv": "BOJAN BIRK",
      "glasova": 0,
      "posto": "0,00"
    },{
      "rbr": 11,
      "naziv": "BISERKA MOMČINOVIĆ",
      "glasova": 0,
      "posto": "0,00"
    },{
      "rbr": 12,
      "naziv": "ALEKSANDAR ALOBIĆ",
      "glasova": 0,
      "posto": "0,00"
    },{
      "rbr": 13,
      "naziv": "IZVOR RUKAVINA",
      "glasova": 0,
      "posto": "0,00"
    },{
      "rbr": 14,
      "naziv": "LEMS JERIN",
      "glasova": 1,
      "posto": "4,76"
    }]
  },{
    "rbr": 6,
    "stranke": [
      {"naziv": "MOST"},
      {"naziv": "HRVATSKI SUVERENISTI"},
      {"naziv": "HRVATSKA KONZERVATIVNA STRANKA - HKS"},
      {"naziv": "NEZAVISNA LISTA MLADIH - NLM"}
    ],
    "jedinstvenaSifra": "131165188263",
    "glasova": 14,
    "naziv": "MOST, HRVATSKI SUVERENISTI, HKS, NLM",
    "posto": "1,85",
    "lista": [{
      "rbr": 1,
      "naziv": "MARIN MILETIĆ",
      "glasova": 9,
      "posto": "64,28"
    },{
      "rbr": 2,
      "naziv": "IVAN VIDOVIĆ",
      "glasova": 0,
      "posto": "0,00"
    },{
      "rbr": 3,
      "naziv": "PETRA MANDIĆ",
      "glasova": 0,
      "posto": "0,00"
    },{
      "rbr": 4,
      "naziv": "LUKA JAKOPOVIĆ",
      "glasova": 0,
      "posto": "0,00"
    },{
      "rbr": 5,
      "naziv": "SILVIJA TERLEVIĆ",
      "glasova": 0,
      "posto": "0,00"
    },{
      "rbr": 6,
      "naziv": "MARIJAN ŠEGOTA",
      "glasova": 1,
      "posto": "7,14"
    },{
      "rbr": 7,
      "naziv": "SABINA MAROV",
      "glasova": 0,
      "posto": "0,00"
    },{
      "rbr": 8,
      "naziv": "BORIS ADŽIĆ",
      "glasova": 0,
      "posto": "0,00"
    },{
      "rbr": 9,
      "naziv": "JELENA ALESSIO",
      "glasova": 0,
      "posto": "0,00"
    },{
      "rbr": 10,
      "naziv": "VERICA ĆORKOVIĆ",
      "glasova": 0,
      "posto": "0,00"
    },{
      "rbr": 11,
      "naziv": "ORHAN SALI",
      "glasova": 0,
      "posto": "0,00"
    },{
      "rbr": 12,
      "naziv": "IZABELA ĐAKOVIĆ",
      "glasova": 0,
      "posto": "0,00"
    },{
      "rbr": 13,
      "naziv": "ALEKSANDAR-SAŠA MILAKOVIĆ",
      "glasova": 0,
      "posto": "0,00"
    },{
      "rbr": 14,
      "naziv": "JOSIP KATALINIĆ",
      "glasova": 0,
      "posto": "0,00"
    }]
  },{
    "rbr": 7,
    "stranke": [
      {"naziv": "UMIROVLJENICI ZAJEDNO - POLITIČKA PLATFORMA - UMIROVLJENICI ZAJEDNO"},
      {"naziv": "STRANKA UMIROVLJENIKA - SU"},
      {"naziv": "BLOK UMIROVLJENICI ZAJEDNO - BUZ"},
      {"naziv": "DEMOKRATSKA STRANKA UMIROVLJENIKA - DSU"}
    ],
    "jedinstvenaSifra": "039041102301",
    "glasova": 8,
    "naziv": "UMIROVLJENICI ZAJEDNO, SU, BUZ, DSU",
    "posto": "1,06",
    "lista": [{
      "rbr": 1,
      "naziv": "MARIJA PALAZIOL",
      "glasova": 3,
      "posto": "37,50"
    },{
      "rbr": 2,
      "naziv": "ANĐELKA BIJELONJIĆ",
      "glasova": 0,
      "posto": "0,00"
    },{
      "rbr": 3,
      "naziv": "EUFEMIA MIŠIĆ",
      "glasova": 0,
      "posto": "0,00"
    },{
      "rbr": 4,
      "naziv": "MIRKO BIJELONJIĆ",
      "glasova": 1,
      "posto": "12,50"
    },{
      "rbr": 5,
      "naziv": "DENIS PAULETIĆ",
      "glasova": 0,
      "posto": "0,00"
    },{
      "rbr": 6,
      "naziv": "VLADIMIR ŠIMUNIĆ",
      "glasova": 0,
      "posto": "0,00"
    },{
      "rbr": 7,
      "naziv": "DARKO ŠEGOTA",
      "glasova": 0,
      "posto": "0,00"
    },{
      "rbr": 8,
      "naziv": "BLAŽENKA BERGIĆ",
      "glasova": 0,
      "posto": "0,00"
    },{
      "rbr": 9,
      "naziv": "BRANKO BIJELONJIĆ",
      "glasova": 0,
      "posto": "0,00"
    },{
      "rbr": 10,
      "naziv": "VESNA MATOŠEVIĆ",
      "glasova": 0,
      "posto": "0,00"
    },{
      "rbr": 11,
      "naziv": "ŽELJKO BILIĆ",
      "glasova": 0,
      "posto": "0,00"
    },{
      "rbr": 12,
      "naziv": "CHRISTINE BIBALO-BALAŠKO",
      "glasova": 0,
      "posto": "0,00"
    },{
      "rbr": 13,
      "naziv": "MILORAD KARDUM",
      "glasova": 0,
      "posto": "0,00"
    },{
      "rbr": 14,
      "naziv": "JOSIP PULIĆ",
      "glasova": 0,
      "posto": "0,00"
    }]
  },{
    "rbr": 8,
    "stranke": [
      {"naziv": "FOKUS"},
      {"naziv": "REPUBLIKA"}
    ],
    "jedinstvenaSifra": "270310",
    "glasova": 6,
    "naziv": "FOKUS, REPUBLIKA",
    "posto": "0,79",
    "lista": [{
      "rbr": 1,
      "naziv": "GORDANA DERANJA",
      "glasova": 3,
      "posto": "50,00"
    },{
      "rbr": 2,
      "naziv": "LORAN MILANOVIĆ",
      "glasova": 0,
      "posto": "0,00"
    },{
      "rbr": 3,
      "naziv": "DAMIR PRHAT",
      "glasova": 0,
      "posto": "0,00"
    },{
      "rbr": 4,
      "naziv": "DAMIR GRÜNBAUM",
      "glasova": 0,
      "posto": "0,00"
    },{
      "rbr": 5,
      "naziv": "MILAN PERKOVIĆ",
      "glasova": 0,
      "posto": "0,00"
    },{
      "rbr": 6,
      "naziv": "IVA DELLABERNARDINA",
      "glasova": 0,
      "posto": "0,00"
    },{
      "rbr": 7,
      "naziv": "NIKOLINA BENIĆ",
      "glasova": 0,
      "posto": "0,00"
    },{
      "rbr": 8,
      "naziv": "PATRICIJA VANĐELIĆ",
      "glasova": 0,
      "posto": "0,00"
    },{
      "rbr": 9,
      "naziv": "MARIJA VIRKES",
      "glasova": 0,
      "posto": "0,00"
    },{
      "rbr": 10,
      "naziv": "NENAD ŠĆULAC",
      "glasova": 0,
      "posto": "0,00"
    },{
      "rbr": 11,
      "naziv": "DENIS KIŠ",
      "glasova": 1,
      "posto": "16,66"
    },{
      "rbr": 12,
      "naziv": "MARIJA VARŽIĆ GOLUBIĆ",
      "glasova": 0,
      "posto": "0,00"
    },{
      "rbr": 13,
      "naziv": "IGOR LUKEŽ",
      "glasova": 0,
      "posto": "0,00"
    },{
      "rbr": 14,
      "naziv": "ANDREJ RADETIĆ",
      "glasova": 0,
      "posto": "0,00"
    }]
  },{
    "rbr": 9,
    "stranke": [
      {"naziv": "ODLUČNOST I PRAVEDNOST - OIP"}
    ],
    "jedinstvenaSifra": "300",
    "glasova": 6,
    "naziv": "OIP",
    "posto": "0,79",
    "lista": [{
      "rbr": 1,
      "naziv": "HRVOJE ŽUPARIĆ",
      "glasova": 1,
      "posto": "16,66"
    },{
      "rbr": 2,
      "naziv": "ANDRIJA RUŽIĆ",
      "glasova": 1,
      "posto": "16,66"
    },{
      "rbr": 3,
      "naziv": "BOJAN VUKOREPA",
      "glasova": 0,
      "posto": "0,00"
    },{
      "rbr": 4,
      "naziv": "FANI RADOVAN RIGOVIĆ",
      "glasova": 0,
      "posto": "0,00"
    },{
      "rbr": 5,
      "naziv": "TIHOMIR KRALJEVIĆ",
      "glasova": 0,
      "posto": "0,00"
    },{
      "rbr": 6,
      "naziv": "SENAD BEGIĆ",
      "glasova": 0,
      "posto": "0,00"
    },{
      "rbr": 7,
      "naziv": "EDO ŠARUNIĆ",
      "glasova": 0,
      "posto": "0,00"
    },{
      "rbr": 8,
      "naziv": "ANTO LUJIĆ",
      "glasova": 0,
      "posto": "0,00"
    },{
      "rbr": 9,
      "naziv": "ZORAN ANDRIĆ",
      "glasova": 1,
      "posto": "16,66"
    },{
      "rbr": 10,
      "naziv": "TONI GJAJA",
      "glasova": 0,
      "posto": "0,00"
    },{
      "rbr": 11,
      "naziv": "LEONARDO ŠALIĆ",
      "glasova": 0,
      "posto": "0,00"
    },{
      "rbr": 12,
      "naziv": "MILKA LOZIĆ",
      "glasova": 0,
      "posto": "0,00"
    },{
      "rbr": 13,
      "naziv": "MARTA MATANOVIĆ",
      "glasova": 0,
      "posto": "0,00"
    },{
      "rbr": 14,
      "naziv": "VESNA JAKOPOVIĆ",
      "glasova": 0,
      "posto": "0,00"
    }]
  },{
    "rbr": 10,
    "stranke": [
      {"naziv": "DOMOVINSKI POKRET - DP"},
      {"naziv": "PRAVO I PRAVDA"}
    ],
    "jedinstvenaSifra": "267312",
    "glasova": 5,
    "naziv": "DP, PRAVO I PRAVDA",
    "posto": "0,66",
    "lista": [{
      "rbr": 1,
      "naziv": "IVAN VILIBOR SINČIĆ",
      "glasova": 2,
      "posto": "40,00"
    },{
      "rbr": 2,
      "naziv": "BOŽANA KRISTIĆ",
      "glasova": 1,
      "posto": "20,00"
    },{
      "rbr": 3,
      "naziv": "MARINA BEG UMILJENOVIĆ",
      "glasova": 0,
      "posto": "0,00"
    },{
      "rbr": 4,
      "naziv": "SNJEŽANA BAŽAJ-BOĆKAI",
      "glasova": 0,
      "posto": "0,00"
    },{
      "rbr": 5,
      "naziv": "MATEA FILIPOVIĆ",
      "glasova": 0,
      "posto": "0,00"
    },{
      "rbr": 6,
      "naziv": "PAOLA VELLICO BATEL",
      "glasova": 0,
      "posto": "0,00"
    },{
      "rbr": 7,
      "naziv": "MILICA ERCEG",
      "glasova": 0,
      "posto": "0,00"
    },{
      "rbr": 8,
      "naziv": "IVICA KRSTAŠ",
      "glasova": 0,
      "posto": "0,00"
    },{
      "rbr": 9,
      "naziv": "RITA UJČIĆ",
      "glasova": 0,
      "posto": "0,00"
    },{
      "rbr": 10,
      "naziv": "MARIJAN ZOVIĆ",
      "glasova": 0,
      "posto": "0,00"
    },{
      "rbr": 11,
      "naziv": "DENI JANKO",
      "glasova": 0,
      "posto": "0,00"
    },{
      "rbr": 12,
      "naziv": "ZORAN STJEPANOVIĆ",
      "glasova": 0,
      "posto": "0,00"
    },{
      "rbr": 13,
      "naziv": "FRANJO BARTOLAC",
      "glasova": 1,
      "posto": "20,00"
    },{
      "rbr": 14,
      "naziv": "DAVOR POPOVIĆ",
      "glasova": 0,
      "posto": "0,00"
    }]
  },{
    "rbr": 11,
    "stranke": [
      {"naziv": "STRANKA IVANA PERNARA"}
    ],
    "jedinstvenaSifra": "259",
    "glasova": 4,
    "naziv": "STRANKA IVANA PERNARA",
    "posto": "0,53",
    "lista": [{
      "rbr": 1,
      "naziv": "IVANA ŠAIN",
      "glasova": 1,
      "posto": "25,00"
    },{
      "rbr": 2,
      "naziv": "VLADIMIR LEON KELLER",
      "glasova": 0,
      "posto": "0,00"
    },{
      "rbr": 3,
      "naziv": "DENI RAKOVIĆ",
      "glasova": 0,
      "posto": "0,00"
    },{
      "rbr": 4,
      "naziv": "ANGELINA PRPIĆ",
      "glasova": 0,
      "posto": "0,00"
    },{
      "rbr": 5,
      "naziv": "BENITO LJUBOVIĆ",
      "glasova": 0,
      "posto": "0,00"
    },{
      "rbr": 6,
      "naziv": "ENA BABIĆ",
      "glasova": 0,
      "posto": "0,00"
    },{
      "rbr": 7,
      "naziv": "FILIP MARIĆ",
      "glasova": 0,
      "posto": "0,00"
    },{
      "rbr": 8,
      "naziv": "NINA ŠIMONOVIĆ",
      "glasova": 0,
      "posto": "0,00"
    },{
      "rbr": 9,
      "naziv": "STEFANO VIDONIS",
      "glasova": 0,
      "posto": "0,00"
    },{
      "rbr": 10,
      "naziv": "GORDANA VIDAK",
      "glasova": 0,
      "posto": "0,00"
    },{
      "rbr": 11,
      "naziv": "ROKO ORLOVIĆ",
      "glasova": 0,
      "posto": "0,00"
    },{
      "rbr": 12,
      "naziv": "LEAN MARETIĆ",
      "glasova": 0,
      "posto": "0,00"
    },{
      "rbr": 13,
      "naziv": "DANIJELA HORVAT",
      "glasova": 0,
      "posto": "0,00"
    },{
      "rbr": 14,
      "naziv": "MIRSADA IMŠIROVIĆ",
      "glasova": 0,
      "posto": "0,00"
    }]
  },{
    "rbr": 12,
    "stranke": [
      {"naziv": "SOCIJALISTIČKA RADNIČKA PARTIJA HRVATSKE - SRP"}
    ],
    "jedinstvenaSifra": "029",
    "glasova": 3,
    "naziv": "SRP",
    "posto": "0,39",
    "lista": [{
      "rbr": 1,
      "naziv": "VLADIMIR KAPURALIN",
      "glasova": 1,
      "posto": "33,33"
    },{
      "rbr": 2,
      "naziv": "DAVOR RAKIĆ",
      "glasova": 0,
      "posto": "0,00"
    },{
      "rbr": 3,
      "naziv": "ULIANA MOSCARDA",
      "glasova": 0,
      "posto": "0,00"
    },{
      "rbr": 4,
      "naziv": "MILOŠ MITROVIĆ",
      "glasova": 0,
      "posto": "0,00"
    },{
      "rbr": 5,
      "naziv": "RANKA ČIČOVAČKI",
      "glasova": 0,
      "posto": "0,00"
    },{
      "rbr": 6,
      "naziv": "LUCA ANTONIO ŠURAN",
      "glasova": 0,
      "posto": "0,00"
    },{
      "rbr": 7,
      "naziv": "RUŽA KNEŽEVIĆ",
      "glasova": 0,
      "posto": "0,00"
    },{
      "rbr": 8,
      "naziv": "MARIN BRKLJAČA",
      "glasova": 0,
      "posto": "0,00"
    },{
      "rbr": 9,
      "naziv": "DANICA OBREZA",
      "glasova": 0,
      "posto": "0,00"
    },{
      "rbr": 10,
      "naziv": "LUKA ERCEGOVIĆ",
      "glasova": 0,
      "posto": "0,00"
    },{
      "rbr": 11,
      "naziv": "ZAHIDA DEDUKIĆ",
      "glasova": 0,
      "posto": "0,00"
    },{
      "rbr": 12,
      "naziv": "SLOBODAN OBREZA",
      "glasova": 0,
      "posto": "0,00"
    },{
      "rbr": 13,
      "naziv": "ILONA ŠIMIČIĆ",
      "glasova": 0,
      "posto": "0,00"
    },{
      "rbr": 14,
      "naziv": "DARKO MILIĆ",
      "glasova": 0,
      "posto": "0,00"
    }]
  },{
    "rbr": 13,
    "stranke": [
      {"naziv": "AUTOHTONA - HRVATSKA STRANKA PRAVA - DRAŽEN KELEMINEC - A - HSP - Dražen Keleminec"}
    ],
    "jedinstvenaSifra": "049",
    "glasova": 2,
    "naziv": "A - HSP - Dražen Keleminec",
    "posto": "0,26",
    "lista": [{
      "rbr": 1,
      "naziv": "JURE HULJEV",
      "glasova": 0,
      "posto": "0,00"
    },{
      "rbr": 2,
      "naziv": "DALIBOR FUĆAK",
      "glasova": 0,
      "posto": "0,00"
    },{
      "rbr": 3,
      "naziv": "ANDRIJA ŠKRIBULJA",
      "glasova": 0,
      "posto": "0,00"
    },{
      "rbr": 4,
      "naziv": "VJEKOSLAV JOVIĆ",
      "glasova": 0,
      "posto": "0,00"
    },{
      "rbr": 5,
      "naziv": "ANKA ĐURIŠIĆ",
      "glasova": 0,
      "posto": "0,00"
    },{
      "rbr": 6,
      "naziv": "ZLATKO OREŠKOVIĆ",
      "glasova": 0,
      "posto": "0,00"
    },{
      "rbr": 7,
      "naziv": "TIHOMIR MESAROV",
      "glasova": 0,
      "posto": "0,00"
    },{
      "rbr": 8,
      "naziv": "ZORAN ŠAJKOVIĆ",
      "glasova": 0,
      "posto": "0,00"
    },{
      "rbr": 9,
      "naziv": "SENKA DURDOV",
      "glasova": 0,
      "posto": "0,00"
    },{
      "rbr": 10,
      "naziv": "HRVOJE DRAGANIĆ",
      "glasova": 0,
      "posto": "0,00"
    },{
      "rbr": 11,
      "naziv": "TOMISLAV RUKAVINA",
      "glasova": 0,
      "posto": "0,00"
    },{
      "rbr": 12,
      "naziv": "MILAN ŽUFIKA",
      "glasova": 0,
      "posto": "0,00"
    },{
      "rbr": 13,
      "naziv": "ZORAN POSTRUŽIN",
      "glasova": 0,
      "posto": "0,00"
    },{
      "rbr": 14,
      "naziv": "MIRKO KOROŠEC",
      "glasova": 0,
      "posto": "0,00"
    }]
  },{
    "rbr": 14,
    "stranke": [
      {"naziv": "HRVATSKA STRANKA PRAVA - HSP"},
      {"naziv": "HRVATSKO BILO"},
      {"naziv": "HRVATSKA DEMOKRATSKA SELJAČKA STRANKA - HDSS"}
    ],
    "jedinstvenaSifra": "007018308",
    "glasova": 1,
    "naziv": "HSP, HRVATSKO BILO, HDSS",
    "posto": "0,13",
    "lista": [{
      "rbr": 1,
      "naziv": "MARIN BUBANJ",
      "glasova": 0,
      "posto": "0,00"
    },{
      "rbr": 2,
      "naziv": "STIPICA BAŠKARAD",
      "glasova": 0,
      "posto": "0,00"
    },{
      "rbr": 3,
      "naziv": "NIKO PUŠELJA",
      "glasova": 0,
      "posto": "0,00"
    },{
      "rbr": 4,
      "naziv": "GABRIJELA ANIČIĆ",
      "glasova": 0,
      "posto": "0,00"
    },{
      "rbr": 5,
      "naziv": "ELVIRA MARIĆ",
      "glasova": 0,
      "posto": "0,00"
    },{
      "rbr": 6,
      "naziv": "TATJANA SMOJVER-SILOV",
      "glasova": 0,
      "posto": "0,00"
    },{
      "rbr": 7,
      "naziv": "DANICA MARKOVIĆ",
      "glasova": 0,
      "posto": "0,00"
    },{
      "rbr": 8,
      "naziv": "LJUBICA ŠEVERDIJA",
      "glasova": 0,
      "posto": "0,00"
    },{
      "rbr": 9,
      "naziv": "NIVES KLJAJIĆ",
      "glasova": 0,
      "posto": "0,00"
    },{
      "rbr": 10,
      "naziv": "DUBRAVKO MARŠAL",
      "glasova": 0,
      "posto": "0,00"
    },{
      "rbr": 11,
      "naziv": "SLAVKO VRBAN",
      "glasova": 0,
      "posto": "0,00"
    },{
      "rbr": 12,
      "naziv": "MIROSLAV MARKOVIĆ",
      "glasova": 0,
      "posto": "0,00"
    },{
      "rbr": 13,
      "naziv": "DEJAN ILIJIĆ",
      "glasova": 0,
      "posto": "0,00"
    },{
      "rbr": 14,
      "naziv": "ROBERT CIFREK",
      "glasova": 0,
      "posto": "0,00"
    }]
  }]
}
