{
  "izbori": "Zastupnički izbori 2024",
  "datum": "17.04.2024.",
  "vrijeme": "21:30",
  "izboriOznaka": "02",
  "ijSifra": "009",
  "bmSifra": "000",
  "ijNaziv": "IX. IZBORNA JEDINICA",
  "gropNaziv": "",
  "bmNaziv": "",
  "bmZatvoreno": 330,
  "bmUkupno": 925,
  "biraciUkupno": 69555,
  "biraciGlasovalo": 40570,
  "biraciGlasovaloPosto": "58,33",
  "listiciUkupno": 40551,
  "listiciVazeci": 39382,
  "listiciVazeciPosto": "97,12",
  "listiciNevazeci": 1169,
  "listiciNevazeciPosto": "2,88",
  "napomena": "* - objavljeni rezultati sadrže i podatke s posebnih biračkih mjesta te s biračkih mjesta u inozemstvu",
  "napomena2": "",
  "lista": [{
    "rbr": 1,
    "stranke": [
      {"naziv": "HRVATSKA DEMOKRATSKA ZAJEDNICA - HDZ"},
      {"naziv": "HRVATSKA SOCIJALNO - LIBERALNA STRANKA - HSLS"},
      {"naziv": "HRVATSKA DEMOKRŠĆANSKA STRANKA - HDS"},
      {"naziv": "HRVATSKA NARODNA STRANKA - LIBERALNI DEMOKRATI - HNS"},
      {"naziv": "HRVATSKA STRANKA UMIROVLJENIKA - HSU"}
    ],
    "jedinstvenaSifra": "001002003011023",
    "glasova": 17137,
    "naziv": "HDZ, HSLS, HDS, HNS, HSU",
    "posto": "43,51",
    "lista": [{
      "rbr": 1,
      "naziv": "IVAN MALENICA",
      "glasova": 3869,
      "posto": "22,57"
    },{
      "rbr": 2,
      "naziv": "ŠIME ERLIĆ",
      "glasova": 1404,
      "posto": "8,19"
    },{
      "rbr": 3,
      "naziv": "ANTE SANADER",
      "glasova": 832,
      "posto": "4,85"
    },{
      "rbr": 4,
      "naziv": "BRANKA JURIČEV-MARTINČEV",
      "glasova": 437,
      "posto": "2,55"
    },{
      "rbr": 5,
      "naziv": "JOSIP BILAVER",
      "glasova": 521,
      "posto": "3,04"
    },{
      "rbr": 6,
      "naziv": "IVAN BUGARIN",
      "glasova": 422,
      "posto": "2,46"
    },{
      "rbr": 7,
      "naziv": "HRVOJE ZEKANOVIĆ",
      "glasova": 838,
      "posto": "4,89"
    },{
      "rbr": 8,
      "naziv": "ANTE BABIĆ",
      "glasova": 124,
      "posto": "0,72"
    },{
      "rbr": 9,
      "naziv": "JAKOV VETMA",
      "glasova": 602,
      "posto": "3,51"
    },{
      "rbr": 10,
      "naziv": "NIKOLINA BARADIĆ",
      "glasova": 219,
      "posto": "1,27"
    },{
      "rbr": 11,
      "naziv": "PERICA BOSANČIĆ",
      "glasova": 57,
      "posto": "0,33"
    },{
      "rbr": 12,
      "naziv": "JURE BRIŽIĆ",
      "glasova": 234,
      "posto": "1,36"
    },{
      "rbr": 13,
      "naziv": "TONČI GLAVINA",
      "glasova": 107,
      "posto": "0,62"
    },{
      "rbr": 14,
      "naziv": "ŽELJKO BURIĆ",
      "glasova": 1250,
      "posto": "7,29"
    }]
  },{
    "rbr": 2,
    "stranke": [
      {"naziv": "SOCIJALDEMOKRATSKA PARTIJA HRVATSKE - SDP"},
      {"naziv": "CENTAR"},
      {"naziv": "HRVATSKA SELJAČKA STRANKA - HSS"},
      {"naziv": "\"DALIJA OREŠKOVIĆ I LJUDI S IMENOM I PREZIMENOM\" - \"DO i SIP\""},
      {"naziv": "NARODNA STRANKA - REFORMISTI - REFORMISTI"},
      {"naziv": "GRAĐANSKO-LIBERALNI SAVEZ - GLAS"}
    ],
    "jedinstvenaSifra": "004017162179244306",
    "glasova": 6949,
    "naziv": "SDP, CENTAR, HSS, \"DO i SIP\", REFORMISTI, GLAS",
    "posto": "17,64",
    "lista": [{
      "rbr": 1,
      "naziv": "SABINA GLASOVAC",
      "glasova": 1727,
      "posto": "24,85"
    },{
      "rbr": 2,
      "naziv": "TONČI RESTOVIĆ",
      "glasova": 719,
      "posto": "10,34"
    },{
      "rbr": 3,
      "naziv": "IRENA DRAGIĆ",
      "glasova": 65,
      "posto": "0,93"
    },{
      "rbr": 4,
      "naziv": "IGOR SKOKO",
      "glasova": 53,
      "posto": "0,76"
    },{
      "rbr": 5,
      "naziv": "BRANKO GRČIĆ",
      "glasova": 558,
      "posto": "8,02"
    },{
      "rbr": 6,
      "naziv": "NATAŠA DELONGA POPARIĆ",
      "glasova": 78,
      "posto": "1,12"
    },{
      "rbr": 7,
      "naziv": "DANIEL RADETA",
      "glasova": 117,
      "posto": "1,68"
    },{
      "rbr": 8,
      "naziv": "RUŽICA JAKŠIĆ",
      "glasova": 42,
      "posto": "0,60"
    },{
      "rbr": 9,
      "naziv": "KARLO KLARIN",
      "glasova": 83,
      "posto": "1,19"
    },{
      "rbr": 10,
      "naziv": "IVANA VUČENOVIĆ",
      "glasova": 55,
      "posto": "0,79"
    },{
      "rbr": 11,
      "naziv": "IVANA PERIŠIN",
      "glasova": 12,
      "posto": "0,17"
    },{
      "rbr": 12,
      "naziv": "ZDENKO JUKIĆ",
      "glasova": 21,
      "posto": "0,30"
    },{
      "rbr": 13,
      "naziv": "ANJA RAMADŽA",
      "glasova": 19,
      "posto": "0,27"
    },{
      "rbr": 14,
      "naziv": "PETAR VRVILO",
      "glasova": 167,
      "posto": "2,40"
    }]
  },{
    "rbr": 3,
    "stranke": [
      {"naziv": "MOST"},
      {"naziv": "HRVATSKI SUVERENISTI"},
      {"naziv": "HRVATSKA KONZERVATIVNA STRANKA - HKS"},
      {"naziv": "NEZAVISNA LISTA MLADIH - NLM"}
    ],
    "jedinstvenaSifra": "131165188263",
    "glasova": 4279,
    "naziv": "MOST, HRVATSKI SUVERENISTI, HKS, NLM",
    "posto": "10,86",
    "lista": [{
      "rbr": 1,
      "naziv": "MIRO BULJ",
      "glasova": 1933,
      "posto": "45,17"
    },{
      "rbr": 2,
      "naziv": "IVAN MATIĆ",
      "glasova": 79,
      "posto": "1,84"
    },{
      "rbr": 3,
      "naziv": "IVICA LEDENKO",
      "glasova": 222,
      "posto": "5,18"
    },{
      "rbr": 4,
      "naziv": "MILIJA BALDIĆ-LUKŠIĆ",
      "glasova": 12,
      "posto": "0,28"
    },{
      "rbr": 5,
      "naziv": "IVAN ANDABAK",
      "glasova": 33,
      "posto": "0,77"
    },{
      "rbr": 6,
      "naziv": "ŽELJANA POPIĆ",
      "glasova": 18,
      "posto": "0,42"
    },{
      "rbr": 7,
      "naziv": "MIHOVIL KLARIĆ",
      "glasova": 129,
      "posto": "3,01"
    },{
      "rbr": 8,
      "naziv": "MARINA PAŠKALIN",
      "glasova": 32,
      "posto": "0,74"
    },{
      "rbr": 9,
      "naziv": "KLARA BUŠIĆ",
      "glasova": 38,
      "posto": "0,88"
    },{
      "rbr": 10,
      "naziv": "MARIJAN JURIĆ",
      "glasova": 36,
      "posto": "0,84"
    },{
      "rbr": 11,
      "naziv": "IVANA ŠEVO",
      "glasova": 14,
      "posto": "0,32"
    },{
      "rbr": 12,
      "naziv": "BISERKA GRGIN",
      "glasova": 7,
      "posto": "0,16"
    },{
      "rbr": 13,
      "naziv": "IVAN ŠUSTIĆ",
      "glasova": 22,
      "posto": "0,51"
    },{
      "rbr": 14,
      "naziv": "PETAR MARETIĆ",
      "glasova": 97,
      "posto": "2,26"
    }]
  },{
    "rbr": 4,
    "stranke": [
      {"naziv": "DOMOVINSKI POKRET - DP"},
      {"naziv": "PRAVO I PRAVDA"}
    ],
    "jedinstvenaSifra": "267312",
    "glasova": 4157,
    "naziv": "DP, PRAVO I PRAVDA",
    "posto": "10,55",
    "lista": [{
      "rbr": 1,
      "naziv": "DAMIR BILOGLAV",
      "glasova": 1085,
      "posto": "26,10"
    },{
      "rbr": 2,
      "naziv": "IVAN ŠIPIĆ",
      "glasova": 317,
      "posto": "7,62"
    },{
      "rbr": 3,
      "naziv": "PREDRAG MIŠIĆ",
      "glasova": 337,
      "posto": "8,10"
    },{
      "rbr": 4,
      "naziv": "IVE ĆALETA-CAR",
      "glasova": 293,
      "posto": "7,04"
    },{
      "rbr": 5,
      "naziv": "FRANE TOKIĆ",
      "glasova": 111,
      "posto": "2,67"
    },{
      "rbr": 6,
      "naziv": "DANIJEL KOTLAR",
      "glasova": 142,
      "posto": "3,41"
    },{
      "rbr": 7,
      "naziv": "MIRO MORO",
      "glasova": 81,
      "posto": "1,94"
    },{
      "rbr": 8,
      "naziv": "ANAMARIJA FRANKIĆ",
      "glasova": 32,
      "posto": "0,76"
    },{
      "rbr": 9,
      "naziv": "SNJEŽANA KULIŠ",
      "glasova": 8,
      "posto": "0,19"
    },{
      "rbr": 10,
      "naziv": "JELENA GRGIĆ",
      "glasova": 14,
      "posto": "0,33"
    },{
      "rbr": 11,
      "naziv": "MARIJA ŠARAC",
      "glasova": 12,
      "posto": "0,28"
    },{
      "rbr": 12,
      "naziv": "DANICA ŽARKO",
      "glasova": 8,
      "posto": "0,19"
    },{
      "rbr": 13,
      "naziv": "SNEŽANA ŽAJA",
      "glasova": 40,
      "posto": "0,96"
    },{
      "rbr": 14,
      "naziv": "DAMJAN VUCELIĆ",
      "glasova": 46,
      "posto": "1,10"
    }]
  },{
    "rbr": 5,
    "stranke": [
      {"naziv": "MOŽEMO! - POLITIČKA PLATFORMA"}
    ],
    "jedinstvenaSifra": "255",
    "glasova": 1522,
    "naziv": "MOŽEMO! - POLITIČKA PLATFORMA",
    "posto": "3,86",
    "lista": [{
      "rbr": 1,
      "naziv": "MAJA ŠINTIĆ",
      "glasova": 403,
      "posto": "26,47"
    },{
      "rbr": 2,
      "naziv": "IVAN SLAVICA",
      "glasova": 55,
      "posto": "3,61"
    },{
      "rbr": 3,
      "naziv": "ANA ŠIMIĆ",
      "glasova": 70,
      "posto": "4,59"
    },{
      "rbr": 4,
      "naziv": "MARKO LUKAVAC",
      "glasova": 12,
      "posto": "0,78"
    },{
      "rbr": 5,
      "naziv": "NINA MILIČEVIĆ",
      "glasova": 19,
      "posto": "1,24"
    },{
      "rbr": 6,
      "naziv": "IVICA SMOLJAN",
      "glasova": 9,
      "posto": "0,59"
    },{
      "rbr": 7,
      "naziv": "SILVANA ČEKO JURIŠIĆ",
      "glasova": 16,
      "posto": "1,05"
    },{
      "rbr": 8,
      "naziv": "ZDRAVKO BELUŠIĆ",
      "glasova": 1,
      "posto": "0,06"
    },{
      "rbr": 9,
      "naziv": "IVA IVAS",
      "glasova": 24,
      "posto": "1,57"
    },{
      "rbr": 10,
      "naziv": "DUŠAN MILOŠ",
      "glasova": 4,
      "posto": "0,26"
    },{
      "rbr": 11,
      "naziv": "ANTONIJA LETINIĆ",
      "glasova": 7,
      "posto": "0,45"
    },{
      "rbr": 12,
      "naziv": "JERE MEIĆ",
      "glasova": 8,
      "posto": "0,52"
    },{
      "rbr": 13,
      "naziv": "PETRA HRAŠĆANEC",
      "glasova": 8,
      "posto": "0,52"
    },{
      "rbr": 14,
      "naziv": "DUNJA GUSIĆ",
      "glasova": 24,
      "posto": "1,57"
    }]
  },{
    "rbr": 6,
    "stranke": [
      {"naziv": "RIČARD NEZAVISNI"}
    ],
    "jedinstvenaSifra": "313",
    "glasova": 1463,
    "naziv": "RIČARD NEZAVISNI",
    "posto": "3,71",
    "lista": [{
      "rbr": 1,
      "naziv": "MARIN PIJACA",
      "glasova": 231,
      "posto": "15,78"
    },{
      "rbr": 2,
      "naziv": "DRITA DUNATOV",
      "glasova": 27,
      "posto": "1,84"
    },{
      "rbr": 3,
      "naziv": "RINO RADOS",
      "glasova": 15,
      "posto": "1,02"
    },{
      "rbr": 4,
      "naziv": "ANADIA KOŽUL",
      "glasova": 7,
      "posto": "0,47"
    },{
      "rbr": 5,
      "naziv": "ŽELJKO KRIZMAN",
      "glasova": 11,
      "posto": "0,75"
    },{
      "rbr": 6,
      "naziv": "ADELA FRANK",
      "glasova": 11,
      "posto": "0,75"
    },{
      "rbr": 7,
      "naziv": "VITO DOVRANIĆ",
      "glasova": 6,
      "posto": "0,41"
    },{
      "rbr": 8,
      "naziv": "LUCIA MATEŠIĆ",
      "glasova": 17,
      "posto": "1,16"
    },{
      "rbr": 9,
      "naziv": "MARKO ŽORŽ",
      "glasova": 25,
      "posto": "1,70"
    },{
      "rbr": 10,
      "naziv": "ANTONIA MEŠTROVIĆ",
      "glasova": 52,
      "posto": "3,55"
    },{
      "rbr": 11,
      "naziv": "IVAN JURKOVIĆ",
      "glasova": 7,
      "posto": "0,47"
    },{
      "rbr": 12,
      "naziv": "BRANKICA MATULJ",
      "glasova": 4,
      "posto": "0,27"
    },{
      "rbr": 13,
      "naziv": "SRĐAN ČUKLIN",
      "glasova": 4,
      "posto": "0,27"
    },{
      "rbr": 14,
      "naziv": "DAVOR OLIĆ",
      "glasova": 10,
      "posto": "0,68"
    }]
  },{
    "rbr": 7,
    "stranke": [
      {"naziv": "UMIROVLJENICI ZAJEDNO - POLITIČKA PLATFORMA - UMIROVLJENICI ZAJEDNO"},
      {"naziv": "STRANKA UMIROVLJENIKA - SU"},
      {"naziv": "BLOK UMIROVLJENICI ZAJEDNO - BUZ"},
      {"naziv": "DEMOKRATSKA STRANKA UMIROVLJENIKA - DSU"}
    ],
    "jedinstvenaSifra": "039041102301",
    "glasova": 642,
    "naziv": "UMIROVLJENICI ZAJEDNO, SU, BUZ, DSU",
    "posto": "1,63",
    "lista": [{
      "rbr": 1,
      "naziv": "DUŠKO VUKOVIĆ",
      "glasova": 108,
      "posto": "16,82"
    },{
      "rbr": 2,
      "naziv": "ANĐELKO DUVANČIĆ",
      "glasova": 29,
      "posto": "4,51"
    },{
      "rbr": 3,
      "naziv": "MARKO MIJIĆ",
      "glasova": 20,
      "posto": "3,11"
    },{
      "rbr": 4,
      "naziv": "ROBERT PELICARIĆ",
      "glasova": 14,
      "posto": "2,18"
    },{
      "rbr": 5,
      "naziv": "ZVJEZDANA RONČEVIĆ HRS",
      "glasova": 14,
      "posto": "2,18"
    },{
      "rbr": 6,
      "naziv": "MARTINA MATACIN",
      "glasova": 13,
      "posto": "2,02"
    },{
      "rbr": 7,
      "naziv": "KATARINA NEKIĆ",
      "glasova": 18,
      "posto": "2,80"
    },{
      "rbr": 8,
      "naziv": "VLADIMIR HRS",
      "glasova": 5,
      "posto": "0,77"
    },{
      "rbr": 9,
      "naziv": "CARLA SANTIN",
      "glasova": 3,
      "posto": "0,46"
    },{
      "rbr": 10,
      "naziv": "ANITA MERLE",
      "glasova": 8,
      "posto": "1,24"
    },{
      "rbr": 11,
      "naziv": "BORIS FRAKIN",
      "glasova": 1,
      "posto": "0,15"
    },{
      "rbr": 12,
      "naziv": "PAOLA BABAJKO",
      "glasova": 7,
      "posto": "1,09"
    },{
      "rbr": 13,
      "naziv": "BOŽO NEKIĆ",
      "glasova": 13,
      "posto": "2,02"
    },{
      "rbr": 14,
      "naziv": "JELENA VUKOVIĆ",
      "glasova": 30,
      "posto": "4,67"
    }]
  },{
    "rbr": 8,
    "stranke": [
      {"naziv": "FOKUS"},
      {"naziv": "REPUBLIKA"}
    ],
    "jedinstvenaSifra": "270310",
    "glasova": 623,
    "naziv": "FOKUS, REPUBLIKA",
    "posto": "1,58",
    "lista": [{
      "rbr": 1,
      "naziv": "GORAN ŠIMIĆ",
      "glasova": 307,
      "posto": "49,27"
    },{
      "rbr": 2,
      "naziv": "NIKŠA KULUŠIĆ",
      "glasova": 17,
      "posto": "2,72"
    },{
      "rbr": 3,
      "naziv": "MIRJANA PLEČKO",
      "glasova": 7,
      "posto": "1,12"
    },{
      "rbr": 4,
      "naziv": "FILIP JAGARINEC",
      "glasova": 0,
      "posto": "0,00"
    },{
      "rbr": 5,
      "naziv": "LORENZO UJEVIĆ",
      "glasova": 8,
      "posto": "1,28"
    },{
      "rbr": 6,
      "naziv": "ŠIME MARTINOVIĆ",
      "glasova": 7,
      "posto": "1,12"
    },{
      "rbr": 7,
      "naziv": "SANDA POLIČAK KOKIĆ",
      "glasova": 10,
      "posto": "1,60"
    },{
      "rbr": 8,
      "naziv": "MARTINA KRPETIĆ",
      "glasova": 5,
      "posto": "0,80"
    },{
      "rbr": 9,
      "naziv": "MIRA LUČEV",
      "glasova": 2,
      "posto": "0,32"
    },{
      "rbr": 10,
      "naziv": "ANTE ČUBRIĆ",
      "glasova": 8,
      "posto": "1,28"
    },{
      "rbr": 11,
      "naziv": "ANTONELA GAROFULIĆ",
      "glasova": 5,
      "posto": "0,80"
    },{
      "rbr": 12,
      "naziv": "SLAĐANA PAVLOVIĆ",
      "glasova": 3,
      "posto": "0,48"
    },{
      "rbr": 13,
      "naziv": "SLAVIŠA PAVLOVIĆ",
      "glasova": 4,
      "posto": "0,64"
    },{
      "rbr": 14,
      "naziv": "IVAN GULAM",
      "glasova": 70,
      "posto": "11,23"
    }]
  },{
    "rbr": 9,
    "stranke": [
      {"naziv": "HRVATSKA STRANKA PRAVA - HSP"},
      {"naziv": "HRVATSKO BILO"},
      {"naziv": "HRVATSKA DEMOKRATSKA SELJAČKA STRANKA - HDSS"}
    ],
    "jedinstvenaSifra": "007018308",
    "glasova": 557,
    "naziv": "HSP, HRVATSKO BILO, HDSS",
    "posto": "1,41",
    "lista": [{
      "rbr": 1,
      "naziv": "ŽELJKO GLASNOVIĆ",
      "glasova": 187,
      "posto": "33,57"
    },{
      "rbr": 2,
      "naziv": "ANGELO ŽILIĆ",
      "glasova": 22,
      "posto": "3,94"
    },{
      "rbr": 3,
      "naziv": "MARKO SKEJO",
      "glasova": 129,
      "posto": "23,15"
    },{
      "rbr": 4,
      "naziv": "LUKA PODRUG",
      "glasova": 13,
      "posto": "2,33"
    },{
      "rbr": 5,
      "naziv": "ANA NIMAC",
      "glasova": 3,
      "posto": "0,53"
    },{
      "rbr": 6,
      "naziv": "IVANKA ŠPRALJA",
      "glasova": 2,
      "posto": "0,35"
    },{
      "rbr": 7,
      "naziv": "LUCIJA SKORUP",
      "glasova": 3,
      "posto": "0,53"
    },{
      "rbr": 8,
      "naziv": "GORDANA PUTNIK",
      "glasova": 2,
      "posto": "0,35"
    },{
      "rbr": 9,
      "naziv": "HELENA MIŠKOVIĆ DUŽEVIĆ",
      "glasova": 0,
      "posto": "0,00"
    },{
      "rbr": 10,
      "naziv": "IVONA ŠPRALJA",
      "glasova": 0,
      "posto": "0,00"
    },{
      "rbr": 11,
      "naziv": "MLADEN BOBIĆ",
      "glasova": 2,
      "posto": "0,35"
    },{
      "rbr": 12,
      "naziv": "ALBERT BOŽULIĆ",
      "glasova": 1,
      "posto": "0,17"
    },{
      "rbr": 13,
      "naziv": "ANTO KOMLJEN",
      "glasova": 4,
      "posto": "0,71"
    },{
      "rbr": 14,
      "naziv": "MATE LUKIĆ",
      "glasova": 47,
      "posto": "8,43"
    }]
  },{
    "rbr": 10,
    "stranke": [
      {"naziv": "SOCIJALDEMOKRATI"},
      {"naziv": "ISTARSKI DEMOKRATSKI SABOR - IDS"},
      {"naziv": "PRIMORSKO GORANSKI SAVEZ - PGS"},
      {"naziv": "HRVATSKI LABURISTI - STRANKA RADA - LABURISTI"},
      {"naziv": "DEMOKRATI"}
    ],
    "jedinstvenaSifra": "005006100251299",
    "glasova": 474,
    "naziv": "SOCIJALDEMOKRATI, IDS, PGS, LABURISTI, DEMOKRATI",
    "posto": "1,20",
    "lista": [{
      "rbr": 1,
      "naziv": "FRANKO VIDOVIĆ",
      "glasova": 285,
      "posto": "60,12"
    },{
      "rbr": 2,
      "naziv": "RENATA SABLJAR-DRAČEVAC",
      "glasova": 10,
      "posto": "2,10"
    },{
      "rbr": 3,
      "naziv": "MARIJAN STAREŠINIĆ",
      "glasova": 2,
      "posto": "0,42"
    },{
      "rbr": 4,
      "naziv": "RADOSLAVA GREGOV",
      "glasova": 2,
      "posto": "0,42"
    },{
      "rbr": 5,
      "naziv": "MARIO DRAUŠNIK",
      "glasova": 4,
      "posto": "0,84"
    },{
      "rbr": 6,
      "naziv": "ANKICA KOSOVEC-KRŽELJ",
      "glasova": 3,
      "posto": "0,63"
    },{
      "rbr": 7,
      "naziv": "MLADEN MATIJAŠEC",
      "glasova": 0,
      "posto": "0,00"
    },{
      "rbr": 8,
      "naziv": "ZLATKO VUIĆ",
      "glasova": 4,
      "posto": "0,84"
    },{
      "rbr": 9,
      "naziv": "DIANA MARTINOVIĆ",
      "glasova": 1,
      "posto": "0,21"
    },{
      "rbr": 10,
      "naziv": "ANA-MARIJA ČULE IVKIĆ",
      "glasova": 0,
      "posto": "0,00"
    },{
      "rbr": 11,
      "naziv": "FABIANA VIDOVIĆ",
      "glasova": 1,
      "posto": "0,21"
    },{
      "rbr": 12,
      "naziv": "IVAN KOZOLIĆ",
      "glasova": 0,
      "posto": "0,00"
    },{
      "rbr": 13,
      "naziv": "ANTONIJA ŠMISL MATKIĆ",
      "glasova": 0,
      "posto": "0,00"
    },{
      "rbr": 14,
      "naziv": "JOSIP MANDIĆ",
      "glasova": 3,
      "posto": "0,63"
    }]
  },{
    "rbr": 11,
    "stranke": [
      {"naziv": "ODLUČNOST I PRAVEDNOST - OIP"}
    ],
    "jedinstvenaSifra": "300",
    "glasova": 418,
    "naziv": "OIP",
    "posto": "1,06",
    "lista": [{
      "rbr": 1,
      "naziv": "DENIS MARIĆ",
      "glasova": 60,
      "posto": "14,35"
    },{
      "rbr": 2,
      "naziv": "DINO ERCEG",
      "glasova": 15,
      "posto": "3,58"
    },{
      "rbr": 3,
      "naziv": "MARKO GRBIĆ",
      "glasova": 11,
      "posto": "2,63"
    },{
      "rbr": 4,
      "naziv": "MILJENKA PRENĐA SARIĆ",
      "glasova": 13,
      "posto": "3,11"
    },{
      "rbr": 5,
      "naziv": "RONALD GALIĆ",
      "glasova": 5,
      "posto": "1,19"
    },{
      "rbr": 6,
      "naziv": "DRAGAN OSTOJIĆ",
      "glasova": 2,
      "posto": "0,47"
    },{
      "rbr": 7,
      "naziv": "FRANE NEKIĆ",
      "glasova": 4,
      "posto": "0,95"
    },{
      "rbr": 8,
      "naziv": "JULIA BRAJIČIĆ",
      "glasova": 12,
      "posto": "2,87"
    },{
      "rbr": 9,
      "naziv": "ANDRIJA SAMARDŽIJA",
      "glasova": 2,
      "posto": "0,47"
    },{
      "rbr": 10,
      "naziv": "AUGUSTIN BENIĆ",
      "glasova": 5,
      "posto": "1,19"
    },{
      "rbr": 11,
      "naziv": "RADMILA PERIĆ",
      "glasova": 4,
      "posto": "0,95"
    },{
      "rbr": 12,
      "naziv": "IVA ZADELJ",
      "glasova": 2,
      "posto": "0,47"
    },{
      "rbr": 13,
      "naziv": "ZORAN GAŠPEROV",
      "glasova": 6,
      "posto": "1,43"
    },{
      "rbr": 14,
      "naziv": "IVICA SVAGUŠA",
      "glasova": 1,
      "posto": "0,23"
    }]
  },{
    "rbr": 12,
    "stranke": [
      {"naziv": "AKCIJA ZA PROMJENE"},
      {"naziv": "AGRARNA STRANKA - POKRET ZA HRVATSKU POLJOPRIVREDU"}
    ],
    "jedinstvenaSifra": "303305",
    "glasova": 374,
    "naziv": "AKCIJA ZA PROMJENE, AGRARNA STRANKA - POKRET ZA HRVATSKU POLJOPRIVREDU",
    "posto": "0,94",
    "lista": [{
      "rbr": 1,
      "naziv": "MARKO JELIĆ",
      "glasova": 147,
      "posto": "39,30"
    },{
      "rbr": 2,
      "naziv": "IVICA ŽUVELA",
      "glasova": 45,
      "posto": "12,03"
    },{
      "rbr": 3,
      "naziv": "MARKO GRUBELIĆ",
      "glasova": 34,
      "posto": "9,09"
    },{
      "rbr": 4,
      "naziv": "KRISTINA PERIĆ",
      "glasova": 11,
      "posto": "2,94"
    },{
      "rbr": 5,
      "naziv": "BRUNO MIŠLOV",
      "glasova": 6,
      "posto": "1,60"
    },{
      "rbr": 6,
      "naziv": "SNJEŽANA JOLIĆ",
      "glasova": 1,
      "posto": "0,26"
    },{
      "rbr": 7,
      "naziv": "SANJA RADIN-MAČUKAT",
      "glasova": 8,
      "posto": "2,13"
    },{
      "rbr": 8,
      "naziv": "JASMINKA TOMIĆ",
      "glasova": 1,
      "posto": "0,26"
    },{
      "rbr": 9,
      "naziv": "SANJA LULIĆ",
      "glasova": 0,
      "posto": "0,00"
    },{
      "rbr": 10,
      "naziv": "JELENA KAIĆ",
      "glasova": 6,
      "posto": "1,60"
    },{
      "rbr": 11,
      "naziv": "ANTE ŠEPAROVIĆ",
      "glasova": 1,
      "posto": "0,26"
    },{
      "rbr": 12,
      "naziv": "LIDIJA SLAVIĆ",
      "glasova": 6,
      "posto": "1,60"
    },{
      "rbr": 13,
      "naziv": "ZLATKO ĆESIĆ",
      "glasova": 0,
      "posto": "0,00"
    },{
      "rbr": 14,
      "naziv": "GORAN MLADENOVIĆ",
      "glasova": 13,
      "posto": "3,47"
    }]
  },{
    "rbr": 13,
    "stranke": [
      {"naziv": "STRANKA IVANA PERNARA"}
    ],
    "jedinstvenaSifra": "259",
    "glasova": 228,
    "naziv": "STRANKA IVANA PERNARA",
    "posto": "0,57",
    "lista": [{
      "rbr": 1,
      "naziv": "DANIEL MIJATOVIĆ",
      "glasova": 52,
      "posto": "22,80"
    },{
      "rbr": 2,
      "naziv": "SAMANTA KNEŽEVIĆ",
      "glasova": 9,
      "posto": "3,94"
    },{
      "rbr": 3,
      "naziv": "DANIJEL BALTIĆ",
      "glasova": 5,
      "posto": "2,19"
    },{
      "rbr": 4,
      "naziv": "ANDREA NOVAKOVIĆ",
      "glasova": 6,
      "posto": "2,63"
    },{
      "rbr": 5,
      "naziv": "KRISTIAN ŠULJAK",
      "glasova": 6,
      "posto": "2,63"
    },{
      "rbr": 6,
      "naziv": "TINA ALMIĆ",
      "glasova": 3,
      "posto": "1,31"
    },{
      "rbr": 7,
      "naziv": "DOLORES MILOVAC",
      "glasova": 2,
      "posto": "0,87"
    },{
      "rbr": 8,
      "naziv": "GRGO PLAZINA",
      "glasova": 2,
      "posto": "0,87"
    },{
      "rbr": 9,
      "naziv": "NIKOLINA UJAKOVIĆ",
      "glasova": 1,
      "posto": "0,43"
    },{
      "rbr": 10,
      "naziv": "IVAN ĐURIĆ",
      "glasova": 3,
      "posto": "1,31"
    },{
      "rbr": 11,
      "naziv": "LUKA MOHENSKI",
      "glasova": 3,
      "posto": "1,31"
    },{
      "rbr": 12,
      "naziv": "ROBERT BUZOV",
      "glasova": 3,
      "posto": "1,31"
    },{
      "rbr": 13,
      "naziv": "HANA BEKINA",
      "glasova": 2,
      "posto": "0,87"
    },{
      "rbr": 14,
      "naziv": "BRANKO BUZOV",
      "glasova": 13,
      "posto": "5,70"
    }]
  },{
    "rbr": 14,
    "stranke": [
      {"naziv": "RADNIČKA FRONTA - RF"}
    ],
    "jedinstvenaSifra": "168",
    "glasova": 145,
    "naziv": "RF",
    "posto": "0,36",
    "lista": [{
      "rbr": 1,
      "naziv": "BORIS MIJAKOVAC",
      "glasova": 21,
      "posto": "14,48"
    },{
      "rbr": 2,
      "naziv": "LUJANA PARAMAN",
      "glasova": 5,
      "posto": "3,44"
    },{
      "rbr": 3,
      "naziv": "TONI BEDALOV",
      "glasova": 2,
      "posto": "1,37"
    },{
      "rbr": 4,
      "naziv": "ANĐELKA ANTULOV",
      "glasova": 5,
      "posto": "3,44"
    },{
      "rbr": 5,
      "naziv": "IVAN BARIĆ",
      "glasova": 4,
      "posto": "2,75"
    },{
      "rbr": 6,
      "naziv": "KATARINA NEMET",
      "glasova": 4,
      "posto": "2,75"
    },{
      "rbr": 7,
      "naziv": "IVO MATULIĆ",
      "glasova": 7,
      "posto": "4,82"
    },{
      "rbr": 8,
      "naziv": "GORAN KAUZLARIĆ",
      "glasova": 0,
      "posto": "0,00"
    },{
      "rbr": 9,
      "naziv": "BORISLAVA VULIĆ",
      "glasova": 0,
      "posto": "0,00"
    },{
      "rbr": 10,
      "naziv": "GORDANA ŽIC",
      "glasova": 0,
      "posto": "0,00"
    },{
      "rbr": 11,
      "naziv": "SLAVEN KUPINA",
      "glasova": 2,
      "posto": "1,37"
    },{
      "rbr": 12,
      "naziv": "MARGARITA ZIKOLLAJ BARBARIĆ",
      "glasova": 2,
      "posto": "1,37"
    },{
      "rbr": 13,
      "naziv": "BELA NADJ",
      "glasova": 0,
      "posto": "0,00"
    },{
      "rbr": 14,
      "naziv": "MARIO MARKOVINA",
      "glasova": 7,
      "posto": "4,82"
    }]
  },{
    "rbr": 15,
    "stranke": [
      {"naziv": "HRVATSKA STRANKA PRAVA DR. ANTE STARČEVIĆ"}
    ],
    "jedinstvenaSifra": "096",
    "glasova": 137,
    "naziv": "HRVATSKA STRANKA PRAVA DR. ANTE STARČEVIĆ",
    "posto": "0,34",
    "lista": [{
      "rbr": 1,
      "naziv": "SLOBODAN DEVIĆ",
      "glasova": 23,
      "posto": "16,78"
    },{
      "rbr": 2,
      "naziv": "IVICA MIKULIĆ",
      "glasova": 4,
      "posto": "2,91"
    },{
      "rbr": 3,
      "naziv": "MIRANDA JAMNICKI DOIMI DI DELUPIS",
      "glasova": 4,
      "posto": "2,91"
    },{
      "rbr": 4,
      "naziv": "NENAD KLARIĆ",
      "glasova": 3,
      "posto": "2,18"
    },{
      "rbr": 5,
      "naziv": "IVE MILETIĆ",
      "glasova": 9,
      "posto": "6,56"
    },{
      "rbr": 6,
      "naziv": "VESNA PALEKA",
      "glasova": 2,
      "posto": "1,45"
    },{
      "rbr": 7,
      "naziv": "NATHALIE DIJOUX BRALIĆ",
      "glasova": 3,
      "posto": "2,18"
    },{
      "rbr": 8,
      "naziv": "ANTE KATALINIĆ",
      "glasova": 1,
      "posto": "0,72"
    },{
      "rbr": 9,
      "naziv": "ŽELJKA BARIČEVIĆ",
      "glasova": 5,
      "posto": "3,64"
    },{
      "rbr": 10,
      "naziv": "ENA BLAGOJEVIĆ",
      "glasova": 1,
      "posto": "0,72"
    },{
      "rbr": 11,
      "naziv": "MARIO ZRILIĆ",
      "glasova": 5,
      "posto": "3,64"
    },{
      "rbr": 12,
      "naziv": "JASMINKA KEKIĆ ŽEPINA",
      "glasova": 1,
      "posto": "0,72"
    },{
      "rbr": 13,
      "naziv": "SILVIJA HLUBNI BARABA",
      "glasova": 0,
      "posto": "0,00"
    },{
      "rbr": 14,
      "naziv": "BOŽIDAR LOKIN",
      "glasova": 10,
      "posto": "7,29"
    }]
  },{
    "rbr": 16,
    "stranke": [
      {"naziv": "AUTOHTONA - HRVATSKA STRANKA PRAVA - DRAŽEN KELEMINEC - A - HSP - Dražen Keleminec"}
    ],
    "jedinstvenaSifra": "049",
    "glasova": 128,
    "naziv": "A - HSP - Dražen Keleminec",
    "posto": "0,32",
    "lista": [{
      "rbr": 1,
      "naziv": "ELVIS MEIĆ-SIDIĆ",
      "glasova": 21,
      "posto": "16,40"
    },{
      "rbr": 2,
      "naziv": "PAŠKO UJAKOVIĆ",
      "glasova": 6,
      "posto": "4,68"
    },{
      "rbr": 3,
      "naziv": "MATE GOTOVAC",
      "glasova": 7,
      "posto": "5,46"
    },{
      "rbr": 4,
      "naziv": "TANJA MESAROŠ",
      "glasova": 0,
      "posto": "0,00"
    },{
      "rbr": 5,
      "naziv": "IVICA BAŠIĆ",
      "glasova": 11,
      "posto": "8,59"
    },{
      "rbr": 6,
      "naziv": "MARIJA MIOČ",
      "glasova": 4,
      "posto": "3,12"
    },{
      "rbr": 7,
      "naziv": "ANTO VUKADIN",
      "glasova": 14,
      "posto": "10,93"
    },{
      "rbr": 8,
      "naziv": "PETAR MILAVIĆ",
      "glasova": 3,
      "posto": "2,34"
    },{
      "rbr": 9,
      "naziv": "SNJEŽANA PLETIKOSA",
      "glasova": 2,
      "posto": "1,56"
    },{
      "rbr": 10,
      "naziv": "KREŠIMIR BAKOVIĆ",
      "glasova": 1,
      "posto": "0,78"
    },{
      "rbr": 11,
      "naziv": "KRISTINA VUKADIN",
      "glasova": 1,
      "posto": "0,78"
    },{
      "rbr": 12,
      "naziv": "JOSIP MESAROŠ",
      "glasova": 2,
      "posto": "1,56"
    },{
      "rbr": 13,
      "naziv": "KRISTINA UJAKOVIĆ",
      "glasova": 2,
      "posto": "1,56"
    },{
      "rbr": 14,
      "naziv": "LJILJA VUKADIN",
      "glasova": 5,
      "posto": "3,90"
    }]
  },{
    "rbr": 17,
    "stranke": [
      {"naziv": "JAVNO DOBRO"}
    ],
    "jedinstvenaSifra": "309",
    "glasova": 113,
    "naziv": "JAVNO DOBRO",
    "posto": "0,28",
    "lista": [{
      "rbr": 1,
      "naziv": "MARJANA BOTIĆ",
      "glasova": 17,
      "posto": "15,04"
    },{
      "rbr": 2,
      "naziv": "IVAN TEŠIJA",
      "glasova": 40,
      "posto": "35,39"
    },{
      "rbr": 3,
      "naziv": "ŽELJAN JURLIN",
      "glasova": 3,
      "posto": "2,65"
    },{
      "rbr": 4,
      "naziv": "MIRTA TOMAS",
      "glasova": 2,
      "posto": "1,76"
    },{
      "rbr": 5,
      "naziv": "ZRINKA MATKOVIĆ VICULIN",
      "glasova": 1,
      "posto": "0,88"
    },{
      "rbr": 6,
      "naziv": "VJERAN DUVNJAK",
      "glasova": 1,
      "posto": "0,88"
    },{
      "rbr": 7,
      "naziv": "ROBERTO JENJIĆ",
      "glasova": 2,
      "posto": "1,76"
    },{
      "rbr": 8,
      "naziv": "TATJANA PAUN",
      "glasova": 1,
      "posto": "0,88"
    },{
      "rbr": 9,
      "naziv": "NINA VELČIĆ BUSANIĆ",
      "glasova": 1,
      "posto": "0,88"
    },{
      "rbr": 10,
      "naziv": "MARIO ŽIVKOVIĆ",
      "glasova": 5,
      "posto": "4,42"
    },{
      "rbr": 11,
      "naziv": "TEA KURTIĆ",
      "glasova": 1,
      "posto": "0,88"
    },{
      "rbr": 12,
      "naziv": "SLAVEN ŠIMIĆ",
      "glasova": 1,
      "posto": "0,88"
    },{
      "rbr": 13,
      "naziv": "LADISLAV RADOSLOVIĆ",
      "glasova": 0,
      "posto": "0,00"
    },{
      "rbr": 14,
      "naziv": "ARSEN MUJAGIĆ",
      "glasova": 1,
      "posto": "0,88"
    }]
  },{
    "rbr": 18,
    "stranke": [
      {"naziv": "STRANKA HRVATSKOG ZAJEDNIŠTVA - SHZ"}
    ],
    "jedinstvenaSifra": "099",
    "glasova": 36,
    "naziv": "SHZ",
    "posto": "0,09",
    "lista": [{
      "rbr": 1,
      "naziv": "MILJENKO MARIĆ",
      "glasova": 10,
      "posto": "27,77"
    },{
      "rbr": 2,
      "naziv": "NIKOLA ŠIMIĆ",
      "glasova": 1,
      "posto": "2,77"
    },{
      "rbr": 3,
      "naziv": "AUGUSTINA RIMANIĆ",
      "glasova": 0,
      "posto": "0,00"
    },{
      "rbr": 4,
      "naziv": "ANAMARIJA ĆURKOVIĆ",
      "glasova": 0,
      "posto": "0,00"
    },{
      "rbr": 5,
      "naziv": "ZLATKO DUNDOVIĆ",
      "glasova": 0,
      "posto": "0,00"
    },{
      "rbr": 6,
      "naziv": "DRAGAN GOVORČIN",
      "glasova": 1,
      "posto": "2,77"
    },{
      "rbr": 7,
      "naziv": "DANIJELA BUDANOVIĆ",
      "glasova": 1,
      "posto": "2,77"
    },{
      "rbr": 8,
      "naziv": "NIVES KAURLOTO-VUČINOVIĆ",
      "glasova": 1,
      "posto": "2,77"
    },{
      "rbr": 9,
      "naziv": "VINKO KLARIĆ",
      "glasova": 0,
      "posto": "0,00"
    },{
      "rbr": 10,
      "naziv": "GORDANA MILIN",
      "glasova": 0,
      "posto": "0,00"
    },{
      "rbr": 11,
      "naziv": "SLAVKO BURČUL",
      "glasova": 1,
      "posto": "2,77"
    },{
      "rbr": 12,
      "naziv": "ANĐELKA KRNETA",
      "glasova": 1,
      "posto": "2,77"
    },{
      "rbr": 13,
      "naziv": "JULIJE JELASKA",
      "glasova": 0,
      "posto": "0,00"
    },{
      "rbr": 14,
      "naziv": "GAŠPAR BILIĆ",
      "glasova": 0,
      "posto": "0,00"
    }]
  }]
}
