{
  "izbori": "Zastupnički izbori 2024",
  "datum": "17.04.2024.",
  "vrijeme": "21:30",
  "izboriOznaka": "02",
  "ijSifra": "004",
  "bmSifra": "000",
  "ijNaziv": "IV. IZBORNA JEDINICA",
  "gropNaziv": "OSIJEK",
  "bmNaziv": "",
  "bmZatvoreno": 35,
  "bmUkupno": 117,
  "biraciUkupno": 21565,
  "biraciGlasovalo": 13408,
  "biraciGlasovaloPosto": "62,17",
  "listiciUkupno": 13397,
  "listiciVazeci": 13085,
  "listiciVazeciPosto": "97,67",
  "listiciNevazeci": 312,
  "listiciNevazeciPosto": "2,33",
  "napomena": "* - objavljeni rezultati sadrže podatke samo s redovnih biračkih mjesta",
  "napomena2": "",
  "lista": [{
    "rbr": 1,
    "stranke": [
      {"naziv": "HRVATSKA DEMOKRATSKA ZAJEDNICA - HDZ"},
      {"naziv": "HRVATSKA SOCIJALNO - LIBERALNA STRANKA - HSLS"},
      {"naziv": "HRVATSKA DEMOKRŠĆANSKA STRANKA - HDS"},
      {"naziv": "HRVATSKA NARODNA STRANKA - LIBERALNI DEMOKRATI - HNS"},
      {"naziv": "HRVATSKA STRANKA UMIROVLJENIKA - HSU"}
    ],
    "jedinstvenaSifra": "001002003011023",
    "glasova": 5679,
    "naziv": "HDZ, HSLS, HDS, HNS, HSU",
    "posto": "43,40",
    "lista": [{
      "rbr": 1,
      "naziv": "IVAN ANUŠIĆ",
      "glasova": 2503,
      "posto": "44,07"
    },{
      "rbr": 2,
      "naziv": "IGOR ANDROVIĆ",
      "glasova": 6,
      "posto": "0,10"
    },{
      "rbr": 3,
      "naziv": "DARKO SOBOTA",
      "glasova": 1,
      "posto": "0,01"
    },{
      "rbr": 4,
      "naziv": "IVAN RADIĆ",
      "glasova": 1968,
      "posto": "34,65"
    },{
      "rbr": 5,
      "naziv": "NATAŠA TRAMIŠAK",
      "glasova": 120,
      "posto": "2,11"
    },{
      "rbr": 6,
      "naziv": "GORAN IVANOVIĆ",
      "glasova": 26,
      "posto": "0,45"
    },{
      "rbr": 7,
      "naziv": "JOSIP ĐAKIĆ",
      "glasova": 2,
      "posto": "0,03"
    },{
      "rbr": 8,
      "naziv": "MARIN MANDARIĆ",
      "glasova": 8,
      "posto": "0,14"
    },{
      "rbr": 9,
      "naziv": "RATIMIR LJUBIĆ",
      "glasova": 0,
      "posto": "0,00"
    },{
      "rbr": 10,
      "naziv": "VESNA BEDEKOVIĆ",
      "glasova": 4,
      "posto": "0,07"
    },{
      "rbr": 11,
      "naziv": "MARIN BABIĆ",
      "glasova": 79,
      "posto": "1,39"
    },{
      "rbr": 12,
      "naziv": "IVO ZELIĆ",
      "glasova": 26,
      "posto": "0,45"
    },{
      "rbr": 13,
      "naziv": "STIPAN ŠAŠLIN",
      "glasova": 18,
      "posto": "0,31"
    },{
      "rbr": 14,
      "naziv": "KREŠIMIR KAŠUBA",
      "glasova": 13,
      "posto": "0,22"
    }]
  },{
    "rbr": 2,
    "stranke": [
      {"naziv": "SOCIJALDEMOKRATSKA PARTIJA HRVATSKE - SDP"},
      {"naziv": "CENTAR"},
      {"naziv": "HRVATSKA SELJAČKA STRANKA - HSS"},
      {"naziv": "\"DALIJA OREŠKOVIĆ I LJUDI S IMENOM I PREZIMENOM\" - \"DO i SIP\""},
      {"naziv": "NARODNA STRANKA - REFORMISTI - REFORMISTI"},
      {"naziv": "GRAĐANSKO-LIBERALNI SAVEZ - GLAS"}
    ],
    "jedinstvenaSifra": "004017162179244306",
    "glasova": 2922,
    "naziv": "SDP, CENTAR, HSS, \"DO i SIP\", REFORMISTI, GLAS",
    "posto": "22,33",
    "lista": [{
      "rbr": 1,
      "naziv": "MIŠEL JAKŠIĆ",
      "glasova": 242,
      "posto": "8,28"
    },{
      "rbr": 2,
      "naziv": "SANJA BJEŽANČEVIĆ",
      "glasova": 52,
      "posto": "1,77"
    },{
      "rbr": 3,
      "naziv": "BORIS PILIŽOTA",
      "glasova": 171,
      "posto": "5,85"
    },{
      "rbr": 4,
      "naziv": "KRISTINA ŠKODA VAJDIĆ",
      "glasova": 12,
      "posto": "0,41"
    },{
      "rbr": 5,
      "naziv": "MATE VUKUŠIĆ",
      "glasova": 9,
      "posto": "0,30"
    },{
      "rbr": 6,
      "naziv": "SONJA KOVAČ",
      "glasova": 47,
      "posto": "1,60"
    },{
      "rbr": 7,
      "naziv": "VJERAN MARIJAŠEVIĆ",
      "glasova": 32,
      "posto": "1,09"
    },{
      "rbr": 8,
      "naziv": "SANDRA SINJERI",
      "glasova": 7,
      "posto": "0,23"
    },{
      "rbr": 9,
      "naziv": "TOMISLAV BRAČUN",
      "glasova": 19,
      "posto": "0,65"
    },{
      "rbr": 10,
      "naziv": "NATAŠA TETEC",
      "glasova": 3,
      "posto": "0,10"
    },{
      "rbr": 11,
      "naziv": "TANJA PARIS",
      "glasova": 15,
      "posto": "0,51"
    },{
      "rbr": 12,
      "naziv": "ZORAN VRABELJ",
      "glasova": 1,
      "posto": "0,03"
    },{
      "rbr": 13,
      "naziv": "SAMIR HAJ BARAKAT",
      "glasova": 59,
      "posto": "2,01"
    },{
      "rbr": 14,
      "naziv": "BILJANA BORZAN",
      "glasova": 1013,
      "posto": "34,66"
    }]
  },{
    "rbr": 3,
    "stranke": [
      {"naziv": "DOMOVINSKI POKRET - DP"},
      {"naziv": "PRAVO I PRAVDA"},
      {"naziv": "NEZAVISNI"},
      {"naziv": "DEMOKRATSKI HSS - DHSS"},
      {"naziv": "ZELENA LISTA"}
    ],
    "jedinstvenaSifra": "231243267283312",
    "glasova": 1554,
    "naziv": "DP, PRAVO I PRAVDA, NEZAVISNI, DHSS, ZELENA LISTA",
    "posto": "11,87",
    "lista": [{
      "rbr": 1,
      "naziv": "MARIO RADIĆ",
      "glasova": 733,
      "posto": "47,16"
    },{
      "rbr": 2,
      "naziv": "JESENKA RICL",
      "glasova": 35,
      "posto": "2,25"
    },{
      "rbr": 3,
      "naziv": "KREŠIMIR ČABAJ",
      "glasova": 50,
      "posto": "3,21"
    },{
      "rbr": 4,
      "naziv": "PETAR KOPUNOVIĆ-LEGETIN",
      "glasova": 44,
      "posto": "2,83"
    },{
      "rbr": 5,
      "naziv": "ANA DIKLIĆ",
      "glasova": 22,
      "posto": "1,41"
    },{
      "rbr": 6,
      "naziv": "ŽELJKO LACKOVIĆ",
      "glasova": 3,
      "posto": "0,19"
    },{
      "rbr": 7,
      "naziv": "ILIJA NIKOLIĆ",
      "glasova": 7,
      "posto": "0,45"
    },{
      "rbr": 8,
      "naziv": "NIKOLINA TOMIĆ",
      "glasova": 9,
      "posto": "0,57"
    },{
      "rbr": 9,
      "naziv": "DAVOR MILAKOVIĆ",
      "glasova": 4,
      "posto": "0,25"
    },{
      "rbr": 10,
      "naziv": "IVANA ABIČIĆ",
      "glasova": 13,
      "posto": "0,83"
    },{
      "rbr": 11,
      "naziv": "HRVOJE JANČI",
      "glasova": 0,
      "posto": "0,00"
    },{
      "rbr": 12,
      "naziv": "SNJEŽANA KUHAR",
      "glasova": 5,
      "posto": "0,32"
    },{
      "rbr": 13,
      "naziv": "DAVID GORUP",
      "glasova": 31,
      "posto": "1,99"
    },{
      "rbr": 14,
      "naziv": "DANIEL SPAJIĆ",
      "glasova": 43,
      "posto": "2,76"
    }]
  },{
    "rbr": 4,
    "stranke": [
      {"naziv": "MOŽEMO! - POLITIČKA PLATFORMA"},
      {"naziv": "HOĆEMO PRAVEDNO"}
    ],
    "jedinstvenaSifra": "255297",
    "glasova": 995,
    "naziv": "MOŽEMO! - POLITIČKA PLATFORMA, HOĆEMO PRAVEDNO",
    "posto": "7,60",
    "lista": [{
      "rbr": 1,
      "naziv": "KATARINA KRUHONJA",
      "glasova": 239,
      "posto": "24,02"
    },{
      "rbr": 2,
      "naziv": "VIOLETA PANCER",
      "glasova": 12,
      "posto": "1,20"
    },{
      "rbr": 3,
      "naziv": "BORIS KIŠ",
      "glasova": 28,
      "posto": "2,81"
    },{
      "rbr": 4,
      "naziv": "HERMINE GORIKE-LUKIĆ",
      "glasova": 13,
      "posto": "1,30"
    },{
      "rbr": 5,
      "naziv": "MARKO BERBEROVIĆ",
      "glasova": 4,
      "posto": "0,40"
    },{
      "rbr": 6,
      "naziv": "VLADIMIR DIMIĆ",
      "glasova": 4,
      "posto": "0,40"
    },{
      "rbr": 7,
      "naziv": "MANDICA TOMAŠEVIĆ",
      "glasova": 29,
      "posto": "2,91"
    },{
      "rbr": 8,
      "naziv": "IVANA HENGL",
      "glasova": 21,
      "posto": "2,11"
    },{
      "rbr": 9,
      "naziv": "NADA STANKOVIĆ",
      "glasova": 8,
      "posto": "0,80"
    },{
      "rbr": 10,
      "naziv": "VLADIMIR CINDRIĆ",
      "glasova": 17,
      "posto": "1,70"
    },{
      "rbr": 11,
      "naziv": "IVAN ŠPIRANOVIĆ",
      "glasova": 12,
      "posto": "1,20"
    },{
      "rbr": 12,
      "naziv": "FRANJO DUBRAVKO ŠOKČEVIĆ",
      "glasova": 6,
      "posto": "0,60"
    },{
      "rbr": 13,
      "naziv": "VANDA JOSIĆ",
      "glasova": 4,
      "posto": "0,40"
    },{
      "rbr": 14,
      "naziv": "DANKO HEĆIMOVIĆ",
      "glasova": 10,
      "posto": "1,00"
    }]
  },{
    "rbr": 5,
    "stranke": [
      {"naziv": "MOST"},
      {"naziv": "HRVATSKI SUVERENISTI"},
      {"naziv": "HRVATSKA KONZERVATIVNA STRANKA - HKS"},
      {"naziv": "NEZAVISNA LISTA MLADIH - NLM"}
    ],
    "jedinstvenaSifra": "131165188263",
    "glasova": 807,
    "naziv": "MOST, HRVATSKI SUVERENISTI, HKS, NLM",
    "posto": "6,16",
    "lista": [{
      "rbr": 1,
      "naziv": "JOSIP SKOČIBUŠIĆ",
      "glasova": 120,
      "posto": "14,86"
    },{
      "rbr": 2,
      "naziv": "VESNA VUČEMILOVIĆ",
      "glasova": 206,
      "posto": "25,52"
    },{
      "rbr": 3,
      "naziv": "ŽELJKA ILIJAŠ BARIČEVIĆ",
      "glasova": 4,
      "posto": "0,49"
    },{
      "rbr": 4,
      "naziv": "SILVA MIŠKULIN",
      "glasova": 7,
      "posto": "0,86"
    },{
      "rbr": 5,
      "naziv": "VIKTOR ŠKARO",
      "glasova": 36,
      "posto": "4,46"
    },{
      "rbr": 6,
      "naziv": "IGOR JOSIPOVIĆ",
      "glasova": 17,
      "posto": "2,10"
    },{
      "rbr": 7,
      "naziv": "IRENA GLUHAK FOREMPOHER",
      "glasova": 5,
      "posto": "0,61"
    },{
      "rbr": 8,
      "naziv": "HRVOJE SVOBODA",
      "glasova": 4,
      "posto": "0,49"
    },{
      "rbr": 9,
      "naziv": "TOMISLAV ŠIPEK",
      "glasova": 9,
      "posto": "1,11"
    },{
      "rbr": 10,
      "naziv": "DORIJANA ŠKORO",
      "glasova": 7,
      "posto": "0,86"
    },{
      "rbr": 11,
      "naziv": "LUKA PODNAR",
      "glasova": 3,
      "posto": "0,37"
    },{
      "rbr": 12,
      "naziv": "NIKO ŠKOJO",
      "glasova": 6,
      "posto": "0,74"
    },{
      "rbr": 13,
      "naziv": "SANDRA ŽIVKOVIĆ",
      "glasova": 3,
      "posto": "0,37"
    },{
      "rbr": 14,
      "naziv": "ZLATKO MILIŠA",
      "glasova": 6,
      "posto": "0,74"
    }]
  },{
    "rbr": 6,
    "stranke": [
      {"naziv": "UMIROVLJENICI ZAJEDNO - POLITIČKA PLATFORMA - UMIROVLJENICI ZAJEDNO"},
      {"naziv": "STRANKA UMIROVLJENIKA - SU"},
      {"naziv": "BLOK UMIROVLJENICI ZAJEDNO - BUZ"},
      {"naziv": "DEMOKRATSKA STRANKA UMIROVLJENIKA - DSU"}
    ],
    "jedinstvenaSifra": "039041102301",
    "glasova": 322,
    "naziv": "UMIROVLJENICI ZAJEDNO, SU, BUZ, DSU",
    "posto": "2,46",
    "lista": [{
      "rbr": 1,
      "naziv": "IVICA BEŠIROVIĆ",
      "glasova": 65,
      "posto": "20,18"
    },{
      "rbr": 2,
      "naziv": "NEDELJKO BEZMAREVIĆ",
      "glasova": 15,
      "posto": "4,65"
    },{
      "rbr": 3,
      "naziv": "ZORISLAV BABIĆ",
      "glasova": 5,
      "posto": "1,55"
    },{
      "rbr": 4,
      "naziv": "BRANKA ŽIGIĆ",
      "glasova": 8,
      "posto": "2,48"
    },{
      "rbr": 5,
      "naziv": "MIJO LABAK",
      "glasova": 2,
      "posto": "0,62"
    },{
      "rbr": 6,
      "naziv": "ZORICA BUTORAC",
      "glasova": 5,
      "posto": "1,55"
    },{
      "rbr": 7,
      "naziv": "TOMO TRAC",
      "glasova": 6,
      "posto": "1,86"
    },{
      "rbr": 8,
      "naziv": "JASMINA GLEDIĆ",
      "glasova": 8,
      "posto": "2,48"
    },{
      "rbr": 9,
      "naziv": "NENAD PEIĆ",
      "glasova": 5,
      "posto": "1,55"
    },{
      "rbr": 10,
      "naziv": "STJEPAN BRANDIS",
      "glasova": 5,
      "posto": "1,55"
    },{
      "rbr": 11,
      "naziv": "KATICA KURIC",
      "glasova": 8,
      "posto": "2,48"
    },{
      "rbr": 12,
      "naziv": "MARKO MARKOVIĆ",
      "glasova": 3,
      "posto": "0,93"
    },{
      "rbr": 13,
      "naziv": "KSENIJA MARCIJUŠ",
      "glasova": 0,
      "posto": "0,00"
    },{
      "rbr": 14,
      "naziv": "VERA BAČANI",
      "glasova": 22,
      "posto": "6,83"
    }]
  },{
    "rbr": 7,
    "stranke": [
      {"naziv": "SOCIJALDEMOKRATI"},
      {"naziv": "ISTARSKI DEMOKRATSKI SABOR - IDS"},
      {"naziv": "PRIMORSKO GORANSKI SAVEZ - PGS"},
      {"naziv": "HRVATSKI LABURISTI - STRANKA RADA - LABURISTI"},
      {"naziv": "DEMOKRATI"}
    ],
    "jedinstvenaSifra": "005006100251299",
    "glasova": 222,
    "naziv": "SOCIJALDEMOKRATI, IDS, PGS, LABURISTI, DEMOKRATI",
    "posto": "1,69",
    "lista": [{
      "rbr": 1,
      "naziv": "DOMAGOJ HAJDUKOVIĆ",
      "glasova": 89,
      "posto": "40,09"
    },{
      "rbr": 2,
      "naziv": "ROMANA NIKOLIĆ",
      "glasova": 23,
      "posto": "10,36"
    },{
      "rbr": 3,
      "naziv": "SEBASTIJAN SVAT",
      "glasova": 0,
      "posto": "0,00"
    },{
      "rbr": 4,
      "naziv": "IVAN BEGOVIĆ",
      "glasova": 0,
      "posto": "0,00"
    },{
      "rbr": 5,
      "naziv": "ANTONIJA KALAZIĆ",
      "glasova": 2,
      "posto": "0,90"
    },{
      "rbr": 6,
      "naziv": "SLAVIMIR BRKIĆ",
      "glasova": 0,
      "posto": "0,00"
    },{
      "rbr": 7,
      "naziv": "LUKA MAJETIĆ",
      "glasova": 11,
      "posto": "4,95"
    },{
      "rbr": 8,
      "naziv": "LJILJANA KOLOMBO",
      "glasova": 1,
      "posto": "0,45"
    },{
      "rbr": 9,
      "naziv": "IVAN KOLEDIĆ",
      "glasova": 2,
      "posto": "0,90"
    },{
      "rbr": 10,
      "naziv": "TAJANA OROZOVIĆ",
      "glasova": 3,
      "posto": "1,35"
    },{
      "rbr": 11,
      "naziv": "DARKO SALIMOVIĆ",
      "glasova": 0,
      "posto": "0,00"
    },{
      "rbr": 12,
      "naziv": "TOMISLAVA ŠTAINER LACKOVIĆ",
      "glasova": 2,
      "posto": "0,90"
    },{
      "rbr": 13,
      "naziv": "TEA ROŽIĆ",
      "glasova": 3,
      "posto": "1,35"
    },{
      "rbr": 14,
      "naziv": "DANIJEL STOJAKOVIĆ",
      "glasova": 3,
      "posto": "1,35"
    }]
  },{
    "rbr": 8,
    "stranke": [
      {"naziv": "FOKUS"},
      {"naziv": "REPUBLIKA"}
    ],
    "jedinstvenaSifra": "270310",
    "glasova": 162,
    "naziv": "FOKUS, REPUBLIKA",
    "posto": "1,23",
    "lista": [{
      "rbr": 1,
      "naziv": "BERISLAV MLINAREVIĆ",
      "glasova": 64,
      "posto": "39,50"
    },{
      "rbr": 2,
      "naziv": "ROBERT PERIŠA",
      "glasova": 4,
      "posto": "2,46"
    },{
      "rbr": 3,
      "naziv": "MIRKO LUKAŠ",
      "glasova": 2,
      "posto": "1,23"
    },{
      "rbr": 4,
      "naziv": "ZLATKO ŠKRINJAR",
      "glasova": 0,
      "posto": "0,00"
    },{
      "rbr": 5,
      "naziv": "ANDREA ILEŠ",
      "glasova": 3,
      "posto": "1,85"
    },{
      "rbr": 6,
      "naziv": "ZVONKO BRDAR",
      "glasova": 4,
      "posto": "2,46"
    },{
      "rbr": 7,
      "naziv": "MILI PERKUŠIĆ",
      "glasova": 1,
      "posto": "0,61"
    },{
      "rbr": 8,
      "naziv": "KREŠIMIR CESTAR",
      "glasova": 0,
      "posto": "0,00"
    },{
      "rbr": 9,
      "naziv": "GORDANA LORDAN",
      "glasova": 1,
      "posto": "0,61"
    },{
      "rbr": 10,
      "naziv": "IVANA MAĐAR",
      "glasova": 0,
      "posto": "0,00"
    },{
      "rbr": 11,
      "naziv": "STJEPANA URSIĆ",
      "glasova": 0,
      "posto": "0,00"
    },{
      "rbr": 12,
      "naziv": "DANIELA PETROVIĆ",
      "glasova": 0,
      "posto": "0,00"
    },{
      "rbr": 13,
      "naziv": "VESNA BARIŠIĆ",
      "glasova": 2,
      "posto": "1,23"
    },{
      "rbr": 14,
      "naziv": "DOMINIK MIHALJEVIĆ",
      "glasova": 3,
      "posto": "1,85"
    }]
  },{
    "rbr": 9,
    "stranke": [
      {"naziv": "ODLUČNOST I PRAVEDNOST - OIP"}
    ],
    "jedinstvenaSifra": "300",
    "glasova": 138,
    "naziv": "OIP",
    "posto": "1,05",
    "lista": [{
      "rbr": 1,
      "naziv": "IVICA DEBIĆ",
      "glasova": 18,
      "posto": "13,04"
    },{
      "rbr": 2,
      "naziv": "BRUNO SKRAČIĆ",
      "glasova": 0,
      "posto": "0,00"
    },{
      "rbr": 3,
      "naziv": "PETAR ČENGIĆ",
      "glasova": 1,
      "posto": "0,72"
    },{
      "rbr": 4,
      "naziv": "DAVOR ČAKIĆ",
      "glasova": 0,
      "posto": "0,00"
    },{
      "rbr": 5,
      "naziv": "DOLORES RIBA",
      "glasova": 11,
      "posto": "7,97"
    },{
      "rbr": 6,
      "naziv": "MARIO KRIŠTO",
      "glasova": 9,
      "posto": "6,52"
    },{
      "rbr": 7,
      "naziv": "ANTONIO ŠPEHAR",
      "glasova": 1,
      "posto": "0,72"
    },{
      "rbr": 8,
      "naziv": "DALIBOR LEPEN",
      "glasova": 2,
      "posto": "1,44"
    },{
      "rbr": 9,
      "naziv": "DAMIR JURKIN",
      "glasova": 0,
      "posto": "0,00"
    },{
      "rbr": 10,
      "naziv": "MAĆAŠ ROMER",
      "glasova": 1,
      "posto": "0,72"
    },{
      "rbr": 11,
      "naziv": "KSENIJA BILANDŽIĆ",
      "glasova": 6,
      "posto": "4,34"
    },{
      "rbr": 12,
      "naziv": "MIRKO BANDIĆ",
      "glasova": 1,
      "posto": "0,72"
    },{
      "rbr": 13,
      "naziv": "TANJA MAMIĆ-VIDOVIĆ",
      "glasova": 3,
      "posto": "2,17"
    },{
      "rbr": 14,
      "naziv": "DAMIR VUKIĆ",
      "glasova": 0,
      "posto": "0,00"
    }]
  },{
    "rbr": 10,
    "stranke": [
      {"naziv": "STRANKA IVANA PERNARA"}
    ],
    "jedinstvenaSifra": "259",
    "glasova": 101,
    "naziv": "STRANKA IVANA PERNARA",
    "posto": "0,77",
    "lista": [{
      "rbr": 1,
      "naziv": "DORIAN ROBAK",
      "glasova": 9,
      "posto": "8,91"
    },{
      "rbr": 2,
      "naziv": "MARKO DOMJANIĆ",
      "glasova": 2,
      "posto": "1,98"
    },{
      "rbr": 3,
      "naziv": "TENA KOŠA",
      "glasova": 8,
      "posto": "7,92"
    },{
      "rbr": 4,
      "naziv": "JESENIJA KLASIĆ",
      "glasova": 0,
      "posto": "0,00"
    },{
      "rbr": 5,
      "naziv": "DEJAN LUKIĆ",
      "glasova": 1,
      "posto": "0,99"
    },{
      "rbr": 6,
      "naziv": "HRVOJE PERNAR",
      "glasova": 7,
      "posto": "6,93"
    },{
      "rbr": 7,
      "naziv": "IVANA SALAI",
      "glasova": 1,
      "posto": "0,99"
    },{
      "rbr": 8,
      "naziv": "DINO OSMANAGIĆ",
      "glasova": 3,
      "posto": "2,97"
    },{
      "rbr": 9,
      "naziv": "KRISTINA MLINAREVIĆ",
      "glasova": 1,
      "posto": "0,99"
    },{
      "rbr": 10,
      "naziv": "NENAD BOJANIĆ",
      "glasova": 0,
      "posto": "0,00"
    },{
      "rbr": 11,
      "naziv": "MARIJA BEČIREVIĆ",
      "glasova": 2,
      "posto": "1,98"
    },{
      "rbr": 12,
      "naziv": "ROMAN PAVIĆ",
      "glasova": 1,
      "posto": "0,99"
    },{
      "rbr": 13,
      "naziv": "ALEN SEDLO",
      "glasova": 1,
      "posto": "0,99"
    },{
      "rbr": 14,
      "naziv": "IVANA RADMAN",
      "glasova": 2,
      "posto": "1,98"
    }]
  },{
    "rbr": 11,
    "stranke": [
      {"naziv": "RADNIČKA FRONTA - RF"}
    ],
    "jedinstvenaSifra": "168",
    "glasova": 64,
    "naziv": "RF",
    "posto": "0,48",
    "lista": [{
      "rbr": 1,
      "naziv": "DRAGAN NEMET",
      "glasova": 7,
      "posto": "10,93"
    },{
      "rbr": 2,
      "naziv": "MARIJA ZORBAS",
      "glasova": 4,
      "posto": "6,25"
    },{
      "rbr": 3,
      "naziv": "VID ZUBIĆ",
      "glasova": 2,
      "posto": "3,12"
    },{
      "rbr": 4,
      "naziv": "MARINA TOPALOVIĆ",
      "glasova": 6,
      "posto": "9,37"
    },{
      "rbr": 5,
      "naziv": "NIKOLA FABIJANČIĆ",
      "glasova": 0,
      "posto": "0,00"
    },{
      "rbr": 6,
      "naziv": "LJUBICA CUMBO",
      "glasova": 0,
      "posto": "0,00"
    },{
      "rbr": 7,
      "naziv": "DIMITRIJE GRČIĆ",
      "glasova": 1,
      "posto": "1,56"
    },{
      "rbr": 8,
      "naziv": "MARIJA CAREVIĆ",
      "glasova": 1,
      "posto": "1,56"
    },{
      "rbr": 9,
      "naziv": "DAMIR ORUČ",
      "glasova": 0,
      "posto": "0,00"
    },{
      "rbr": 10,
      "naziv": "MILENA ĐURIĆ",
      "glasova": 0,
      "posto": "0,00"
    },{
      "rbr": 11,
      "naziv": "ALEKSANDAR KNEŽEVIĆ",
      "glasova": 4,
      "posto": "6,25"
    },{
      "rbr": 12,
      "naziv": "ALEKSANDRA PRICA",
      "glasova": 0,
      "posto": "0,00"
    },{
      "rbr": 13,
      "naziv": "SINIŠA BOŽIĆ",
      "glasova": 0,
      "posto": "0,00"
    },{
      "rbr": 14,
      "naziv": "VLADIMIR JURIĆ",
      "glasova": 3,
      "posto": "4,68"
    }]
  },{
    "rbr": 12,
    "stranke": [
      {"naziv": "HRVATSKA STRANKA PRAVA - HSP"},
      {"naziv": "HRVATSKO BILO"},
      {"naziv": "HRVATSKA DEMOKRATSKA SELJAČKA STRANKA - HDSS"}
    ],
    "jedinstvenaSifra": "007018308",
    "glasova": 63,
    "naziv": "HSP, HRVATSKO BILO, HDSS",
    "posto": "0,48",
    "lista": [{
      "rbr": 1,
      "naziv": "MATO BUBAŠ",
      "glasova": 7,
      "posto": "11,11"
    },{
      "rbr": 2,
      "naziv": "KRUNOSLAV RADAČIĆ",
      "glasova": 4,
      "posto": "6,34"
    },{
      "rbr": 3,
      "naziv": "IVANA KRAČUN",
      "glasova": 3,
      "posto": "4,76"
    },{
      "rbr": 4,
      "naziv": "MIRKO PRITIŠANAC",
      "glasova": 2,
      "posto": "3,17"
    },{
      "rbr": 5,
      "naziv": "MARKO VRHOVAC",
      "glasova": 1,
      "posto": "1,58"
    },{
      "rbr": 6,
      "naziv": "INES SERDAR",
      "glasova": 6,
      "posto": "9,52"
    },{
      "rbr": 7,
      "naziv": "FRANJO KRALJIK",
      "glasova": 0,
      "posto": "0,00"
    },{
      "rbr": 8,
      "naziv": "NIKOLINA RAIČ",
      "glasova": 1,
      "posto": "1,58"
    },{
      "rbr": 9,
      "naziv": "SANJA REILI",
      "glasova": 1,
      "posto": "1,58"
    },{
      "rbr": 10,
      "naziv": "ELIZABETA BOŽIĆ",
      "glasova": 3,
      "posto": "4,76"
    },{
      "rbr": 11,
      "naziv": "NIKICA KRPAN",
      "glasova": 2,
      "posto": "3,17"
    },{
      "rbr": 12,
      "naziv": "KATICA DUVNJAK",
      "glasova": 6,
      "posto": "9,52"
    },{
      "rbr": 13,
      "naziv": "JELENA ŠKORVAGA",
      "glasova": 0,
      "posto": "0,00"
    },{
      "rbr": 14,
      "naziv": "PAVO TUTENOV",
      "glasova": 0,
      "posto": "0,00"
    }]
  },{
    "rbr": 13,
    "stranke": [
      {"naziv": "AUTOHTONA - HRVATSKA STRANKA PRAVA - DRAŽEN KELEMINEC - A - HSP - Dražen Keleminec"}
    ],
    "jedinstvenaSifra": "049",
    "glasova": 29,
    "naziv": "A - HSP - Dražen Keleminec",
    "posto": "0,22",
    "lista": [{
      "rbr": 1,
      "naziv": "MILAN BINGULA",
      "glasova": 3,
      "posto": "10,34"
    },{
      "rbr": 2,
      "naziv": "MARIJAN IVANČAN",
      "glasova": 0,
      "posto": "0,00"
    },{
      "rbr": 3,
      "naziv": "JOSIP ZLATARIĆ",
      "glasova": 0,
      "posto": "0,00"
    },{
      "rbr": 4,
      "naziv": "JASENKO KARDUM",
      "glasova": 0,
      "posto": "0,00"
    },{
      "rbr": 5,
      "naziv": "JOSIP ŽUFIKA",
      "glasova": 3,
      "posto": "10,34"
    },{
      "rbr": 6,
      "naziv": "NEVENKA PINTAR",
      "glasova": 2,
      "posto": "6,89"
    },{
      "rbr": 7,
      "naziv": "ZDRAVKO RADIČIĆ",
      "glasova": 1,
      "posto": "3,44"
    },{
      "rbr": 8,
      "naziv": "ŽELJKA ARTUKOVIĆ",
      "glasova": 2,
      "posto": "6,89"
    },{
      "rbr": 9,
      "naziv": "DRAGOLJUB SLEPČEVIĆ",
      "glasova": 0,
      "posto": "0,00"
    },{
      "rbr": 10,
      "naziv": "IVICA APATIĆ",
      "glasova": 1,
      "posto": "3,44"
    },{
      "rbr": 11,
      "naziv": "JASMINKA JELAK",
      "glasova": 0,
      "posto": "0,00"
    },{
      "rbr": 12,
      "naziv": "ANA-MARIJA HAMARIĆ",
      "glasova": 0,
      "posto": "0,00"
    },{
      "rbr": 13,
      "naziv": "KATA KARDUM",
      "glasova": 0,
      "posto": "0,00"
    },{
      "rbr": 14,
      "naziv": "TEREZIJA KRAPINEC ZEBEC",
      "glasova": 2,
      "posto": "6,89"
    }]
  },{
    "rbr": 14,
    "stranke": [
      {"naziv": "PRAVEDNA HRVATSKA - PH"}
    ],
    "jedinstvenaSifra": "298",
    "glasova": 27,
    "naziv": "PH",
    "posto": "0,20",
    "lista": [{
      "rbr": 1,
      "naziv": "IGOR ŠTEPANKO",
      "glasova": 0,
      "posto": "0,00"
    },{
      "rbr": 2,
      "naziv": "DANIJEL KOVAČEVIĆ",
      "glasova": 0,
      "posto": "0,00"
    },{
      "rbr": 3,
      "naziv": "DRAŽEN MIJATOVIĆ",
      "glasova": 0,
      "posto": "0,00"
    },{
      "rbr": 4,
      "naziv": "BRANKA ŽUŽIĆ",
      "glasova": 0,
      "posto": "0,00"
    },{
      "rbr": 5,
      "naziv": "VEDRAN ŽAJA",
      "glasova": 1,
      "posto": "3,70"
    },{
      "rbr": 6,
      "naziv": "ĐURO MILČIĆ",
      "glasova": 0,
      "posto": "0,00"
    },{
      "rbr": 7,
      "naziv": "ĐURĐA KOVAČEVIĆ",
      "glasova": 1,
      "posto": "3,70"
    },{
      "rbr": 8,
      "naziv": "SLAVICA ŠTEPANKO",
      "glasova": 0,
      "posto": "0,00"
    },{
      "rbr": 9,
      "naziv": "ĐURO KOKOTIĆ",
      "glasova": 0,
      "posto": "0,00"
    },{
      "rbr": 10,
      "naziv": "TEA ŠTEPANKO",
      "glasova": 1,
      "posto": "3,70"
    },{
      "rbr": 11,
      "naziv": "VLADIMIR MLATILIK",
      "glasova": 0,
      "posto": "0,00"
    },{
      "rbr": 12,
      "naziv": "KATICA LILION ŽIVKOVIĆ",
      "glasova": 0,
      "posto": "0,00"
    },{
      "rbr": 13,
      "naziv": "ZVONIMIR DORČEC",
      "glasova": 1,
      "posto": "3,70"
    },{
      "rbr": 14,
      "naziv": "HELENA VARŽIĆ",
      "glasova": 0,
      "posto": "0,00"
    }]
  }]
}
