{
  "izbori": "Zastupnički izbori 2024",
  "datum": "17.04.2024.",
  "vrijeme": "21:30",
  "izboriOznaka": "02",
  "ijSifra": "004",
  "bmSifra": "000",
  "ijNaziv": "IV. IZBORNA JEDINICA",
  "gropNaziv": "",
  "bmNaziv": "",
  "bmZatvoreno": 391,
  "bmUkupno": 1059,
  "biraciUkupno": 94358,
  "biraciGlasovalo": 55321,
  "biraciGlasovaloPosto": "58,63",
  "listiciUkupno": 55307,
  "listiciVazeci": 53682,
  "listiciVazeciPosto": "97,06",
  "listiciNevazeci": 1625,
  "listiciNevazeciPosto": "2,94",
  "napomena": "* - objavljeni rezultati sadrže i podatke s posebnih biračkih mjesta te s biračkih mjesta u inozemstvu",
  "napomena2": "",
  "lista": [{
    "rbr": 1,
    "stranke": [
      {"naziv": "HRVATSKA DEMOKRATSKA ZAJEDNICA - HDZ"},
      {"naziv": "HRVATSKA SOCIJALNO - LIBERALNA STRANKA - HSLS"},
      {"naziv": "HRVATSKA DEMOKRŠĆANSKA STRANKA - HDS"},
      {"naziv": "HRVATSKA NARODNA STRANKA - LIBERALNI DEMOKRATI - HNS"},
      {"naziv": "HRVATSKA STRANKA UMIROVLJENIKA - HSU"}
    ],
    "jedinstvenaSifra": "001002003011023",
    "glasova": 22468,
    "naziv": "HDZ, HSLS, HDS, HNS, HSU",
    "posto": "41,85",
    "lista": [{
      "rbr": 1,
      "naziv": "IVAN ANUŠIĆ",
      "glasova": 8894,
      "posto": "39,58"
    },{
      "rbr": 2,
      "naziv": "IGOR ANDROVIĆ",
      "glasova": 1721,
      "posto": "7,65"
    },{
      "rbr": 3,
      "naziv": "DARKO SOBOTA",
      "glasova": 1380,
      "posto": "6,14"
    },{
      "rbr": 4,
      "naziv": "IVAN RADIĆ",
      "glasova": 2103,
      "posto": "9,35"
    },{
      "rbr": 5,
      "naziv": "NATAŠA TRAMIŠAK",
      "glasova": 256,
      "posto": "1,13"
    },{
      "rbr": 6,
      "naziv": "GORAN IVANOVIĆ",
      "glasova": 159,
      "posto": "0,70"
    },{
      "rbr": 7,
      "naziv": "JOSIP ĐAKIĆ",
      "glasova": 609,
      "posto": "2,71"
    },{
      "rbr": 8,
      "naziv": "MARIN MANDARIĆ",
      "glasova": 315,
      "posto": "1,40"
    },{
      "rbr": 9,
      "naziv": "RATIMIR LJUBIĆ",
      "glasova": 671,
      "posto": "2,98"
    },{
      "rbr": 10,
      "naziv": "VESNA BEDEKOVIĆ",
      "glasova": 259,
      "posto": "1,15"
    },{
      "rbr": 11,
      "naziv": "MARIN BABIĆ",
      "glasova": 139,
      "posto": "0,61"
    },{
      "rbr": 12,
      "naziv": "IVO ZELIĆ",
      "glasova": 70,
      "posto": "0,31"
    },{
      "rbr": 13,
      "naziv": "STIPAN ŠAŠLIN",
      "glasova": 71,
      "posto": "0,31"
    },{
      "rbr": 14,
      "naziv": "KREŠIMIR KAŠUBA",
      "glasova": 528,
      "posto": "2,35"
    }]
  },{
    "rbr": 2,
    "stranke": [
      {"naziv": "SOCIJALDEMOKRATSKA PARTIJA HRVATSKE - SDP"},
      {"naziv": "CENTAR"},
      {"naziv": "HRVATSKA SELJAČKA STRANKA - HSS"},
      {"naziv": "\"DALIJA OREŠKOVIĆ I LJUDI S IMENOM I PREZIMENOM\" - \"DO i SIP\""},
      {"naziv": "NARODNA STRANKA - REFORMISTI - REFORMISTI"},
      {"naziv": "GRAĐANSKO-LIBERALNI SAVEZ - GLAS"}
    ],
    "jedinstvenaSifra": "004017162179244306",
    "glasova": 13616,
    "naziv": "SDP, CENTAR, HSS, \"DO i SIP\", REFORMISTI, GLAS",
    "posto": "25,36",
    "lista": [{
      "rbr": 1,
      "naziv": "MIŠEL JAKŠIĆ",
      "glasova": 3910,
      "posto": "28,71"
    },{
      "rbr": 2,
      "naziv": "SANJA BJEŽANČEVIĆ",
      "glasova": 350,
      "posto": "2,57"
    },{
      "rbr": 3,
      "naziv": "BORIS PILIŽOTA",
      "glasova": 201,
      "posto": "1,47"
    },{
      "rbr": 4,
      "naziv": "KRISTINA ŠKODA VAJDIĆ",
      "glasova": 249,
      "posto": "1,82"
    },{
      "rbr": 5,
      "naziv": "MATE VUKUŠIĆ",
      "glasova": 315,
      "posto": "2,31"
    },{
      "rbr": 6,
      "naziv": "SONJA KOVAČ",
      "glasova": 127,
      "posto": "0,93"
    },{
      "rbr": 7,
      "naziv": "VJERAN MARIJAŠEVIĆ",
      "glasova": 48,
      "posto": "0,35"
    },{
      "rbr": 8,
      "naziv": "SANDRA SINJERI",
      "glasova": 97,
      "posto": "0,71"
    },{
      "rbr": 9,
      "naziv": "TOMISLAV BRAČUN",
      "glasova": 110,
      "posto": "0,80"
    },{
      "rbr": 10,
      "naziv": "NATAŠA TETEC",
      "glasova": 55,
      "posto": "0,40"
    },{
      "rbr": 11,
      "naziv": "TANJA PARIS",
      "glasova": 30,
      "posto": "0,22"
    },{
      "rbr": 12,
      "naziv": "ZORAN VRABELJ",
      "glasova": 101,
      "posto": "0,74"
    },{
      "rbr": 13,
      "naziv": "SAMIR HAJ BARAKAT",
      "glasova": 896,
      "posto": "6,58"
    },{
      "rbr": 14,
      "naziv": "BILJANA BORZAN",
      "glasova": 2188,
      "posto": "16,06"
    }]
  },{
    "rbr": 3,
    "stranke": [
      {"naziv": "DOMOVINSKI POKRET - DP"},
      {"naziv": "PRAVO I PRAVDA"},
      {"naziv": "NEZAVISNI"},
      {"naziv": "DEMOKRATSKI HSS - DHSS"},
      {"naziv": "ZELENA LISTA"}
    ],
    "jedinstvenaSifra": "231243267283312",
    "glasova": 7951,
    "naziv": "DP, PRAVO I PRAVDA, NEZAVISNI, DHSS, ZELENA LISTA",
    "posto": "14,81",
    "lista": [{
      "rbr": 1,
      "naziv": "MARIO RADIĆ",
      "glasova": 2062,
      "posto": "25,93"
    },{
      "rbr": 2,
      "naziv": "JESENKA RICL",
      "glasova": 58,
      "posto": "0,72"
    },{
      "rbr": 3,
      "naziv": "KREŠIMIR ČABAJ",
      "glasova": 74,
      "posto": "0,93"
    },{
      "rbr": 4,
      "naziv": "PETAR KOPUNOVIĆ-LEGETIN",
      "glasova": 66,
      "posto": "0,83"
    },{
      "rbr": 5,
      "naziv": "ANA DIKLIĆ",
      "glasova": 66,
      "posto": "0,83"
    },{
      "rbr": 6,
      "naziv": "ŽELJKO LACKOVIĆ",
      "glasova": 2366,
      "posto": "29,75"
    },{
      "rbr": 7,
      "naziv": "ILIJA NIKOLIĆ",
      "glasova": 103,
      "posto": "1,29"
    },{
      "rbr": 8,
      "naziv": "NIKOLINA TOMIĆ",
      "glasova": 34,
      "posto": "0,42"
    },{
      "rbr": 9,
      "naziv": "DAVOR MILAKOVIĆ",
      "glasova": 53,
      "posto": "0,66"
    },{
      "rbr": 10,
      "naziv": "IVANA ABIČIĆ",
      "glasova": 41,
      "posto": "0,51"
    },{
      "rbr": 11,
      "naziv": "HRVOJE JANČI",
      "glasova": 62,
      "posto": "0,77"
    },{
      "rbr": 12,
      "naziv": "SNJEŽANA KUHAR",
      "glasova": 114,
      "posto": "1,43"
    },{
      "rbr": 13,
      "naziv": "DAVID GORUP",
      "glasova": 103,
      "posto": "1,29"
    },{
      "rbr": 14,
      "naziv": "DANIEL SPAJIĆ",
      "glasova": 186,
      "posto": "2,33"
    }]
  },{
    "rbr": 4,
    "stranke": [
      {"naziv": "MOST"},
      {"naziv": "HRVATSKI SUVERENISTI"},
      {"naziv": "HRVATSKA KONZERVATIVNA STRANKA - HKS"},
      {"naziv": "NEZAVISNA LISTA MLADIH - NLM"}
    ],
    "jedinstvenaSifra": "131165188263",
    "glasova": 2948,
    "naziv": "MOST, HRVATSKI SUVERENISTI, HKS, NLM",
    "posto": "5,49",
    "lista": [{
      "rbr": 1,
      "naziv": "JOSIP SKOČIBUŠIĆ",
      "glasova": 331,
      "posto": "11,22"
    },{
      "rbr": 2,
      "naziv": "VESNA VUČEMILOVIĆ",
      "glasova": 622,
      "posto": "21,09"
    },{
      "rbr": 3,
      "naziv": "ŽELJKA ILIJAŠ BARIČEVIĆ",
      "glasova": 42,
      "posto": "1,42"
    },{
      "rbr": 4,
      "naziv": "SILVA MIŠKULIN",
      "glasova": 37,
      "posto": "1,25"
    },{
      "rbr": 5,
      "naziv": "VIKTOR ŠKARO",
      "glasova": 54,
      "posto": "1,83"
    },{
      "rbr": 6,
      "naziv": "IGOR JOSIPOVIĆ",
      "glasova": 32,
      "posto": "1,08"
    },{
      "rbr": 7,
      "naziv": "IRENA GLUHAK FOREMPOHER",
      "glasova": 70,
      "posto": "2,37"
    },{
      "rbr": 8,
      "naziv": "HRVOJE SVOBODA",
      "glasova": 35,
      "posto": "1,18"
    },{
      "rbr": 9,
      "naziv": "TOMISLAV ŠIPEK",
      "glasova": 68,
      "posto": "2,30"
    },{
      "rbr": 10,
      "naziv": "DORIJANA ŠKORO",
      "glasova": 14,
      "posto": "0,47"
    },{
      "rbr": 11,
      "naziv": "LUKA PODNAR",
      "glasova": 32,
      "posto": "1,08"
    },{
      "rbr": 12,
      "naziv": "NIKO ŠKOJO",
      "glasova": 15,
      "posto": "0,50"
    },{
      "rbr": 13,
      "naziv": "SANDRA ŽIVKOVIĆ",
      "glasova": 20,
      "posto": "0,67"
    },{
      "rbr": 14,
      "naziv": "ZLATKO MILIŠA",
      "glasova": 24,
      "posto": "0,81"
    }]
  },{
    "rbr": 5,
    "stranke": [
      {"naziv": "MOŽEMO! - POLITIČKA PLATFORMA"},
      {"naziv": "HOĆEMO PRAVEDNO"}
    ],
    "jedinstvenaSifra": "255297",
    "glasova": 2464,
    "naziv": "MOŽEMO! - POLITIČKA PLATFORMA, HOĆEMO PRAVEDNO",
    "posto": "4,58",
    "lista": [{
      "rbr": 1,
      "naziv": "KATARINA KRUHONJA",
      "glasova": 438,
      "posto": "17,77"
    },{
      "rbr": 2,
      "naziv": "VIOLETA PANCER",
      "glasova": 43,
      "posto": "1,74"
    },{
      "rbr": 3,
      "naziv": "BORIS KIŠ",
      "glasova": 68,
      "posto": "2,75"
    },{
      "rbr": 4,
      "naziv": "HERMINE GORIKE-LUKIĆ",
      "glasova": 24,
      "posto": "0,97"
    },{
      "rbr": 5,
      "naziv": "MARKO BERBEROVIĆ",
      "glasova": 37,
      "posto": "1,50"
    },{
      "rbr": 6,
      "naziv": "VLADIMIR DIMIĆ",
      "glasova": 8,
      "posto": "0,32"
    },{
      "rbr": 7,
      "naziv": "MANDICA TOMAŠEVIĆ",
      "glasova": 53,
      "posto": "2,15"
    },{
      "rbr": 8,
      "naziv": "IVANA HENGL",
      "glasova": 56,
      "posto": "2,27"
    },{
      "rbr": 9,
      "naziv": "NADA STANKOVIĆ",
      "glasova": 18,
      "posto": "0,73"
    },{
      "rbr": 10,
      "naziv": "VLADIMIR CINDRIĆ",
      "glasova": 26,
      "posto": "1,05"
    },{
      "rbr": 11,
      "naziv": "IVAN ŠPIRANOVIĆ",
      "glasova": 23,
      "posto": "0,93"
    },{
      "rbr": 12,
      "naziv": "FRANJO DUBRAVKO ŠOKČEVIĆ",
      "glasova": 10,
      "posto": "0,40"
    },{
      "rbr": 13,
      "naziv": "VANDA JOSIĆ",
      "glasova": 22,
      "posto": "0,89"
    },{
      "rbr": 14,
      "naziv": "DANKO HEĆIMOVIĆ",
      "glasova": 64,
      "posto": "2,59"
    }]
  },{
    "rbr": 6,
    "stranke": [
      {"naziv": "UMIROVLJENICI ZAJEDNO - POLITIČKA PLATFORMA - UMIROVLJENICI ZAJEDNO"},
      {"naziv": "STRANKA UMIROVLJENIKA - SU"},
      {"naziv": "BLOK UMIROVLJENICI ZAJEDNO - BUZ"},
      {"naziv": "DEMOKRATSKA STRANKA UMIROVLJENIKA - DSU"}
    ],
    "jedinstvenaSifra": "039041102301",
    "glasova": 1252,
    "naziv": "UMIROVLJENICI ZAJEDNO, SU, BUZ, DSU",
    "posto": "2,33",
    "lista": [{
      "rbr": 1,
      "naziv": "IVICA BEŠIROVIĆ",
      "glasova": 234,
      "posto": "18,69"
    },{
      "rbr": 2,
      "naziv": "NEDELJKO BEZMAREVIĆ",
      "glasova": 24,
      "posto": "1,91"
    },{
      "rbr": 3,
      "naziv": "ZORISLAV BABIĆ",
      "glasova": 32,
      "posto": "2,55"
    },{
      "rbr": 4,
      "naziv": "BRANKA ŽIGIĆ",
      "glasova": 39,
      "posto": "3,11"
    },{
      "rbr": 5,
      "naziv": "MIJO LABAK",
      "glasova": 9,
      "posto": "0,71"
    },{
      "rbr": 6,
      "naziv": "ZORICA BUTORAC",
      "glasova": 36,
      "posto": "2,87"
    },{
      "rbr": 7,
      "naziv": "TOMO TRAC",
      "glasova": 7,
      "posto": "0,55"
    },{
      "rbr": 8,
      "naziv": "JASMINA GLEDIĆ",
      "glasova": 20,
      "posto": "1,59"
    },{
      "rbr": 9,
      "naziv": "NENAD PEIĆ",
      "glasova": 11,
      "posto": "0,87"
    },{
      "rbr": 10,
      "naziv": "STJEPAN BRANDIS",
      "glasova": 9,
      "posto": "0,71"
    },{
      "rbr": 11,
      "naziv": "KATICA KURIC",
      "glasova": 24,
      "posto": "1,91"
    },{
      "rbr": 12,
      "naziv": "MARKO MARKOVIĆ",
      "glasova": 9,
      "posto": "0,71"
    },{
      "rbr": 13,
      "naziv": "KSENIJA MARCIJUŠ",
      "glasova": 12,
      "posto": "0,95"
    },{
      "rbr": 14,
      "naziv": "VERA BAČANI",
      "glasova": 56,
      "posto": "4,47"
    }]
  },{
    "rbr": 7,
    "stranke": [
      {"naziv": "STRANKA IVANA PERNARA"}
    ],
    "jedinstvenaSifra": "259",
    "glasova": 589,
    "naziv": "STRANKA IVANA PERNARA",
    "posto": "1,09",
    "lista": [{
      "rbr": 1,
      "naziv": "DORIAN ROBAK",
      "glasova": 62,
      "posto": "10,52"
    },{
      "rbr": 2,
      "naziv": "MARKO DOMJANIĆ",
      "glasova": 20,
      "posto": "3,39"
    },{
      "rbr": 3,
      "naziv": "TENA KOŠA",
      "glasova": 26,
      "posto": "4,41"
    },{
      "rbr": 4,
      "naziv": "JESENIJA KLASIĆ",
      "glasova": 5,
      "posto": "0,84"
    },{
      "rbr": 5,
      "naziv": "DEJAN LUKIĆ",
      "glasova": 5,
      "posto": "0,84"
    },{
      "rbr": 6,
      "naziv": "HRVOJE PERNAR",
      "glasova": 90,
      "posto": "15,28"
    },{
      "rbr": 7,
      "naziv": "IVANA SALAI",
      "glasova": 5,
      "posto": "0,84"
    },{
      "rbr": 8,
      "naziv": "DINO OSMANAGIĆ",
      "glasova": 9,
      "posto": "1,52"
    },{
      "rbr": 9,
      "naziv": "KRISTINA MLINAREVIĆ",
      "glasova": 4,
      "posto": "0,67"
    },{
      "rbr": 10,
      "naziv": "NENAD BOJANIĆ",
      "glasova": 6,
      "posto": "1,01"
    },{
      "rbr": 11,
      "naziv": "MARIJA BEČIREVIĆ",
      "glasova": 9,
      "posto": "1,52"
    },{
      "rbr": 12,
      "naziv": "ROMAN PAVIĆ",
      "glasova": 1,
      "posto": "0,16"
    },{
      "rbr": 13,
      "naziv": "ALEN SEDLO",
      "glasova": 4,
      "posto": "0,67"
    },{
      "rbr": 14,
      "naziv": "IVANA RADMAN",
      "glasova": 20,
      "posto": "3,39"
    }]
  },{
    "rbr": 8,
    "stranke": [
      {"naziv": "SOCIJALDEMOKRATI"},
      {"naziv": "ISTARSKI DEMOKRATSKI SABOR - IDS"},
      {"naziv": "PRIMORSKO GORANSKI SAVEZ - PGS"},
      {"naziv": "HRVATSKI LABURISTI - STRANKA RADA - LABURISTI"},
      {"naziv": "DEMOKRATI"}
    ],
    "jedinstvenaSifra": "005006100251299",
    "glasova": 489,
    "naziv": "SOCIJALDEMOKRATI, IDS, PGS, LABURISTI, DEMOKRATI",
    "posto": "0,91",
    "lista": [{
      "rbr": 1,
      "naziv": "DOMAGOJ HAJDUKOVIĆ",
      "glasova": 166,
      "posto": "33,94"
    },{
      "rbr": 2,
      "naziv": "ROMANA NIKOLIĆ",
      "glasova": 56,
      "posto": "11,45"
    },{
      "rbr": 3,
      "naziv": "SEBASTIJAN SVAT",
      "glasova": 1,
      "posto": "0,20"
    },{
      "rbr": 4,
      "naziv": "IVAN BEGOVIĆ",
      "glasova": 5,
      "posto": "1,02"
    },{
      "rbr": 5,
      "naziv": "ANTONIJA KALAZIĆ",
      "glasova": 11,
      "posto": "2,24"
    },{
      "rbr": 6,
      "naziv": "SLAVIMIR BRKIĆ",
      "glasova": 1,
      "posto": "0,20"
    },{
      "rbr": 7,
      "naziv": "LUKA MAJETIĆ",
      "glasova": 18,
      "posto": "3,68"
    },{
      "rbr": 8,
      "naziv": "LJILJANA KOLOMBO",
      "glasova": 2,
      "posto": "0,40"
    },{
      "rbr": 9,
      "naziv": "IVAN KOLEDIĆ",
      "glasova": 4,
      "posto": "0,81"
    },{
      "rbr": 10,
      "naziv": "TAJANA OROZOVIĆ",
      "glasova": 4,
      "posto": "0,81"
    },{
      "rbr": 11,
      "naziv": "DARKO SALIMOVIĆ",
      "glasova": 0,
      "posto": "0,00"
    },{
      "rbr": 12,
      "naziv": "TOMISLAVA ŠTAINER LACKOVIĆ",
      "glasova": 10,
      "posto": "2,04"
    },{
      "rbr": 13,
      "naziv": "TEA ROŽIĆ",
      "glasova": 8,
      "posto": "1,63"
    },{
      "rbr": 14,
      "naziv": "DANIJEL STOJAKOVIĆ",
      "glasova": 7,
      "posto": "1,43"
    }]
  },{
    "rbr": 9,
    "stranke": [
      {"naziv": "ODLUČNOST I PRAVEDNOST - OIP"}
    ],
    "jedinstvenaSifra": "300",
    "glasova": 441,
    "naziv": "OIP",
    "posto": "0,82",
    "lista": [{
      "rbr": 1,
      "naziv": "IVICA DEBIĆ",
      "glasova": 49,
      "posto": "11,11"
    },{
      "rbr": 2,
      "naziv": "BRUNO SKRAČIĆ",
      "glasova": 2,
      "posto": "0,45"
    },{
      "rbr": 3,
      "naziv": "PETAR ČENGIĆ",
      "glasova": 2,
      "posto": "0,45"
    },{
      "rbr": 4,
      "naziv": "DAVOR ČAKIĆ",
      "glasova": 1,
      "posto": "0,22"
    },{
      "rbr": 5,
      "naziv": "DOLORES RIBA",
      "glasova": 18,
      "posto": "4,08"
    },{
      "rbr": 6,
      "naziv": "MARIO KRIŠTO",
      "glasova": 45,
      "posto": "10,20"
    },{
      "rbr": 7,
      "naziv": "ANTONIO ŠPEHAR",
      "glasova": 6,
      "posto": "1,36"
    },{
      "rbr": 8,
      "naziv": "DALIBOR LEPEN",
      "glasova": 3,
      "posto": "0,68"
    },{
      "rbr": 9,
      "naziv": "DAMIR JURKIN",
      "glasova": 2,
      "posto": "0,45"
    },{
      "rbr": 10,
      "naziv": "MAĆAŠ ROMER",
      "glasova": 1,
      "posto": "0,22"
    },{
      "rbr": 11,
      "naziv": "KSENIJA BILANDŽIĆ",
      "glasova": 16,
      "posto": "3,62"
    },{
      "rbr": 12,
      "naziv": "MIRKO BANDIĆ",
      "glasova": 10,
      "posto": "2,26"
    },{
      "rbr": 13,
      "naziv": "TANJA MAMIĆ-VIDOVIĆ",
      "glasova": 17,
      "posto": "3,85"
    },{
      "rbr": 14,
      "naziv": "DAMIR VUKIĆ",
      "glasova": 5,
      "posto": "1,13"
    }]
  },{
    "rbr": 10,
    "stranke": [
      {"naziv": "HRVATSKA STRANKA PRAVA - HSP"},
      {"naziv": "HRVATSKO BILO"},
      {"naziv": "HRVATSKA DEMOKRATSKA SELJAČKA STRANKA - HDSS"}
    ],
    "jedinstvenaSifra": "007018308",
    "glasova": 435,
    "naziv": "HSP, HRVATSKO BILO, HDSS",
    "posto": "0,81",
    "lista": [{
      "rbr": 1,
      "naziv": "MATO BUBAŠ",
      "glasova": 67,
      "posto": "15,40"
    },{
      "rbr": 2,
      "naziv": "KRUNOSLAV RADAČIĆ",
      "glasova": 21,
      "posto": "4,82"
    },{
      "rbr": 3,
      "naziv": "IVANA KRAČUN",
      "glasova": 9,
      "posto": "2,06"
    },{
      "rbr": 4,
      "naziv": "MIRKO PRITIŠANAC",
      "glasova": 5,
      "posto": "1,14"
    },{
      "rbr": 5,
      "naziv": "MARKO VRHOVAC",
      "glasova": 35,
      "posto": "8,04"
    },{
      "rbr": 6,
      "naziv": "INES SERDAR",
      "glasova": 15,
      "posto": "3,44"
    },{
      "rbr": 7,
      "naziv": "FRANJO KRALJIK",
      "glasova": 10,
      "posto": "2,29"
    },{
      "rbr": 8,
      "naziv": "NIKOLINA RAIČ",
      "glasova": 6,
      "posto": "1,37"
    },{
      "rbr": 9,
      "naziv": "SANJA REILI",
      "glasova": 3,
      "posto": "0,68"
    },{
      "rbr": 10,
      "naziv": "ELIZABETA BOŽIĆ",
      "glasova": 5,
      "posto": "1,14"
    },{
      "rbr": 11,
      "naziv": "NIKICA KRPAN",
      "glasova": 6,
      "posto": "1,37"
    },{
      "rbr": 12,
      "naziv": "KATICA DUVNJAK",
      "glasova": 12,
      "posto": "2,75"
    },{
      "rbr": 13,
      "naziv": "JELENA ŠKORVAGA",
      "glasova": 8,
      "posto": "1,83"
    },{
      "rbr": 14,
      "naziv": "PAVO TUTENOV",
      "glasova": 7,
      "posto": "1,60"
    }]
  },{
    "rbr": 11,
    "stranke": [
      {"naziv": "FOKUS"},
      {"naziv": "REPUBLIKA"}
    ],
    "jedinstvenaSifra": "270310",
    "glasova": 382,
    "naziv": "FOKUS, REPUBLIKA",
    "posto": "0,71",
    "lista": [{
      "rbr": 1,
      "naziv": "BERISLAV MLINAREVIĆ",
      "glasova": 90,
      "posto": "23,56"
    },{
      "rbr": 2,
      "naziv": "ROBERT PERIŠA",
      "glasova": 9,
      "posto": "2,35"
    },{
      "rbr": 3,
      "naziv": "MIRKO LUKAŠ",
      "glasova": 7,
      "posto": "1,83"
    },{
      "rbr": 4,
      "naziv": "ZLATKO ŠKRINJAR",
      "glasova": 14,
      "posto": "3,66"
    },{
      "rbr": 5,
      "naziv": "ANDREA ILEŠ",
      "glasova": 15,
      "posto": "3,92"
    },{
      "rbr": 6,
      "naziv": "ZVONKO BRDAR",
      "glasova": 14,
      "posto": "3,66"
    },{
      "rbr": 7,
      "naziv": "MILI PERKUŠIĆ",
      "glasova": 1,
      "posto": "0,26"
    },{
      "rbr": 8,
      "naziv": "KREŠIMIR CESTAR",
      "glasova": 17,
      "posto": "4,45"
    },{
      "rbr": 9,
      "naziv": "GORDANA LORDAN",
      "glasova": 1,
      "posto": "0,26"
    },{
      "rbr": 10,
      "naziv": "IVANA MAĐAR",
      "glasova": 10,
      "posto": "2,61"
    },{
      "rbr": 11,
      "naziv": "STJEPANA URSIĆ",
      "glasova": 2,
      "posto": "0,52"
    },{
      "rbr": 12,
      "naziv": "DANIELA PETROVIĆ",
      "glasova": 2,
      "posto": "0,52"
    },{
      "rbr": 13,
      "naziv": "VESNA BARIŠIĆ",
      "glasova": 7,
      "posto": "1,83"
    },{
      "rbr": 14,
      "naziv": "DOMINIK MIHALJEVIĆ",
      "glasova": 11,
      "posto": "2,87"
    }]
  },{
    "rbr": 12,
    "stranke": [
      {"naziv": "RADNIČKA FRONTA - RF"}
    ],
    "jedinstvenaSifra": "168",
    "glasova": 260,
    "naziv": "RF",
    "posto": "0,48",
    "lista": [{
      "rbr": 1,
      "naziv": "DRAGAN NEMET",
      "glasova": 35,
      "posto": "13,46"
    },{
      "rbr": 2,
      "naziv": "MARIJA ZORBAS",
      "glasova": 8,
      "posto": "3,07"
    },{
      "rbr": 3,
      "naziv": "VID ZUBIĆ",
      "glasova": 5,
      "posto": "1,92"
    },{
      "rbr": 4,
      "naziv": "MARINA TOPALOVIĆ",
      "glasova": 10,
      "posto": "3,84"
    },{
      "rbr": 5,
      "naziv": "NIKOLA FABIJANČIĆ",
      "glasova": 0,
      "posto": "0,00"
    },{
      "rbr": 6,
      "naziv": "LJUBICA CUMBO",
      "glasova": 2,
      "posto": "0,76"
    },{
      "rbr": 7,
      "naziv": "DIMITRIJE GRČIĆ",
      "glasova": 4,
      "posto": "1,53"
    },{
      "rbr": 8,
      "naziv": "MARIJA CAREVIĆ",
      "glasova": 3,
      "posto": "1,15"
    },{
      "rbr": 9,
      "naziv": "DAMIR ORUČ",
      "glasova": 3,
      "posto": "1,15"
    },{
      "rbr": 10,
      "naziv": "MILENA ĐURIĆ",
      "glasova": 5,
      "posto": "1,92"
    },{
      "rbr": 11,
      "naziv": "ALEKSANDAR KNEŽEVIĆ",
      "glasova": 8,
      "posto": "3,07"
    },{
      "rbr": 12,
      "naziv": "ALEKSANDRA PRICA",
      "glasova": 2,
      "posto": "0,76"
    },{
      "rbr": 13,
      "naziv": "SINIŠA BOŽIĆ",
      "glasova": 4,
      "posto": "1,53"
    },{
      "rbr": 14,
      "naziv": "VLADIMIR JURIĆ",
      "glasova": 9,
      "posto": "3,46"
    }]
  },{
    "rbr": 13,
    "stranke": [
      {"naziv": "AUTOHTONA - HRVATSKA STRANKA PRAVA - DRAŽEN KELEMINEC - A - HSP - Dražen Keleminec"}
    ],
    "jedinstvenaSifra": "049",
    "glasova": 238,
    "naziv": "A - HSP - Dražen Keleminec",
    "posto": "0,44",
    "lista": [{
      "rbr": 1,
      "naziv": "MILAN BINGULA",
      "glasova": 79,
      "posto": "33,19"
    },{
      "rbr": 2,
      "naziv": "MARIJAN IVANČAN",
      "glasova": 7,
      "posto": "2,94"
    },{
      "rbr": 3,
      "naziv": "JOSIP ZLATARIĆ",
      "glasova": 9,
      "posto": "3,78"
    },{
      "rbr": 4,
      "naziv": "JASENKO KARDUM",
      "glasova": 3,
      "posto": "1,26"
    },{
      "rbr": 5,
      "naziv": "JOSIP ŽUFIKA",
      "glasova": 10,
      "posto": "4,20"
    },{
      "rbr": 6,
      "naziv": "NEVENKA PINTAR",
      "glasova": 19,
      "posto": "7,98"
    },{
      "rbr": 7,
      "naziv": "ZDRAVKO RADIČIĆ",
      "glasova": 5,
      "posto": "2,10"
    },{
      "rbr": 8,
      "naziv": "ŽELJKA ARTUKOVIĆ",
      "glasova": 11,
      "posto": "4,62"
    },{
      "rbr": 9,
      "naziv": "DRAGOLJUB SLEPČEVIĆ",
      "glasova": 1,
      "posto": "0,42"
    },{
      "rbr": 10,
      "naziv": "IVICA APATIĆ",
      "glasova": 7,
      "posto": "2,94"
    },{
      "rbr": 11,
      "naziv": "JASMINKA JELAK",
      "glasova": 1,
      "posto": "0,42"
    },{
      "rbr": 12,
      "naziv": "ANA-MARIJA HAMARIĆ",
      "glasova": 0,
      "posto": "0,00"
    },{
      "rbr": 13,
      "naziv": "KATA KARDUM",
      "glasova": 5,
      "posto": "2,10"
    },{
      "rbr": 14,
      "naziv": "TEREZIJA KRAPINEC ZEBEC",
      "glasova": 6,
      "posto": "2,52"
    }]
  },{
    "rbr": 14,
    "stranke": [
      {"naziv": "PRAVEDNA HRVATSKA - PH"}
    ],
    "jedinstvenaSifra": "298",
    "glasova": 149,
    "naziv": "PH",
    "posto": "0,27",
    "lista": [{
      "rbr": 1,
      "naziv": "IGOR ŠTEPANKO",
      "glasova": 27,
      "posto": "18,12"
    },{
      "rbr": 2,
      "naziv": "DANIJEL KOVAČEVIĆ",
      "glasova": 8,
      "posto": "5,36"
    },{
      "rbr": 3,
      "naziv": "DRAŽEN MIJATOVIĆ",
      "glasova": 4,
      "posto": "2,68"
    },{
      "rbr": 4,
      "naziv": "BRANKA ŽUŽIĆ",
      "glasova": 2,
      "posto": "1,34"
    },{
      "rbr": 5,
      "naziv": "VEDRAN ŽAJA",
      "glasova": 5,
      "posto": "3,35"
    },{
      "rbr": 6,
      "naziv": "ĐURO MILČIĆ",
      "glasova": 0,
      "posto": "0,00"
    },{
      "rbr": 7,
      "naziv": "ĐURĐA KOVAČEVIĆ",
      "glasova": 3,
      "posto": "2,01"
    },{
      "rbr": 8,
      "naziv": "SLAVICA ŠTEPANKO",
      "glasova": 2,
      "posto": "1,34"
    },{
      "rbr": 9,
      "naziv": "ĐURO KOKOTIĆ",
      "glasova": 0,
      "posto": "0,00"
    },{
      "rbr": 10,
      "naziv": "TEA ŠTEPANKO",
      "glasova": 4,
      "posto": "2,68"
    },{
      "rbr": 11,
      "naziv": "VLADIMIR MLATILIK",
      "glasova": 1,
      "posto": "0,67"
    },{
      "rbr": 12,
      "naziv": "KATICA LILION ŽIVKOVIĆ",
      "glasova": 2,
      "posto": "1,34"
    },{
      "rbr": 13,
      "naziv": "ZVONIMIR DORČEC",
      "glasova": 5,
      "posto": "3,35"
    },{
      "rbr": 14,
      "naziv": "HELENA VARŽIĆ",
      "glasova": 6,
      "posto": "4,02"
    }]
  }]
}
