{
  "izbori": "Zastupnički izbori 2024",
  "datum": "17.04.2024.",
  "vrijeme": "21:30",
  "izboriOznaka": "02",
  "ijSifra": "008",
  "bmSifra": "000",
  "ijNaziv": "VIII. IZBORNA JEDINICA",
  "gropNaziv": "",
  "bmNaziv": "",
  "bmZatvoreno": 335,
  "bmUkupno": 817,
  "biraciUkupno": 98863,
  "biraciGlasovalo": 58055,
  "biraciGlasovaloPosto": "58,72",
  "listiciUkupno": 58040,
  "listiciVazeci": 56320,
  "listiciVazeciPosto": "97,04",
  "listiciNevazeci": 1720,
  "listiciNevazeciPosto": "2,96",
  "napomena": "* - objavljeni rezultati sadrže i podatke s posebnih biračkih mjesta te s biračkih mjesta u inozemstvu",
  "napomena2": "",
  "lista": [{
    "rbr": 1,
    "stranke": [
      {"naziv": "SOCIJALDEMOKRATSKA PARTIJA HRVATSKE - SDP"},
      {"naziv": "CENTAR"},
      {"naziv": "HRVATSKA SELJAČKA STRANKA - HSS"},
      {"naziv": "\"DALIJA OREŠKOVIĆ I LJUDI S IMENOM I PREZIMENOM\" - \"DO i SIP\""},
      {"naziv": "GRAĐANSKO-LIBERALNI SAVEZ - GLAS"}
    ],
    "jedinstvenaSifra": "004017179244306",
    "glasova": 17950,
    "naziv": "SDP, CENTAR, HSS, \"DO i SIP\", GLAS",
    "posto": "31,87",
    "lista": [{
      "rbr": 1,
      "naziv": "PEĐA GRBIN",
      "glasova": 5793,
      "posto": "32,27"
    },{
      "rbr": 2,
      "naziv": "MIRELA AHMETOVIĆ",
      "glasova": 2527,
      "posto": "14,07"
    },{
      "rbr": 3,
      "naziv": "ZLATKO KOMADINA",
      "glasova": 970,
      "posto": "5,40"
    },{
      "rbr": 4,
      "naziv": "SANJA RADOLOVIĆ",
      "glasova": 1040,
      "posto": "5,79"
    },{
      "rbr": 5,
      "naziv": "SAŠA ĐUJIĆ",
      "glasova": 215,
      "posto": "1,19"
    },{
      "rbr": 6,
      "naziv": "ANA PUŽ KUKULJAN",
      "glasova": 71,
      "posto": "0,39"
    },{
      "rbr": 7,
      "naziv": "MARIN RAČIĆ",
      "glasova": 55,
      "posto": "0,30"
    },{
      "rbr": 8,
      "naziv": "SLOBODAN FRUK",
      "glasova": 17,
      "posto": "0,09"
    },{
      "rbr": 9,
      "naziv": "MARKO FERENAC",
      "glasova": 439,
      "posto": "2,44"
    },{
      "rbr": 10,
      "naziv": "MARIA BLAŽINA",
      "glasova": 118,
      "posto": "0,65"
    },{
      "rbr": 11,
      "naziv": "KRISTIAN ČARAPIĆ",
      "glasova": 57,
      "posto": "0,31"
    },{
      "rbr": 12,
      "naziv": "BOJANA PUZIGAĆA",
      "glasova": 271,
      "posto": "1,50"
    },{
      "rbr": 13,
      "naziv": "NADJA POROPAT",
      "glasova": 61,
      "posto": "0,33"
    },{
      "rbr": 14,
      "naziv": "ŽELJKO JOVANOVIĆ",
      "glasova": 408,
      "posto": "2,27"
    }]
  },{
    "rbr": 2,
    "stranke": [
      {"naziv": "ISTARSKI DEMOKRATSKI SABOR - IDS"},
      {"naziv": "PRIMORSKO GORANSKI SAVEZ - PGS"},
      {"naziv": "UNIJA KVARNERA - UNIJA"},
      {"naziv": "ISTARSKA STRANKA UMIROVLJENIKA - PARTITO ISTRIANO DEI PENSIONATI - ISU - PIP"},
      {"naziv": "SOCIJALDEMOKRATI"},
      {"naziv": "NARODNA STRANKA - REFORMISTI - REFORMISTI"},
      {"naziv": "DEMOKRATI"},
      {"naziv": "HRVATSKI LABURISTI - STRANKA RADA - LABURISTI"}
    ],
    "jedinstvenaSifra": "005006100121162241251299",
    "glasova": 12208,
    "naziv": "IDS, PGS, UNIJA, ISU - PIP, SOCIJALDEMOKRATI, REFORMISTI, DEMOKRATI, LABURISTI",
    "posto": "21,67",
    "lista": [{
      "rbr": 1,
      "naziv": "DALIBOR PAUS",
      "glasova": 2194,
      "posto": "17,97"
    },{
      "rbr": 2,
      "naziv": "DARIJO VASILIĆ",
      "glasova": 1103,
      "posto": "9,03"
    },{
      "rbr": 3,
      "naziv": "VALTER GLAVIČIĆ",
      "glasova": 853,
      "posto": "6,98"
    },{
      "rbr": 4,
      "naziv": "LORIS PERŠURIĆ",
      "glasova": 1681,
      "posto": "13,76"
    },{
      "rbr": 5,
      "naziv": "HELGA MOŽÉ",
      "glasova": 83,
      "posto": "0,67"
    },{
      "rbr": 6,
      "naziv": "EMIL DAUS",
      "glasova": 1404,
      "posto": "11,50"
    },{
      "rbr": 7,
      "naziv": "TAJANA MASOVČIĆ",
      "glasova": 24,
      "posto": "0,19"
    },{
      "rbr": 8,
      "naziv": "LJILJANA MILOŠ",
      "glasova": 153,
      "posto": "1,25"
    },{
      "rbr": 9,
      "naziv": "TEA MIČIĆ BADURINA",
      "glasova": 45,
      "posto": "0,36"
    },{
      "rbr": 10,
      "naziv": "ANTEO MILOS",
      "glasova": 367,
      "posto": "3,00"
    },{
      "rbr": 11,
      "naziv": "KATARINA NEMET",
      "glasova": 140,
      "posto": "1,14"
    },{
      "rbr": 12,
      "naziv": "SENKA ŠUBAT",
      "glasova": 41,
      "posto": "0,33"
    },{
      "rbr": 13,
      "naziv": "MARKO PALIAGA",
      "glasova": 274,
      "posto": "2,24"
    },{
      "rbr": 14,
      "naziv": "MARKO BORAS MANDIĆ",
      "glasova": 192,
      "posto": "1,57"
    }]
  },{
    "rbr": 3,
    "stranke": [
      {"naziv": "HRVATSKA DEMOKRATSKA ZAJEDNICA - HDZ"},
      {"naziv": "HRVATSKA SOCIJALNO - LIBERALNA STRANKA - HSLS"},
      {"naziv": "HRVATSKA DEMOKRŠĆANSKA STRANKA - HDS"},
      {"naziv": "HRVATSKA NARODNA STRANKA - LIBERALNI DEMOKRATI - HNS"},
      {"naziv": "HRVATSKA STRANKA UMIROVLJENIKA - HSU"}
    ],
    "jedinstvenaSifra": "001002003011023",
    "glasova": 11606,
    "naziv": "HDZ, HSLS, HDS, HNS, HSU",
    "posto": "20,60",
    "lista": [{
      "rbr": 1,
      "naziv": "OLEG BUTKOVIĆ",
      "glasova": 5315,
      "posto": "45,79"
    },{
      "rbr": 2,
      "naziv": "ANTON KLIMAN",
      "glasova": 979,
      "posto": "8,43"
    },{
      "rbr": 3,
      "naziv": "JOSIP OSTROGOVIĆ",
      "glasova": 306,
      "posto": "2,63"
    },{
      "rbr": 4,
      "naziv": "TOMISLAV KLARIĆ",
      "glasova": 199,
      "posto": "1,71"
    },{
      "rbr": 5,
      "naziv": "IRENA HRSTIĆ",
      "glasova": 445,
      "posto": "3,83"
    },{
      "rbr": 6,
      "naziv": "ALEN RUŽIĆ",
      "glasova": 151,
      "posto": "1,30"
    },{
      "rbr": 7,
      "naziv": "JOSIP BORIĆ",
      "glasova": 83,
      "posto": "0,71"
    },{
      "rbr": 8,
      "naziv": "DAVOR ZUBOVIĆ",
      "glasova": 31,
      "posto": "0,26"
    },{
      "rbr": 9,
      "naziv": "ILIRJANA-CROATA MEDUR",
      "glasova": 26,
      "posto": "0,22"
    },{
      "rbr": 10,
      "naziv": "ANA KUČIĆ",
      "glasova": 120,
      "posto": "1,03"
    },{
      "rbr": 11,
      "naziv": "MARIO BRATULIĆ",
      "glasova": 518,
      "posto": "4,46"
    },{
      "rbr": 12,
      "naziv": "IVAN BUBIĆ",
      "glasova": 247,
      "posto": "2,12"
    },{
      "rbr": 13,
      "naziv": "KRISTJAN STANIČIĆ",
      "glasova": 59,
      "posto": "0,50"
    },{
      "rbr": 14,
      "naziv": "IVAN KIRIN",
      "glasova": 251,
      "posto": "2,16"
    }]
  },{
    "rbr": 4,
    "stranke": [
      {"naziv": "MOŽEMO! - POLITIČKA PLATFORMA"}
    ],
    "jedinstvenaSifra": "255",
    "glasova": 4532,
    "naziv": "MOŽEMO! - POLITIČKA PLATFORMA",
    "posto": "8,04",
    "lista": [{
      "rbr": 1,
      "naziv": "DUŠICA RADOJČIĆ",
      "glasova": 626,
      "posto": "13,81"
    },{
      "rbr": 2,
      "naziv": "MORENA LEKAN",
      "glasova": 187,
      "posto": "4,12"
    },{
      "rbr": 3,
      "naziv": "NEBOJŠA ZELIČ",
      "glasova": 109,
      "posto": "2,40"
    },{
      "rbr": 4,
      "naziv": "ENNA PEROŠ",
      "glasova": 98,
      "posto": "2,16"
    },{
      "rbr": 5,
      "naziv": "SLAVEN BOLJUN",
      "glasova": 94,
      "posto": "2,07"
    },{
      "rbr": 6,
      "naziv": "IVA DAVORIJA",
      "glasova": 53,
      "posto": "1,16"
    },{
      "rbr": 7,
      "naziv": "HANA PALEKA",
      "glasova": 39,
      "posto": "0,86"
    },{
      "rbr": 8,
      "naziv": "MIHA PAUS",
      "glasova": 43,
      "posto": "0,94"
    },{
      "rbr": 9,
      "naziv": "NOEL MIRKOVIĆ",
      "glasova": 43,
      "posto": "0,94"
    },{
      "rbr": 10,
      "naziv": "ANA FONOVIĆ",
      "glasova": 76,
      "posto": "1,67"
    },{
      "rbr": 11,
      "naziv": "RENATO STANKOVIĆ",
      "glasova": 25,
      "posto": "0,55"
    },{
      "rbr": 12,
      "naziv": "DANIEL ANTUNOVIĆ",
      "glasova": 30,
      "posto": "0,66"
    },{
      "rbr": 13,
      "naziv": "DRAGAN DRUŽETA",
      "glasova": 36,
      "posto": "0,79"
    },{
      "rbr": 14,
      "naziv": "SUZANA JAŠIĆ",
      "glasova": 443,
      "posto": "9,77"
    }]
  },{
    "rbr": 5,
    "stranke": [
      {"naziv": "MOST"},
      {"naziv": "HRVATSKI SUVERENISTI"},
      {"naziv": "HRVATSKA KONZERVATIVNA STRANKA - HKS"},
      {"naziv": "NEZAVISNA LISTA MLADIH - NLM"}
    ],
    "jedinstvenaSifra": "131165188263",
    "glasova": 2865,
    "naziv": "MOST, HRVATSKI SUVERENISTI, HKS, NLM",
    "posto": "5,08",
    "lista": [{
      "rbr": 1,
      "naziv": "MARIN MILETIĆ",
      "glasova": 1264,
      "posto": "44,11"
    },{
      "rbr": 2,
      "naziv": "IVAN VIDOVIĆ",
      "glasova": 218,
      "posto": "7,60"
    },{
      "rbr": 3,
      "naziv": "PETRA MANDIĆ",
      "glasova": 82,
      "posto": "2,86"
    },{
      "rbr": 4,
      "naziv": "LUKA JAKOPOVIĆ",
      "glasova": 15,
      "posto": "0,52"
    },{
      "rbr": 5,
      "naziv": "SILVIJA TERLEVIĆ",
      "glasova": 49,
      "posto": "1,71"
    },{
      "rbr": 6,
      "naziv": "MARIJAN ŠEGOTA",
      "glasova": 36,
      "posto": "1,25"
    },{
      "rbr": 7,
      "naziv": "SABINA MAROV",
      "glasova": 4,
      "posto": "0,13"
    },{
      "rbr": 8,
      "naziv": "BORIS ADŽIĆ",
      "glasova": 8,
      "posto": "0,27"
    },{
      "rbr": 9,
      "naziv": "JELENA ALESSIO",
      "glasova": 23,
      "posto": "0,80"
    },{
      "rbr": 10,
      "naziv": "VERICA ĆORKOVIĆ",
      "glasova": 6,
      "posto": "0,20"
    },{
      "rbr": 11,
      "naziv": "ORHAN SALI",
      "glasova": 3,
      "posto": "0,10"
    },{
      "rbr": 12,
      "naziv": "IZABELA ĐAKOVIĆ",
      "glasova": 9,
      "posto": "0,31"
    },{
      "rbr": 13,
      "naziv": "ALEKSANDAR-SAŠA MILAKOVIĆ",
      "glasova": 14,
      "posto": "0,48"
    },{
      "rbr": 14,
      "naziv": "JOSIP KATALINIĆ",
      "glasova": 31,
      "posto": "1,08"
    }]
  },{
    "rbr": 6,
    "stranke": [
      {"naziv": "DOMOVINSKI POKRET - DP"},
      {"naziv": "PRAVO I PRAVDA"}
    ],
    "jedinstvenaSifra": "267312",
    "glasova": 1979,
    "naziv": "DP, PRAVO I PRAVDA",
    "posto": "3,51",
    "lista": [{
      "rbr": 1,
      "naziv": "IVAN VILIBOR SINČIĆ",
      "glasova": 775,
      "posto": "39,16"
    },{
      "rbr": 2,
      "naziv": "BOŽANA KRISTIĆ",
      "glasova": 175,
      "posto": "8,84"
    },{
      "rbr": 3,
      "naziv": "MARINA BEG UMILJENOVIĆ",
      "glasova": 59,
      "posto": "2,98"
    },{
      "rbr": 4,
      "naziv": "SNJEŽANA BAŽAJ-BOĆKAI",
      "glasova": 27,
      "posto": "1,36"
    },{
      "rbr": 5,
      "naziv": "MATEA FILIPOVIĆ",
      "glasova": 33,
      "posto": "1,66"
    },{
      "rbr": 6,
      "naziv": "PAOLA VELLICO BATEL",
      "glasova": 11,
      "posto": "0,55"
    },{
      "rbr": 7,
      "naziv": "MILICA ERCEG",
      "glasova": 11,
      "posto": "0,55"
    },{
      "rbr": 8,
      "naziv": "IVICA KRSTAŠ",
      "glasova": 15,
      "posto": "0,75"
    },{
      "rbr": 9,
      "naziv": "RITA UJČIĆ",
      "glasova": 24,
      "posto": "1,21"
    },{
      "rbr": 10,
      "naziv": "MARIJAN ZOVIĆ",
      "glasova": 22,
      "posto": "1,11"
    },{
      "rbr": 11,
      "naziv": "DENI JANKO",
      "glasova": 7,
      "posto": "0,35"
    },{
      "rbr": 12,
      "naziv": "ZORAN STJEPANOVIĆ",
      "glasova": 13,
      "posto": "0,65"
    },{
      "rbr": 13,
      "naziv": "FRANJO BARTOLAC",
      "glasova": 34,
      "posto": "1,71"
    },{
      "rbr": 14,
      "naziv": "DAVOR POPOVIĆ",
      "glasova": 24,
      "posto": "1,21"
    }]
  },{
    "rbr": 7,
    "stranke": [
      {"naziv": "RADNIČKA FRONTA - RF"}
    ],
    "jedinstvenaSifra": "168",
    "glasova": 1400,
    "naziv": "RF",
    "posto": "2,48",
    "lista": [{
      "rbr": 1,
      "naziv": "KATARINA PEOVIĆ",
      "glasova": 837,
      "posto": "59,78"
    },{
      "rbr": 2,
      "naziv": "GORAN MATIĆ",
      "glasova": 15,
      "posto": "1,07"
    },{
      "rbr": 3,
      "naziv": "KARIN GRGOROVIĆ",
      "glasova": 5,
      "posto": "0,35"
    },{
      "rbr": 4,
      "naziv": "BORIS KAPURALIN",
      "glasova": 6,
      "posto": "0,42"
    },{
      "rbr": 5,
      "naziv": "DUBRAVKA KOVAČEVIĆ",
      "glasova": 5,
      "posto": "0,35"
    },{
      "rbr": 6,
      "naziv": "ENIS ČAUŠEVIĆ",
      "glasova": 8,
      "posto": "0,57"
    },{
      "rbr": 7,
      "naziv": "GORDANA VUDRAGOVIĆ",
      "glasova": 6,
      "posto": "0,42"
    },{
      "rbr": 8,
      "naziv": "NIJAZ DELIĆ",
      "glasova": 14,
      "posto": "1,00"
    },{
      "rbr": 9,
      "naziv": "NATALIJA STEFANOVIĆ",
      "glasova": 7,
      "posto": "0,50"
    },{
      "rbr": 10,
      "naziv": "BOJAN BIRK",
      "glasova": 7,
      "posto": "0,50"
    },{
      "rbr": 11,
      "naziv": "BISERKA MOMČINOVIĆ",
      "glasova": 4,
      "posto": "0,28"
    },{
      "rbr": 12,
      "naziv": "ALEKSANDAR ALOBIĆ",
      "glasova": 4,
      "posto": "0,28"
    },{
      "rbr": 13,
      "naziv": "IZVOR RUKAVINA",
      "glasova": 9,
      "posto": "0,64"
    },{
      "rbr": 14,
      "naziv": "LEMS JERIN",
      "glasova": 20,
      "posto": "1,42"
    }]
  },{
    "rbr": 8,
    "stranke": [
      {"naziv": "FOKUS"},
      {"naziv": "REPUBLIKA"}
    ],
    "jedinstvenaSifra": "270310",
    "glasova": 1178,
    "naziv": "FOKUS, REPUBLIKA",
    "posto": "2,09",
    "lista": [{
      "rbr": 1,
      "naziv": "GORDANA DERANJA",
      "glasova": 327,
      "posto": "27,75"
    },{
      "rbr": 2,
      "naziv": "LORAN MILANOVIĆ",
      "glasova": 36,
      "posto": "3,05"
    },{
      "rbr": 3,
      "naziv": "DAMIR PRHAT",
      "glasova": 56,
      "posto": "4,75"
    },{
      "rbr": 4,
      "naziv": "DAMIR GRÜNBAUM",
      "glasova": 8,
      "posto": "0,67"
    },{
      "rbr": 5,
      "naziv": "MILAN PERKOVIĆ",
      "glasova": 13,
      "posto": "1,10"
    },{
      "rbr": 6,
      "naziv": "IVA DELLABERNARDINA",
      "glasova": 37,
      "posto": "3,14"
    },{
      "rbr": 7,
      "naziv": "NIKOLINA BENIĆ",
      "glasova": 12,
      "posto": "1,01"
    },{
      "rbr": 8,
      "naziv": "PATRICIJA VANĐELIĆ",
      "glasova": 154,
      "posto": "13,07"
    },{
      "rbr": 9,
      "naziv": "MARIJA VIRKES",
      "glasova": 6,
      "posto": "0,50"
    },{
      "rbr": 10,
      "naziv": "NENAD ŠĆULAC",
      "glasova": 30,
      "posto": "2,54"
    },{
      "rbr": 11,
      "naziv": "DENIS KIŠ",
      "glasova": 7,
      "posto": "0,59"
    },{
      "rbr": 12,
      "naziv": "MARIJA VARŽIĆ GOLUBIĆ",
      "glasova": 5,
      "posto": "0,42"
    },{
      "rbr": 13,
      "naziv": "IGOR LUKEŽ",
      "glasova": 10,
      "posto": "0,84"
    },{
      "rbr": 14,
      "naziv": "ANDREJ RADETIĆ",
      "glasova": 8,
      "posto": "0,67"
    }]
  },{
    "rbr": 9,
    "stranke": [
      {"naziv": "UMIROVLJENICI ZAJEDNO - POLITIČKA PLATFORMA - UMIROVLJENICI ZAJEDNO"},
      {"naziv": "STRANKA UMIROVLJENIKA - SU"},
      {"naziv": "BLOK UMIROVLJENICI ZAJEDNO - BUZ"},
      {"naziv": "DEMOKRATSKA STRANKA UMIROVLJENIKA - DSU"}
    ],
    "jedinstvenaSifra": "039041102301",
    "glasova": 1044,
    "naziv": "UMIROVLJENICI ZAJEDNO, SU, BUZ, DSU",
    "posto": "1,85",
    "lista": [{
      "rbr": 1,
      "naziv": "MARIJA PALAZIOL",
      "glasova": 168,
      "posto": "16,09"
    },{
      "rbr": 2,
      "naziv": "ANĐELKA BIJELONJIĆ",
      "glasova": 22,
      "posto": "2,10"
    },{
      "rbr": 3,
      "naziv": "EUFEMIA MIŠIĆ",
      "glasova": 11,
      "posto": "1,05"
    },{
      "rbr": 4,
      "naziv": "MIRKO BIJELONJIĆ",
      "glasova": 10,
      "posto": "0,95"
    },{
      "rbr": 5,
      "naziv": "DENIS PAULETIĆ",
      "glasova": 66,
      "posto": "6,32"
    },{
      "rbr": 6,
      "naziv": "VLADIMIR ŠIMUNIĆ",
      "glasova": 4,
      "posto": "0,38"
    },{
      "rbr": 7,
      "naziv": "DARKO ŠEGOTA",
      "glasova": 37,
      "posto": "3,54"
    },{
      "rbr": 8,
      "naziv": "BLAŽENKA BERGIĆ",
      "glasova": 12,
      "posto": "1,14"
    },{
      "rbr": 9,
      "naziv": "BRANKO BIJELONJIĆ",
      "glasova": 7,
      "posto": "0,67"
    },{
      "rbr": 10,
      "naziv": "VESNA MATOŠEVIĆ",
      "glasova": 31,
      "posto": "2,96"
    },{
      "rbr": 11,
      "naziv": "ŽELJKO BILIĆ",
      "glasova": 23,
      "posto": "2,20"
    },{
      "rbr": 12,
      "naziv": "CHRISTINE BIBALO-BALAŠKO",
      "glasova": 2,
      "posto": "0,19"
    },{
      "rbr": 13,
      "naziv": "MILORAD KARDUM",
      "glasova": 7,
      "posto": "0,67"
    },{
      "rbr": 14,
      "naziv": "JOSIP PULIĆ",
      "glasova": 15,
      "posto": "1,43"
    }]
  },{
    "rbr": 10,
    "stranke": [
      {"naziv": "STRANKA IVANA PERNARA"}
    ],
    "jedinstvenaSifra": "259",
    "glasova": 508,
    "naziv": "STRANKA IVANA PERNARA",
    "posto": "0,90",
    "lista": [{
      "rbr": 1,
      "naziv": "IVANA ŠAIN",
      "glasova": 89,
      "posto": "17,51"
    },{
      "rbr": 2,
      "naziv": "VLADIMIR LEON KELLER",
      "glasova": 35,
      "posto": "6,88"
    },{
      "rbr": 3,
      "naziv": "DENI RAKOVIĆ",
      "glasova": 28,
      "posto": "5,51"
    },{
      "rbr": 4,
      "naziv": "ANGELINA PRPIĆ",
      "glasova": 14,
      "posto": "2,75"
    },{
      "rbr": 5,
      "naziv": "BENITO LJUBOVIĆ",
      "glasova": 6,
      "posto": "1,18"
    },{
      "rbr": 6,
      "naziv": "ENA BABIĆ",
      "glasova": 8,
      "posto": "1,57"
    },{
      "rbr": 7,
      "naziv": "FILIP MARIĆ",
      "glasova": 15,
      "posto": "2,95"
    },{
      "rbr": 8,
      "naziv": "NINA ŠIMONOVIĆ",
      "glasova": 6,
      "posto": "1,18"
    },{
      "rbr": 9,
      "naziv": "STEFANO VIDONIS",
      "glasova": 2,
      "posto": "0,39"
    },{
      "rbr": 10,
      "naziv": "GORDANA VIDAK",
      "glasova": 4,
      "posto": "0,78"
    },{
      "rbr": 11,
      "naziv": "ROKO ORLOVIĆ",
      "glasova": 5,
      "posto": "0,98"
    },{
      "rbr": 12,
      "naziv": "LEAN MARETIĆ",
      "glasova": 14,
      "posto": "2,75"
    },{
      "rbr": 13,
      "naziv": "DANIJELA HORVAT",
      "glasova": 8,
      "posto": "1,57"
    },{
      "rbr": 14,
      "naziv": "MIRSADA IMŠIROVIĆ",
      "glasova": 13,
      "posto": "2,55"
    }]
  },{
    "rbr": 11,
    "stranke": [
      {"naziv": "ODLUČNOST I PRAVEDNOST - OIP"}
    ],
    "jedinstvenaSifra": "300",
    "glasova": 436,
    "naziv": "OIP",
    "posto": "0,77",
    "lista": [{
      "rbr": 1,
      "naziv": "HRVOJE ŽUPARIĆ",
      "glasova": 65,
      "posto": "14,90"
    },{
      "rbr": 2,
      "naziv": "ANDRIJA RUŽIĆ",
      "glasova": 12,
      "posto": "2,75"
    },{
      "rbr": 3,
      "naziv": "BOJAN VUKOREPA",
      "glasova": 15,
      "posto": "3,44"
    },{
      "rbr": 4,
      "naziv": "FANI RADOVAN RIGOVIĆ",
      "glasova": 5,
      "posto": "1,14"
    },{
      "rbr": 5,
      "naziv": "TIHOMIR KRALJEVIĆ",
      "glasova": 3,
      "posto": "0,68"
    },{
      "rbr": 6,
      "naziv": "SENAD BEGIĆ",
      "glasova": 7,
      "posto": "1,60"
    },{
      "rbr": 7,
      "naziv": "EDO ŠARUNIĆ",
      "glasova": 2,
      "posto": "0,45"
    },{
      "rbr": 8,
      "naziv": "ANTO LUJIĆ",
      "glasova": 5,
      "posto": "1,14"
    },{
      "rbr": 9,
      "naziv": "ZORAN ANDRIĆ",
      "glasova": 4,
      "posto": "0,91"
    },{
      "rbr": 10,
      "naziv": "TONI GJAJA",
      "glasova": 1,
      "posto": "0,22"
    },{
      "rbr": 11,
      "naziv": "LEONARDO ŠALIĆ",
      "glasova": 2,
      "posto": "0,45"
    },{
      "rbr": 12,
      "naziv": "MILKA LOZIĆ",
      "glasova": 4,
      "posto": "0,91"
    },{
      "rbr": 13,
      "naziv": "MARTA MATANOVIĆ",
      "glasova": 9,
      "posto": "2,06"
    },{
      "rbr": 14,
      "naziv": "VESNA JAKOPOVIĆ",
      "glasova": 25,
      "posto": "5,73"
    }]
  },{
    "rbr": 12,
    "stranke": [
      {"naziv": "HRVATSKA STRANKA PRAVA - HSP"},
      {"naziv": "HRVATSKO BILO"},
      {"naziv": "HRVATSKA DEMOKRATSKA SELJAČKA STRANKA - HDSS"}
    ],
    "jedinstvenaSifra": "007018308",
    "glasova": 282,
    "naziv": "HSP, HRVATSKO BILO, HDSS",
    "posto": "0,50",
    "lista": [{
      "rbr": 1,
      "naziv": "MARIN BUBANJ",
      "glasova": 76,
      "posto": "26,95"
    },{
      "rbr": 2,
      "naziv": "STIPICA BAŠKARAD",
      "glasova": 5,
      "posto": "1,77"
    },{
      "rbr": 3,
      "naziv": "NIKO PUŠELJA",
      "glasova": 2,
      "posto": "0,70"
    },{
      "rbr": 4,
      "naziv": "GABRIJELA ANIČIĆ",
      "glasova": 9,
      "posto": "3,19"
    },{
      "rbr": 5,
      "naziv": "ELVIRA MARIĆ",
      "glasova": 5,
      "posto": "1,77"
    },{
      "rbr": 6,
      "naziv": "TATJANA SMOJVER-SILOV",
      "glasova": 1,
      "posto": "0,35"
    },{
      "rbr": 7,
      "naziv": "DANICA MARKOVIĆ",
      "glasova": 6,
      "posto": "2,12"
    },{
      "rbr": 8,
      "naziv": "LJUBICA ŠEVERDIJA",
      "glasova": 8,
      "posto": "2,83"
    },{
      "rbr": 9,
      "naziv": "NIVES KLJAJIĆ",
      "glasova": 0,
      "posto": "0,00"
    },{
      "rbr": 10,
      "naziv": "DUBRAVKO MARŠAL",
      "glasova": 3,
      "posto": "1,06"
    },{
      "rbr": 11,
      "naziv": "SLAVKO VRBAN",
      "glasova": 2,
      "posto": "0,70"
    },{
      "rbr": 12,
      "naziv": "MIROSLAV MARKOVIĆ",
      "glasova": 3,
      "posto": "1,06"
    },{
      "rbr": 13,
      "naziv": "DEJAN ILIJIĆ",
      "glasova": 5,
      "posto": "1,77"
    },{
      "rbr": 14,
      "naziv": "ROBERT CIFREK",
      "glasova": 12,
      "posto": "4,25"
    }]
  },{
    "rbr": 13,
    "stranke": [
      {"naziv": "SOCIJALISTIČKA RADNIČKA PARTIJA HRVATSKE - SRP"}
    ],
    "jedinstvenaSifra": "029",
    "glasova": 178,
    "naziv": "SRP",
    "posto": "0,31",
    "lista": [{
      "rbr": 1,
      "naziv": "VLADIMIR KAPURALIN",
      "glasova": 37,
      "posto": "20,78"
    },{
      "rbr": 2,
      "naziv": "DAVOR RAKIĆ",
      "glasova": 5,
      "posto": "2,80"
    },{
      "rbr": 3,
      "naziv": "ULIANA MOSCARDA",
      "glasova": 8,
      "posto": "4,49"
    },{
      "rbr": 4,
      "naziv": "MILOŠ MITROVIĆ",
      "glasova": 8,
      "posto": "4,49"
    },{
      "rbr": 5,
      "naziv": "RANKA ČIČOVAČKI",
      "glasova": 0,
      "posto": "0,00"
    },{
      "rbr": 6,
      "naziv": "LUCA ANTONIO ŠURAN",
      "glasova": 3,
      "posto": "1,68"
    },{
      "rbr": 7,
      "naziv": "RUŽA KNEŽEVIĆ",
      "glasova": 1,
      "posto": "0,56"
    },{
      "rbr": 8,
      "naziv": "MARIN BRKLJAČA",
      "glasova": 4,
      "posto": "2,24"
    },{
      "rbr": 9,
      "naziv": "DANICA OBREZA",
      "glasova": 0,
      "posto": "0,00"
    },{
      "rbr": 10,
      "naziv": "LUKA ERCEGOVIĆ",
      "glasova": 1,
      "posto": "0,56"
    },{
      "rbr": 11,
      "naziv": "ZAHIDA DEDUKIĆ",
      "glasova": 3,
      "posto": "1,68"
    },{
      "rbr": 12,
      "naziv": "SLOBODAN OBREZA",
      "glasova": 1,
      "posto": "0,56"
    },{
      "rbr": 13,
      "naziv": "ILONA ŠIMIČIĆ",
      "glasova": 2,
      "posto": "1,12"
    },{
      "rbr": 14,
      "naziv": "DARKO MILIĆ",
      "glasova": 1,
      "posto": "0,56"
    }]
  },{
    "rbr": 14,
    "stranke": [
      {"naziv": "AUTOHTONA - HRVATSKA STRANKA PRAVA - DRAŽEN KELEMINEC - A - HSP - Dražen Keleminec"}
    ],
    "jedinstvenaSifra": "049",
    "glasova": 154,
    "naziv": "A - HSP - Dražen Keleminec",
    "posto": "0,27",
    "lista": [{
      "rbr": 1,
      "naziv": "JURE HULJEV",
      "glasova": 25,
      "posto": "16,23"
    },{
      "rbr": 2,
      "naziv": "DALIBOR FUĆAK",
      "glasova": 9,
      "posto": "5,84"
    },{
      "rbr": 3,
      "naziv": "ANDRIJA ŠKRIBULJA",
      "glasova": 2,
      "posto": "1,29"
    },{
      "rbr": 4,
      "naziv": "VJEKOSLAV JOVIĆ",
      "glasova": 4,
      "posto": "2,59"
    },{
      "rbr": 5,
      "naziv": "ANKA ĐURIŠIĆ",
      "glasova": 5,
      "posto": "3,24"
    },{
      "rbr": 6,
      "naziv": "ZLATKO OREŠKOVIĆ",
      "glasova": 8,
      "posto": "5,19"
    },{
      "rbr": 7,
      "naziv": "TIHOMIR MESAROV",
      "glasova": 1,
      "posto": "0,64"
    },{
      "rbr": 8,
      "naziv": "ZORAN ŠAJKOVIĆ",
      "glasova": 9,
      "posto": "5,84"
    },{
      "rbr": 9,
      "naziv": "SENKA DURDOV",
      "glasova": 0,
      "posto": "0,00"
    },{
      "rbr": 10,
      "naziv": "HRVOJE DRAGANIĆ",
      "glasova": 3,
      "posto": "1,94"
    },{
      "rbr": 11,
      "naziv": "TOMISLAV RUKAVINA",
      "glasova": 7,
      "posto": "4,54"
    },{
      "rbr": 12,
      "naziv": "MILAN ŽUFIKA",
      "glasova": 5,
      "posto": "3,24"
    },{
      "rbr": 13,
      "naziv": "ZORAN POSTRUŽIN",
      "glasova": 1,
      "posto": "0,64"
    },{
      "rbr": 14,
      "naziv": "MIRKO KOROŠEC",
      "glasova": 9,
      "posto": "5,84"
    }]
  }]
}
